<?xml version="1.0" encoding="UTF-8" standalone="yes"?>
<p:sldMaster xmlns:a="http://schemas.openxmlformats.org/drawingml/2006/main" xmlns:r="http://schemas.openxmlformats.org/officeDocument/2006/relationships" xmlns:p="http://schemas.openxmlformats.org/presentationml/2006/main"><p:cSld name="simple-light-2"><p:bg><p:bgPr><a:solidFill><a:schemeClr val="accent3"/></a:solidFill><a:effectLst/></p:bgPr></p:bg><p:spTree><p:nvGrpSpPr><p:cNvPr id="1" name="Shape 5"/><p:cNvGrpSpPr/><p:nvPr/></p:nvGrpSpPr><p:grpSpPr><a:xfrm><a:off x="0" y="0"/><a:ext cx="0" cy="0"/><a:chOff x="0" y="0"/><a:chExt cx="0" cy="0"/></a:xfrm></p:grpSpPr><p:sp><p:nvSpPr><p:cNvPr id="6" name="Google Shape;6;p1"/><p:cNvSpPr txBox="1"><a:spLocks noGrp="1"/></p:cNvSpPr><p:nvPr><p:ph type="title"/></p:nvPr></p:nvSpPr><p:spPr><a:xfrm><a:off x="599025" y="445025"/><a:ext cx="7946100" cy="572700"/></a:xfrm><a:prstGeom prst="rect"><a:avLst/></a:prstGeom><a:noFill/><a:ln><a:noFill/></a:ln></p:spPr><p:txBody><a:bodyPr spcFirstLastPara="1" wrap="square" lIns="91425" tIns="91425" rIns="91425" bIns="91425" anchor="t" anchorCtr="0"><a:noAutofit/></a:bodyPr><a:lstStyle><a:lvl1pPr lvl="0"><a:spcBef><a:spcPts val="0"/></a:spcBef><a:spcAft><a:spcPts val="0"/></a:spcAft><a:buClr><a:schemeClr val="accent1"/></a:buClr><a:buSzPts val="4000"/><a:buFont typeface="Just Another Hand"/><a:buNone/><a:defRPr sz="4000"><a:solidFill><a:schemeClr val="accent1"/></a:solidFill><a:latin typeface="Just Another Hand"/><a:ea typeface="Just Another Hand"/><a:cs typeface="Just Another Hand"/><a:sym typeface="Just Another Hand"/></a:defRPr></a:lvl1pPr><a:lvl2pPr lvl="1"><a:spcBef><a:spcPts val="0"/></a:spcBef><a:spcAft><a:spcPts val="0"/></a:spcAft><a:buClr><a:schemeClr val="dk1"/></a:buClr><a:buSzPts val="3800"/><a:buFont typeface="Montserrat"/><a:buNone/><a:defRPr sz="3800" b="1"><a:solidFill><a:schemeClr val="dk1"/></a:solidFill><a:latin typeface="Montserrat"/><a:ea typeface="Montserrat"/><a:cs typeface="Montserrat"/><a:sym typeface="Montserrat"/></a:defRPr></a:lvl2pPr><a:lvl3pPr lvl="2"><a:spcBef><a:spcPts val="0"/></a:spcBef><a:spcAft><a:spcPts val="0"/></a:spcAft><a:buClr><a:schemeClr val="dk1"/></a:buClr><a:buSzPts val="3800"/><a:buFont typeface="Montserrat"/><a:buNone/><a:defRPr sz="3800" b="1"><a:solidFill><a:schemeClr val="dk1"/></a:solidFill><a:latin typeface="Montserrat"/><a:ea typeface="Montserrat"/><a:cs typeface="Montserrat"/><a:sym typeface="Montserrat"/></a:defRPr></a:lvl3pPr><a:lvl4pPr lvl="3"><a:spcBef><a:spcPts val="0"/></a:spcBef><a:spcAft><a:spcPts val="0"/></a:spcAft><a:buClr><a:schemeClr val="dk1"/></a:buClr><a:buSzPts val="3800"/><a:buFont typeface="Montserrat"/><a:buNone/><a:defRPr sz="3800" b="1"><a:solidFill><a:schemeClr val="dk1"/></a:solidFill><a:latin typeface="Montserrat"/><a:ea typeface="Montserrat"/><a:cs typeface="Montserrat"/><a:sym typeface="Montserrat"/></a:defRPr></a:lvl4pPr><a:lvl5pPr lvl="4"><a:spcBef><a:spcPts val="0"/></a:spcBef><a:spcAft><a:spcPts val="0"/></a:spcAft><a:buClr><a:schemeClr val="dk1"/></a:buClr><a:buSzPts val="3800"/><a:buFont typeface="Montserrat"/><a:buNone/><a:defRPr sz="3800" b="1"><a:solidFill><a:schemeClr val="dk1"/></a:solidFill><a:latin typeface="Montserrat"/><a:ea typeface="Montserrat"/><a:cs typeface="Montserrat"/><a:sym typeface="Montserrat"/></a:defRPr></a:lvl5pPr><a:lvl6pPr lvl="5"><a:spcBef><a:spcPts val="0"/></a:spcBef><a:spcAft><a:spcPts val="0"/></a:spcAft><a:buClr><a:schemeClr val="dk1"/></a:buClr><a:buSzPts val="3800"/><a:buFont typeface="Montserrat"/><a:buNone/><a:defRPr sz="3800" b="1"><a:solidFill><a:schemeClr val="dk1"/></a:solidFill><a:latin typeface="Montserrat"/><a:ea typeface="Montserrat"/><a:cs typeface="Montserrat"/><a:sym typeface="Montserrat"/></a:defRPr></a:lvl6pPr><a:lvl7pPr lvl="6"><a:spcBef><a:spcPts val="0"/></a:spcBef><a:spcAft><a:spcPts val="0"/></a:spcAft><a:buClr><a:schemeClr val="dk1"/></a:buClr><a:buSzPts val="3800"/><a:buFont typeface="Montserrat"/><a:buNone/><a:defRPr sz="3800" b="1"><a:solidFill><a:schemeClr val="dk1"/></a:solidFill><a:latin typeface="Montserrat"/><a:ea typeface="Montserrat"/><a:cs typeface="Montserrat"/><a:sym typeface="Montserrat"/></a:defRPr></a:lvl7pPr><a:lvl8pPr lvl="7"><a:spcBef><a:spcPts val="0"/></a:spcBef><a:spcAft><a:spcPts val="0"/></a:spcAft><a:buClr><a:schemeClr val="dk1"/></a:buClr><a:buSzPts val="3800"/><a:buFont typeface="Montserrat"/><a:buNone/><a:defRPr sz="3800" b="1"><a:solidFill><a:schemeClr val="dk1"/></a:solidFill><a:latin typeface="Montserrat"/><a:ea typeface="Montserrat"/><a:cs typeface="Montserrat"/><a:sym typeface="Montserrat"/></a:defRPr></a:lvl8pPr><a:lvl9pPr lvl="8"><a:spcBef><a:spcPts val="0"/></a:spcBef><a:spcAft><a:spcPts val="0"/></a:spcAft><a:buClr><a:schemeClr val="dk1"/></a:buClr><a:buSzPts val="3800"/><a:buFont typeface="Montserrat"/><a:buNone/><a:defRPr sz="3800" b="1"><a:solidFill><a:schemeClr val="dk1"/></a:solidFill><a:latin typeface="Montserrat"/><a:ea typeface="Montserrat"/><a:cs typeface="Montserrat"/><a:sym typeface="Montserrat"/></a:defRPr></a:lvl9pPr></a:lstStyle><a:p><a:endParaRPr/></a:p></p:txBody></p:sp><p:sp><p:nvSpPr><p:cNvPr id="7" name="Google Shape;7;p1"/><p:cNvSpPr txBox="1"><a:spLocks noGrp="1"/></p:cNvSpPr><p:nvPr><p:ph type="body" idx="1"/></p:nvPr></p:nvSpPr><p:spPr><a:xfrm><a:off x="599025" y="1152475"/><a:ext cx="7946100" cy="3416400"/></a:xfrm><a:prstGeom prst="rect"><a:avLst/></a:prstGeom><a:noFill/><a:ln><a:noFill/></a:ln></p:spPr><p:txBody><a:bodyPr spcFirstLastPara="1" wrap="square" lIns="91425" tIns="91425" rIns="91425" bIns="91425" anchor="t" anchorCtr="0"><a:noAutofit/></a:bodyPr><a:lstStyle><a:lvl1pPr marL="457200" lvl="0" indent="-317500"><a:lnSpc><a:spcPct val="115000"/></a:lnSpc><a:spcBef><a:spcPts val="0"/></a:spcBef><a:spcAft><a:spcPts val="0"/></a:spcAft><a:buClr><a:schemeClr val="dk1"/></a:buClr><a:buSzPts val="1400"/><a:buFont typeface="Lato"/><a:buChar char="●"/><a:defRPr><a:solidFill><a:schemeClr val="dk1"/></a:solidFill><a:latin typeface="Lato"/><a:ea typeface="Lato"/><a:cs typeface="Lato"/><a:sym typeface="Lato"/></a:defRPr></a:lvl1pPr><a:lvl2pPr marL="914400" lvl="1" indent="-317500"><a:lnSpc><a:spcPct val="115000"/></a:lnSpc><a:spcBef><a:spcPts val="1600"/></a:spcBef><a:spcAft><a:spcPts val="0"/></a:spcAft><a:buClr><a:schemeClr val="dk1"/></a:buClr><a:buSzPts val="1400"/><a:buFont typeface="Lato"/><a:buChar char="○"/><a:defRPr><a:solidFill><a:schemeClr val="dk1"/></a:solidFill><a:latin typeface="Lato"/><a:ea typeface="Lato"/><a:cs typeface="Lato"/><a:sym typeface="Lato"/></a:defRPr></a:lvl2pPr><a:lvl3pPr marL="1371600" lvl="2" indent="-317500"><a:lnSpc><a:spcPct val="115000"/></a:lnSpc><a:spcBef><a:spcPts val="1600"/></a:spcBef><a:spcAft><a:spcPts val="0"/></a:spcAft><a:buClr><a:schemeClr val="dk1"/></a:buClr><a:buSzPts val="1400"/><a:buFont typeface="Lato"/><a:buChar char="■"/><a:defRPr><a:solidFill><a:schemeClr val="dk1"/></a:solidFill><a:latin typeface="Lato"/><a:ea typeface="Lato"/><a:cs typeface="Lato"/><a:sym typeface="Lato"/></a:defRPr></a:lvl3pPr><a:lvl4pPr marL="1828800" lvl="3" indent="-317500"><a:lnSpc><a:spcPct val="115000"/></a:lnSpc><a:spcBef><a:spcPts val="1600"/></a:spcBef><a:spcAft><a:spcPts val="0"/></a:spcAft><a:buClr><a:schemeClr val="dk1"/></a:buClr><a:buSzPts val="1400"/><a:buFont typeface="Lato"/><a:buChar char="●"/><a:defRPr><a:solidFill><a:schemeClr val="dk1"/></a:solidFill><a:latin typeface="Lato"/><a:ea typeface="Lato"/><a:cs typeface="Lato"/><a:sym typeface="Lato"/></a:defRPr></a:lvl4pPr><a:lvl5pPr marL="2286000" lvl="4" indent="-317500"><a:lnSpc><a:spcPct val="115000"/></a:lnSpc><a:spcBef><a:spcPts val="1600"/></a:spcBef><a:spcAft><a:spcPts val="0"/></a:spcAft><a:buClr><a:schemeClr val="dk1"/></a:buClr><a:buSzPts val="1400"/><a:buFont typeface="Lato"/><a:buChar char="○"/><a:defRPr><a:solidFill><a:schemeClr val="dk1"/></a:solidFill><a:latin typeface="Lato"/><a:ea typeface="Lato"/><a:cs typeface="Lato"/><a:sym typeface="Lato"/></a:defRPr></a:lvl5pPr><a:lvl6pPr marL="2743200" lvl="5" indent="-317500"><a:lnSpc><a:spcPct val="115000"/></a:lnSpc><a:spcBef><a:spcPts val="1600"/></a:spcBef><a:spcAft><a:spcPts val="0"/></a:spcAft><a:buClr><a:schemeClr val="dk1"/></a:buClr><a:buSzPts val="1400"/><a:buFont typeface="Lato"/><a:buChar char="■"/><a:defRPr><a:solidFill><a:schemeClr val="dk1"/></a:solidFill><a:latin typeface="Lato"/><a:ea typeface="Lato"/><a:cs typeface="Lato"/><a:sym typeface="Lato"/></a:defRPr></a:lvl6pPr><a:lvl7pPr marL="3200400" lvl="6" indent="-317500"><a:lnSpc><a:spcPct val="115000"/></a:lnSpc><a:spcBef><a:spcPts val="1600"/></a:spcBef><a:spcAft><a:spcPts val="0"/></a:spcAft><a:buClr><a:schemeClr val="dk1"/></a:buClr><a:buSzPts val="1400"/><a:buFont typeface="Lato"/><a:buChar char="●"/><a:defRPr><a:solidFill><a:schemeClr val="dk1"/></a:solidFill><a:latin typeface="Lato"/><a:ea typeface="Lato"/><a:cs typeface="Lato"/><a:sym typeface="Lato"/></a:defRPr></a:lvl7pPr><a:lvl8pPr marL="3657600" lvl="7" indent="-317500"><a:lnSpc><a:spcPct val="115000"/></a:lnSpc><a:spcBef><a:spcPts val="1600"/></a:spcBef><a:spcAft><a:spcPts val="0"/></a:spcAft><a:buClr><a:schemeClr val="dk1"/></a:buClr><a:buSzPts val="1400"/><a:buFont typeface="Lato"/><a:buChar char="○"/><a:defRPr><a:solidFill><a:schemeClr val="dk1"/></a:solidFill><a:latin typeface="Lato"/><a:ea typeface="Lato"/><a:cs typeface="Lato"/><a:sym typeface="Lato"/></a:defRPr></a:lvl8pPr><a:lvl9pPr marL="4114800" lvl="8" indent="-317500"><a:lnSpc><a:spcPct val="115000"/></a:lnSpc><a:spcBef><a:spcPts val="1600"/></a:spcBef><a:spcAft><a:spcPts val="1600"/></a:spcAft><a:buClr><a:schemeClr val="dk1"/></a:buClr><a:buSzPts val="1400"/><a:buFont typeface="Lato"/><a:buChar char="■"/><a:defRPr><a:solidFill><a:schemeClr val="dk1"/></a:solidFill><a:latin typeface="Lato"/><a:ea typeface="Lato"/><a:cs typeface="Lato"/><a:sym typeface="Lato"/></a:defRPr></a:lvl9pPr></a:lstStyle><a:p><a:endParaRPr/></a:p></p:txBody></p:sp></p:spTree></p:cSld><p:clrMap bg1="lt1" tx1="dk1" bg2="dk2" tx2="lt2" accent1="accent1" accent2="accent2" accent3="accent3" accent4="accent4" accent5="accent5" accent6="accent6" hlink="hlink" folHlink="folHlink"/><p:sldLayoutIdLst><p:sldLayoutId id="2147483649" r:id="rId1"/><p:sldLayoutId id="2147483650" r:id="rId2"/><p:sldLayoutId id="2147483652" r:id="rId3"/><p:sldLayoutId id="2147483653" r:id="rId4"/><p:sldLayoutId id="2147483654" r:id="rId5"/><p:sldLayoutId id="2147483655" r:id="rId6"/><p:sldLayoutId id="2147483658" r:id="rId7"/><p:sldLayoutId id="2147483663" r:id="rId8"/><p:sldLayoutId id="2147483666" r:id="rId9"/><p:sldLayoutId id="2147483667" r:id="rId10"/><p:sldLayoutId id="2147483668" r:id="rId11"/><p:sldLayoutId id="2147483670" r:id="rId12"/><p:sldLayoutId id="2147483671" r:id="rId13"/><p:sldLayoutId id="2147483673" r:id="rId14"/><p:sldLayoutId id="2147483674" r:id="rId15"/><p:sldLayoutId id="2147483678" r:id="rId16"/><p:sldLayoutId id="2147483679" r:id="rId17"/></p:sldLayoutIdLst><p:hf sldNum="0" hdr="0" ftr="0" dt="0"/><p:txStyles><p:titleStyle><a:defPPr marR="0" lvl="0" algn="l" rtl="0"><a:lnSpc><a:spcPct val="100000"/></a:lnSpc><a:spcBef><a:spcPts val="0"/></a:spcBef><a:spcAft><a:spcPts val="0"/></a:spcAft></a:defPPr><a:lvl1pPr marR="0" lvl="0" algn="l" rtl="0"><a:lnSpc><a:spcPct val="100000"/></a:lnSpc><a:spcBef><a:spcPts val="0"/></a:spcBef><a:spcAft><a:spcPts val="0"/></a:spcAft><a:buClr><a:srgbClr val="000000"/></a:buClr><a:buFont typeface="Arial"/><a:defRPr sz="1400" b="0" i="0" u="none" strike="noStrike" cap="none"><a:solidFill><a:srgbClr val="000000"/></a:solidFill><a:latin typeface="Arial"/><a:ea typeface="Arial"/><a:cs typeface="Arial"/><a:sym typeface="Arial"/></a:defRPr></a:lvl1pPr><a:lvl2pPr marR="0" lvl="1" algn="l" rtl="0"><a:lnSpc><a:spcPct val="100000"/></a:lnSpc><a:spcBef><a:spcPts val="0"/></a:spcBef><a:spcAft><a:spcPts val="0"/></a:spcAft><a:buClr><a:srgbClr val="000000"/></a:buClr><a:buFont typeface="Arial"/><a:defRPr sz="1400" b="0" i="0" u="none" strike="noStrike" cap="none"><a:solidFill><a:srgbClr val="000000"/></a:solidFill><a:latin typeface="Arial"/><a:ea typeface="Arial"/><a:cs typeface="Arial"/><a:sym typeface="Arial"/></a:defRPr></a:lvl2pPr><a:lvl3pPr marR="0" lvl="2" algn="l" rtl="0"><a:lnSpc><a:spcPct val="100000"/></a:lnSpc><a:spcBef><a:spcPts val="0"/></a:spcBef><a:spcAft><a:spcPts val="0"/></a:spcAft><a:buClr><a:srgbClr val="000000"/></a:buClr><a:buFont typeface="Arial"/><a:defRPr sz="1400" b="0" i="0" u="none" strike="noStrike" cap="none"><a:solidFill><a:srgbClr val="000000"/></a:solidFill><a:latin typeface="Arial"/><a:ea typeface="Arial"/><a:cs typeface="Arial"/><a:sym typeface="Arial"/></a:defRPr></a:lvl3pPr><a:lvl4pPr marR="0" lvl="3" algn="l" rtl="0"><a:lnSpc><a:spcPct val="100000"/></a:lnSpc><a:spcBef><a:spcPts val="0"/></a:spcBef><a:spcAft><a:spcPts val="0"/></a:spcAft><a:buClr><a:srgbClr val="000000"/></a:buClr><a:buFont typeface="Arial"/><a:defRPr sz="1400" b="0" i="0" u="none" strike="noStrike" cap="none"><a:solidFill><a:srgbClr val="000000"/></a:solidFill><a:latin typeface="Arial"/><a:ea typeface="Arial"/><a:cs typeface="Arial"/><a:sym typeface="Arial"/></a:defRPr></a:lvl4pPr><a:lvl5pPr marR="0" lvl="4" algn="l" rtl="0"><a:lnSpc><a:spcPct val="100000"/></a:lnSpc><a:spcBef><a:spcPts val="0"/></a:spcBef><a:spcAft><a:spcPts val="0"/></a:spcAft><a:buClr><a:srgbClr val="000000"/></a:buClr><a:buFont typeface="Arial"/><a:defRPr sz="1400" b="0" i="0" u="none" strike="noStrike" cap="none"><a:solidFill><a:srgbClr val="000000"/></a:solidFill><a:latin typeface="Arial"/><a:ea typeface="Arial"/><a:cs typeface="Arial"/><a:sym typeface="Arial"/></a:defRPr></a:lvl5pPr><a:lvl6pPr marR="0" lvl="5" algn="l" rtl="0"><a:lnSpc><a:spcPct val="100000"/></a:lnSpc><a:spcBef><a:spcPts val="0"/></a:spcBef><a:spcAft><a:spcPts val="0"/></a:spcAft><a:buClr><a:srgbClr val="000000"/></a:buClr><a:buFont typeface="Arial"/><a:defRPr sz="1400" b="0" i="0" u="none" strike="noStrike" cap="none"><a:solidFill><a:srgbClr val="000000"/></a:solidFill><a:latin typeface="Arial"/><a:ea typeface="Arial"/><a:cs typeface="Arial"/><a:sym typeface="Arial"/></a:defRPr></a:lvl6pPr><a:lvl7pPr marR="0" lvl="6" algn="l" rtl="0"><a:lnSpc><a:spcPct val="100000"/></a:lnSpc><a:spcBef><a:spcPts val="0"/></a:spcBef><a:spcAft><a:spcPts val="0"/></a:spcAft><a:buClr><a:srgbClr val="000000"/></a:buClr><a:buFont typeface="Arial"/><a:defRPr sz="1400" b="0" i="0" u="none" strike="noStrike" cap="none"><a:solidFill><a:srgbClr val="000000"/></a:solidFill><a:latin typeface="Arial"/><a:ea typeface="Arial"/><a:cs typeface="Arial"/><a:sym typeface="Arial"/></a:defRPr></a:lvl7pPr><a:lvl8pPr marR="0" lvl="7" algn="l" rtl="0"><a:lnSpc><a:spcPct val="100000"/></a:lnSpc><a:spcBef><a:spcPts val="0"/></a:spcBef><a:spcAft><a:spcPts val="0"/></a:spcAft><a:buClr><a:srgbClr val="000000"/></a:buClr><a:buFont typeface="Arial"/><a:defRPr sz="1400" b="0" i="0" u="none" strike="noStrike" cap="none"><a:solidFill><a:srgbClr val="000000"/></a:solidFill><a:latin typeface="Arial"/><a:ea typeface="Arial"/><a:cs typeface="Arial"/><a:sym typeface="Arial"/></a:defRPr></a:lvl8pPr><a:lvl9pPr marR="0" lvl="8" algn="l" rtl="0"><a:lnSpc><a:spcPct val="100000"/></a:lnSpc><a:spcBef><a:spcPts val="0"/></a:spcBef><a:spcAft><a:spcPts val="0"/></a:spcAft><a:buClr><a:srgbClr val="000000"/></a:buClr><a:buFont typeface="Arial"/><a:defRPr sz="1400" b="0" i="0" u="none" strike="noStrike" cap="none"><a:solidFill><a:srgbClr val="000000"/></a:solidFill><a:latin typeface="Arial"/><a:ea typeface="Arial"/><a:cs typeface="Arial"/><a:sym typeface="Arial"/></a:defRPr></a:lvl9pPr></p:titleStyle><p:bodyStyle><a:defPPr marR="0" lvl="0" algn="l" rtl="0"><a:lnSpc><a:spcPct val="100000"/></a:lnSpc><a:spcBef><a:spcPts val="0"/></a:spcBef><a:spcAft><a:spcPts val="0"/></a:spcAft></a:defPPr><a:lvl1pPr marR="0" lvl="0" algn="l" rtl="0"><a:lnSpc><a:spcPct val="100000"/></a:lnSpc><a:spcBef><a:spcPts val="0"/></a:spcBef><a:spcAft><a:spcPts val="0"/></a:spcAft><a:buClr><a:srgbClr val="000000"/></a:buClr><a:buFont typeface="Arial"/><a:defRPr sz="1400" b="0" i="0" u="none" strike="noStrike" cap="none"><a:solidFill><a:srgbClr val="000000"/></a:solidFill><a:latin typeface="Arial"/><a:ea typeface="Arial"/><a:cs typeface="Arial"/><a:sym typeface="Arial"/></a:defRPr></a:lvl1pPr><a:lvl2pPr marR="0" lvl="1" algn="l" rtl="0"><a:lnSpc><a:spcPct val="100000"/></a:lnSpc><a:spcBef><a:spcPts val="0"/></a:spcBef><a:spcAft><a:spcPts val="0"/></a:spcAft><a:buClr><a:srgbClr val="000000"/></a:buClr><a:buFont typeface="Arial"/><a:defRPr sz="1400" b="0" i="0" u="none" strike="noStrike" cap="none"><a:solidFill><a:srgbClr val="000000"/></a:solidFill><a:latin typeface="Arial"/><a:ea typeface="Arial"/><a:cs typeface="Arial"/><a:sym typeface="Arial"/></a:defRPr></a:lvl2pPr><a:lvl3pPr marR="0" lvl="2" algn="l" rtl="0"><a:lnSpc><a:spcPct val="100000"/></a:lnSpc><a:spcBef><a:spcPts val="0"/></a:spcBef><a:spcAft><a:spcPts val="0"/></a:spcAft><a:buClr><a:srgbClr val="000000"/></a:buClr><a:buFont typeface="Arial"/><a:defRPr sz="1400" b="0" i="0" u="none" strike="noStrike" cap="none"><a:solidFill><a:srgbClr val="000000"/></a:solidFill><a:latin typeface="Arial"/><a:ea typeface="Arial"/><a:cs typeface="Arial"/><a:sym typeface="Arial"/></a:defRPr></a:lvl3pPr><a:lvl4pPr marR="0" lvl="3" algn="l" rtl="0"><a:lnSpc><a:spcPct val="100000"/></a:lnSpc><a:spcBef><a:spcPts val="0"/></a:spcBef><a:spcAft><a:spcPts val="0"/></a:spcAft><a:buClr><a:srgbClr val="000000"/></a:buClr><a:buFont typeface="Arial"/><a:defRPr sz="1400" b="0" i="0" u="none" strike="noStrike" cap="none"><a:solidFill><a:srgbClr val="000000"/></a:solidFill><a:latin typeface="Arial"/><a:ea typeface="Arial"/><a:cs typeface="Arial"/><a:sym typeface="Arial"/></a:defRPr></a:lvl4pPr><a:lvl5pPr marR="0" lvl="4" algn="l" rtl="0"><a:lnSpc><a:spcPct val="100000"/></a:lnSpc><a:spcBef><a:spcPts val="0"/></a:spcBef><a:spcAft><a:spcPts val="0"/></a:spcAft><a:buClr><a:srgbClr val="000000"/></a:buClr><a:buFont typeface="Arial"/><a:defRPr sz="1400" b="0" i="0" u="none" strike="noStrike" cap="none"><a:solidFill><a:srgbClr val="000000"/></a:solidFill><a:latin typeface="Arial"/><a:ea typeface="Arial"/><a:cs typeface="Arial"/><a:sym typeface="Arial"/></a:defRPr></a:lvl5pPr><a:lvl6pPr marR="0" lvl="5" algn="l" rtl="0"><a:lnSpc><a:spcPct val="100000"/></a:lnSpc><a:spcBef><a:spcPts val="0"/></a:spcBef><a:spcAft><a:spcPts val="0"/></a:spcAft><a:buClr><a:srgbClr val="000000"/></a:buClr><a:buFont typeface="Arial"/><a:defRPr sz="1400" b="0" i="0" u="none" strike="noStrike" cap="none"><a:solidFill><a:srgbClr val="000000"/></a:solidFill><a:latin typeface="Arial"/><a:ea typeface="Arial"/><a:cs typeface="Arial"/><a:sym typeface="Arial"/></a:defRPr></a:lvl6pPr><a:lvl7pPr marR="0" lvl="6" algn="l" rtl="0"><a:lnSpc><a:spcPct val="100000"/></a:lnSpc><a:spcBef><a:spcPts val="0"/></a:spcBef><a:spcAft><a:spcPts val="0"/></a:spcAft><a:buClr><a:srgbClr val="000000"/></a:buClr><a:buFont typeface="Arial"/><a:defRPr sz="1400" b="0" i="0" u="none" strike="noStrike" cap="none"><a:solidFill><a:srgbClr val="000000"/></a:solidFill><a:latin typeface="Arial"/><a:ea typeface="Arial"/><a:cs typeface="Arial"/><a:sym typeface="Arial"/></a:defRPr></a:lvl7pPr><a:lvl8pPr marR="0" lvl="7" algn="l" rtl="0"><a:lnSpc><a:spcPct val="100000"/></a:lnSpc><a:spcBef><a:spcPts val="0"/></a:spcBef><a:spcAft><a:spcPts val="0"/></a:spcAft><a:buClr><a:srgbClr val="000000"/></a:buClr><a:buFont typeface="Arial"/><a:defRPr sz="1400" b="0" i="0" u="none" strike="noStrike" cap="none"><a:solidFill><a:srgbClr val="000000"/></a:solidFill><a:latin typeface="Arial"/><a:ea typeface="Arial"/><a:cs typeface="Arial"/><a:sym typeface="Arial"/></a:defRPr></a:lvl8pPr><a:lvl9pPr marR="0" lvl="8" algn="l" rtl="0"><a:lnSpc><a:spcPct val="100000"/></a:lnSpc><a:spcBef><a:spcPts val="0"/></a:spcBef><a:spcAft><a:spcPts val="0"/></a:spcAft><a:buClr><a:srgbClr val="000000"/></a:buClr><a:buFont typeface="Arial"/><a:defRPr sz="1400" b="0" i="0" u="none" strike="noStrike" cap="none"><a:solidFill><a:srgbClr val="000000"/></a:solidFill><a:latin typeface="Arial"/><a:ea typeface="Arial"/><a:cs typeface="Arial"/><a:sym typeface="Arial"/></a:defRPr></a:lvl9pPr></p:bodyStyle><p:otherStyle><a:defPPr marR="0" lvl="0" algn="l" rtl="0"><a:lnSpc><a:spcPct val="100000"/></a:lnSpc><a:spcBef><a:spcPts val="0"/></a:spcBef><a:spcAft><a:spcPts val="0"/></a:spcAft></a:defPPr><a:lvl1pPr marR="0" lvl="0" algn="l" rtl="0"><a:lnSpc><a:spcPct val="100000"/></a:lnSpc><a:spcBef><a:spcPts val="0"/></a:spcBef><a:spcAft><a:spcPts val="0"/></a:spcAft><a:buClr><a:srgbClr val="000000"/></a:buClr><a:buFont typeface="Arial"/><a:defRPr sz="1400" b="0" i="0" u="none" strike="noStrike" cap="none"><a:solidFill><a:srgbClr val="000000"/></a:solidFill><a:latin typeface="Arial"/><a:ea typeface="Arial"/><a:cs typeface="Arial"/><a:sym typeface="Arial"/></a:defRPr></a:lvl1pPr><a:lvl2pPr marR="0" lvl="1" algn="l" rtl="0"><a:lnSpc><a:spcPct val="100000"/></a:lnSpc><a:spcBef><a:spcPts val="0"/></a:spcBef><a:spcAft><a:spcPts val="0"/></a:spcAft><a:buClr><a:srgbClr val="000000"/></a:buClr><a:buFont typeface="Arial"/><a:defRPr sz="1400" b="0" i="0" u="none" strike="noStrike" cap="none"><a:solidFill><a:srgbClr val="000000"/></a:solidFill><a:latin typeface="Arial"/><a:ea typeface="Arial"/><a:cs typeface="Arial"/><a:sym typeface="Arial"/></a:defRPr></a:lvl2pPr><a:lvl3pPr marR="0" lvl="2" algn="l" rtl="0"><a:lnSpc><a:spcPct val="100000"/></a:lnSpc><a:spcBef><a:spcPts val="0"/></a:spcBef><a:spcAft><a:spcPts val="0"/></a:spcAft><a:buClr><a:srgbClr val="000000"/></a:buClr><a:buFont typeface="Arial"/><a:defRPr sz="1400" b="0" i="0" u="none" strike="noStrike" cap="none"><a:solidFill><a:srgbClr val="000000"/></a:solidFill><a:latin typeface="Arial"/><a:ea typeface="Arial"/><a:cs typeface="Arial"/><a:sym typeface="Arial"/></a:defRPr></a:lvl3pPr><a:lvl4pPr marR="0" lvl="3" algn="l" rtl="0"><a:lnSpc><a:spcPct val="100000"/></a:lnSpc><a:spcBef><a:spcPts val="0"/></a:spcBef><a:spcAft><a:spcPts val="0"/></a:spcAft><a:buClr><a:srgbClr val="000000"/></a:buClr><a:buFont typeface="Arial"/><a:defRPr sz="1400" b="0" i="0" u="none" strike="noStrike" cap="none"><a:solidFill><a:srgbClr val="000000"/></a:solidFill><a:latin typeface="Arial"/><a:ea typeface="Arial"/><a:cs typeface="Arial"/><a:sym typeface="Arial"/></a:defRPr></a:lvl4pPr><a:lvl5pPr marR="0" lvl="4" algn="l" rtl="0"><a:lnSpc><a:spcPct val="100000"/></a:lnSpc><a:spcBef><a:spcPts val="0"/></a:spcBef><a:spcAft><a:spcPts val="0"/></a:spcAft><a:buClr><a:srgbClr val="000000"/></a:buClr><a:buFont typeface="Arial"/><a:defRPr sz="1400" b="0" i="0" u="none" strike="noStrike" cap="none"><a:solidFill><a:srgbClr val="000000"/></a:solidFill><a:latin typeface="Arial"/><a:ea typeface="Arial"/><a:cs typeface="Arial"/><a:sym typeface="Arial"/></a:defRPr></a:lvl5pPr><a:lvl6pPr marR="0" lvl="5" algn="l" rtl="0"><a:lnSpc><a:spcPct val="100000"/></a:lnSpc><a:spcBef><a:spcPts val="0"/></a:spcBef><a:spcAft><a:spcPts val="0"/></a:spcAft><a:buClr><a:srgbClr val="000000"/></a:buClr><a:buFont typeface="Arial"/><a:defRPr sz="1400" b="0" i="0" u="none" strike="noStrike" cap="none"><a:solidFill><a:srgbClr val="000000"/></a:solidFill><a:latin typeface="Arial"/><a:ea typeface="Arial"/><a:cs typeface="Arial"/><a:sym typeface="Arial"/></a:defRPr></a:lvl6pPr><a:lvl7pPr marR="0" lvl="6" algn="l" rtl="0"><a:lnSpc><a:spcPct val="100000"/></a:lnSpc><a:spcBef><a:spcPts val="0"/></a:spcBef><a:spcAft><a:spcPts val="0"/></a:spcAft><a:buClr><a:srgbClr val="000000"/></a:buClr><a:buFont typeface="Arial"/><a:defRPr sz="1400" b="0" i="0" u="none" strike="noStrike" cap="none"><a:solidFill><a:srgbClr val="000000"/></a:solidFill><a:latin typeface="Arial"/><a:ea typeface="Arial"/><a:cs typeface="Arial"/><a:sym typeface="Arial"/></a:defRPr></a:lvl7pPr><a:lvl8pPr marR="0" lvl="7" algn="l" rtl="0"><a:lnSpc><a:spcPct val="100000"/></a:lnSpc><a:spcBef><a:spcPts val="0"/></a:spcBef><a:spcAft><a:spcPts val="0"/></a:spcAft><a:buClr><a:srgbClr val="000000"/></a:buClr><a:buFont typeface="Arial"/><a:defRPr sz="1400" b="0" i="0" u="none" strike="noStrike" cap="none"><a:solidFill><a:srgbClr val="000000"/></a:solidFill><a:latin typeface="Arial"/><a:ea typeface="Arial"/><a:cs typeface="Arial"/><a:sym typeface="Arial"/></a:defRPr></a:lvl8pPr><a:lvl9pPr marR="0" lvl="8" algn="l" rtl="0"><a:lnSpc><a:spcPct val="100000"/></a:lnSpc><a:spcBef><a:spcPts val="0"/></a:spcBef><a:spcAft><a:spcPts val="0"/></a:spcAft><a:buClr><a:srgbClr val="000000"/></a:buClr><a:buFont typeface="Arial"/><a:defRPr sz="1400" b="0" i="0" u="none" strike="noStrike" cap="none"><a:solidFill><a:srgbClr val="000000"/></a:solidFill><a:latin typeface="Arial"/><a:ea typeface="Arial"/><a:cs typeface="Arial"/><a:sym typeface="Arial"/></a:defRPr></a:lvl9pPr></p:otherStyle></p:txStyles></p:sldMaster>