<?xml version="1.0" encoding="UTF-8" standalone="yes"?>
<p:sld xmlns:a="http://schemas.openxmlformats.org/drawingml/2006/main" xmlns:r="http://schemas.openxmlformats.org/officeDocument/2006/relationships" xmlns:p="http://schemas.openxmlformats.org/presentationml/2006/main"><p:cSld><p:spTree><p:nvGrpSpPr><p:cNvPr id="1" name="Shape 796"/><p:cNvGrpSpPr/><p:nvPr/></p:nvGrpSpPr><p:grpSpPr><a:xfrm><a:off x="0" y="0"/><a:ext cx="0" cy="0"/><a:chOff x="0" y="0"/><a:chExt cx="0" cy="0"/></a:xfrm></p:grpSpPr><p:sp><p:nvSpPr><p:cNvPr id="797" name="Google Shape;797;p61"/><p:cNvSpPr txBox="1"><a:spLocks noGrp="1"/></p:cNvSpPr><p:nvPr><p:ph type="body" idx="1"/></p:nvPr></p:nvSpPr><p:spPr><a:xfrm><a:off x="5313600" y="3088925"/><a:ext cx="2375700" cy="912300"/></a:xfrm><a:prstGeom prst="rect"><a:avLst/></a:prstGeom></p:spPr><p:txBody><a:bodyPr spcFirstLastPara="1" wrap="square" lIns="91425" tIns="91425" rIns="91425" bIns="91425" anchor="t" anchorCtr="0"><a:noAutofit/></a:bodyPr><a:lstStyle/><a:p><a:pPr marL="0" lvl="0" indent="0" algn="l" rtl="0"><a:lnSpc><a:spcPct val="115000"/></a:lnSpc><a:spcBef><a:spcPts val="0"/></a:spcBef><a:spcAft><a:spcPts val="0"/></a:spcAft><a:buClr><a:schemeClr val="dk1"/></a:buClr><a:buSzPts val="1100"/><a:buFont typeface="Arial"/><a:buNone/></a:pPr><a:r><a:rPr lang="en-IN" dirty="0"><a:solidFill><a:schemeClr val="accent2"><a:lumMod val="50000"/></a:schemeClr></a:solidFill></a:rPr><a:t>An overview </a:t></a:r><a:endParaRPr dirty="0"><a:solidFill><a:schemeClr val="accent2"><a:lumMod val="50000"/></a:schemeClr></a:solidFill></a:endParaRPr></a:p></p:txBody></p:sp><p:sp><p:nvSpPr><p:cNvPr id="798" name="Google Shape;798;p61"/><p:cNvSpPr txBox="1"><a:spLocks noGrp="1"/></p:cNvSpPr><p:nvPr><p:ph type="title"/></p:nvPr></p:nvSpPr><p:spPr><a:xfrm><a:off x="5313600" y="2515675"/><a:ext cx="2375700" cy="666000"/></a:xfrm><a:prstGeom prst="rect"><a:avLst/></a:prstGeom></p:spPr><p:txBody><a:bodyPr spcFirstLastPara="1" wrap="square" lIns="91425" tIns="91425" rIns="91425" bIns="91425" anchor="b" anchorCtr="0"><a:noAutofit/></a:bodyPr><a:lstStyle/><a:p><a:pPr marL="0" lvl="0" indent="0" algn="l" rtl="0"><a:spcBef><a:spcPts val="0"/></a:spcBef><a:spcAft><a:spcPts val="0"/></a:spcAft><a:buClr><a:schemeClr val="dk1"/></a:buClr><a:buSzPts val="1100"/><a:buFont typeface="Arial"/><a:buNone/></a:pPr><a:r><a:rPr lang="en" sz="4800" dirty="0"><a:solidFill><a:schemeClr val="accent2"><a:lumMod val="50000"/></a:schemeClr></a:solidFill></a:rPr><a:t>EaseTrip</a:t></a:r><a:endParaRPr sz="4800" dirty="0"><a:solidFill><a:schemeClr val="accent2"><a:lumMod val="50000"/></a:schemeClr></a:solidFill></a:endParaRPr></a:p></p:txBody></p:sp><p:grpSp><p:nvGrpSpPr><p:cNvPr id="799" name="Google Shape;799;p61"/><p:cNvGrpSpPr/><p:nvPr/></p:nvGrpSpPr><p:grpSpPr><a:xfrm><a:off x="1795245" y="847775"/><a:ext cx="1675769" cy="3447951"/><a:chOff x="1768642" y="847775"/><a:chExt cx="1728666" cy="3447951"/></a:xfrm></p:grpSpPr><p:sp><p:nvSpPr><p:cNvPr id="800" name="Google Shape;800;p61"/><p:cNvSpPr/><p:nvPr/></p:nvSpPr><p:spPr><a:xfrm><a:off x="1768642" y="847775"/><a:ext cx="1728666" cy="3447951"/></a:xfrm><a:custGeom><a:avLst/><a:gdLst/><a:ahLst/><a:cxnLst/><a:rect l="l" t="t" r="r" b="b"/><a:pathLst><a:path w="14020" h="29670" extrusionOk="0"><a:moveTo><a:pt x="8161" y="2281"/></a:moveTo><a:cubicBezTo><a:pt x="8328" y="2281"/><a:pt x="8474" y="2427"/><a:pt x="8474" y="2595"/></a:cubicBezTo><a:lnTo><a:pt x="8474" y="2616"/></a:lnTo><a:cubicBezTo><a:pt x="8474" y="2804"/><a:pt x="8328" y="2929"/><a:pt x="8161" y="2929"/></a:cubicBezTo><a:lnTo><a:pt x="6026" y="2929"/></a:lnTo><a:cubicBezTo><a:pt x="5838" y="2929"/><a:pt x="5692" y="2804"/><a:pt x="5692" y="2616"/></a:cubicBezTo><a:lnTo><a:pt x="5692" y="2595"/></a:lnTo><a:cubicBezTo><a:pt x="5692" y="2427"/><a:pt x="5838" y="2281"/><a:pt x="6026" y="2281"/></a:cubicBezTo><a:close/><a:moveTo><a:pt x="13036" y="4248"/></a:moveTo><a:lnTo><a:pt x="13036" y="25422"/></a:lnTo><a:lnTo><a:pt x="1151" y="25422"/></a:lnTo><a:lnTo><a:pt x="1151" y="4248"/></a:lnTo><a:close/><a:moveTo><a:pt x="1988" y="0"/></a:moveTo><a:cubicBezTo><a:pt x="900" y="0"/><a:pt x="0" y="900"/><a:pt x="0" y="2009"/></a:cubicBezTo><a:lnTo><a:pt x="0" y="27661"/></a:lnTo><a:cubicBezTo><a:pt x="0" y="28770"/><a:pt x="900" y="29670"/><a:pt x="1988" y="29670"/></a:cubicBezTo><a:lnTo><a:pt x="12010" y="29670"/></a:lnTo><a:cubicBezTo><a:pt x="13119" y="29670"/><a:pt x="14019" y="28770"/><a:pt x="14019" y="27661"/></a:cubicBezTo><a:lnTo><a:pt x="14019" y="2009"/></a:lnTo><a:cubicBezTo><a:pt x="14019" y="900"/><a:pt x="13119" y="0"/><a:pt x="12010" y="0"/></a:cubicBezTo><a:close/></a:path></a:pathLst></a:custGeom><a:solidFill><a:srgbClr val="231F20"/></a:solidFill><a:ln><a:noFill/></a:ln></p:spPr><p:txBody><a:bodyPr spcFirstLastPara="1" wrap="square" lIns="91425" tIns="91425" rIns="91425" bIns="91425" anchor="ctr" anchorCtr="0"><a:noAutofit/></a:bodyPr><a:lstStyle/><a:p><a:pPr marL="0" lvl="0" indent="0" algn="l" rtl="0"><a:spcBef><a:spcPts val="0"/></a:spcBef><a:spcAft><a:spcPts val="0"/></a:spcAft><a:buNone/></a:pPr><a:endParaRPr/></a:p></p:txBody></p:sp><p:sp><p:nvSpPr><p:cNvPr id="801" name="Google Shape;801;p61"/><p:cNvSpPr/><p:nvPr/></p:nvSpPr><p:spPr><a:xfrm><a:off x="2508174" y="3917636"/><a:ext cx="270300" cy="270300"/></a:xfrm><a:prstGeom prst="ellipse"><a:avLst/></a:prstGeom><a:solidFill><a:schemeClr val="accent2"/></a:solidFill><a:ln><a:noFill/></a:ln></p:spPr><p:txBody><a:bodyPr spcFirstLastPara="1" wrap="square" lIns="91425" tIns="91425" rIns="91425" bIns="91425" anchor="ctr" anchorCtr="0"><a:noAutofit/></a:bodyPr><a:lstStyle/><a:p><a:pPr marL="0" lvl="0" indent="0" algn="l" rtl="0"><a:spcBef><a:spcPts val="0"/></a:spcBef><a:spcAft><a:spcPts val="0"/></a:spcAft><a:buNone/></a:pPr><a:endParaRPr/></a:p></p:txBody></p:sp></p:grpSp><p:pic><p:nvPicPr><p:cNvPr id="3" name="Picture 2"><a:extLst><a:ext uri="{FF2B5EF4-FFF2-40B4-BE49-F238E27FC236}"><a16:creationId xmlns:a16="http://schemas.microsoft.com/office/drawing/2014/main" id="{3D5CAF61-3DC7-42E6-8B8F-B4E71779E1E9}"/></a:ext></a:extLst></p:cNvPr><p:cNvPicPr><a:picLocks noChangeAspect="1"/></p:cNvPicPr><p:nvPr/></p:nvPicPr><p:blipFill><a:blip r:embed="rId3"/><a:stretch><a:fillRect/></a:stretch></p:blipFill><p:spPr><a:xfrm><a:off x="1908000" y="1353600"/><a:ext cx="1447200" cy="2456246"/></a:xfrm><a:prstGeom prst="rect"><a:avLst/></a:prstGeom></p:spPr></p:pic></p:spTree></p:cSld><p:clrMapOvr><a:masterClrMapping/></p:clrMapOvr><mc:AlternateContent xmlns:mc="http://schemas.openxmlformats.org/markup-compatibility/2006"><mc:Choice xmlns:p15="http://schemas.microsoft.com/office/powerpoint/2012/main" Requires="p15"><p:transition spd="slow" xmlns:p14="http://schemas.microsoft.com/office/powerpoint/2010/main" p14:dur="1250"><p15:prstTrans prst="peelOff"/></p:transition></mc:Choice><mc:Fallback><p:transition spd="slow"><p:fade/></p:transition></mc:Fallback></mc:AlternateContent></p:sld>