<?xml version="1.0" encoding="UTF-8" standalone="yes"?>
<p:sld xmlns:a="http://schemas.openxmlformats.org/drawingml/2006/main" xmlns:r="http://schemas.openxmlformats.org/officeDocument/2006/relationships" xmlns:p="http://schemas.openxmlformats.org/presentationml/2006/main"><p:cSld><p:spTree><p:nvGrpSpPr><p:cNvPr id="1" name=""/><p:cNvGrpSpPr/><p:nvPr/></p:nvGrpSpPr><p:grpSpPr><a:xfrm><a:off x="0" y="0"/><a:ext cx="0" cy="0"/><a:chOff x="0" y="0"/><a:chExt cx="0" cy="0"/></a:xfrm></p:grpSpPr><p:sp><p:nvSpPr><p:cNvPr id="2" name="Title 1"><a:extLst><a:ext uri="{FF2B5EF4-FFF2-40B4-BE49-F238E27FC236}"><a16:creationId xmlns:a16="http://schemas.microsoft.com/office/drawing/2014/main" id="{199399CE-D684-4F8C-B6DA-04859D359B54}"/></a:ext></a:extLst></p:cNvPr><p:cNvSpPr><a:spLocks noGrp="1"/></p:cNvSpPr><p:nvPr><p:ph type="title"/></p:nvPr></p:nvSpPr><p:spPr><a:xfrm><a:off x="-70275" y="77850"/><a:ext cx="9414000" cy="1431300"/></a:xfrm></p:spPr><p:txBody><a:bodyPr/><a:lstStyle/><a:p><a:r><a:rPr lang="en-IN" dirty="0"><a:solidFill><a:schemeClr val="accent1"><a:lumMod val="50000"/></a:schemeClr></a:solidFill></a:rPr><a:t>USE OF API</a:t></a:r></a:p></p:txBody></p:sp><p:sp><p:nvSpPr><p:cNvPr id="4" name="TextBox 3"><a:extLst><a:ext uri="{FF2B5EF4-FFF2-40B4-BE49-F238E27FC236}"><a16:creationId xmlns:a16="http://schemas.microsoft.com/office/drawing/2014/main" id="{FCBCC3FD-D851-40C3-A2BE-A51FB792988E}"/></a:ext></a:extLst></p:cNvPr><p:cNvSpPr txBox="1"/><p:nvPr/></p:nvSpPr><p:spPr><a:xfrm><a:off x="605762" y="1470300"/><a:ext cx="8250238" cy="523220"/></a:xfrm><a:prstGeom prst="rect"><a:avLst/></a:prstGeom><a:noFill/></p:spPr><p:txBody><a:bodyPr wrap="square"><a:spAutoFit/></a:bodyPr><a:lstStyle/><a:p><a:r><a:rPr lang="en-IN" b="1" i="0" u="none" strike="noStrike" dirty="0"><a:solidFill><a:schemeClr val="tx1"><a:lumMod val="50000"/></a:schemeClr></a:solidFill><a:effectLst/><a:latin typeface="Muli"/></a:rPr><a:t>API stands for Application Programming Interface, which is a software intermediary that allows two applications to talk to each other.</a:t></a:r><a:endParaRPr lang="en-US" dirty="0"><a:solidFill><a:schemeClr val="tx1"><a:lumMod val="50000"/></a:schemeClr></a:solidFill></a:endParaRPr></a:p></p:txBody></p:sp><p:sp><p:nvSpPr><p:cNvPr id="5" name="TextBox 4"><a:extLst><a:ext uri="{FF2B5EF4-FFF2-40B4-BE49-F238E27FC236}"><a16:creationId xmlns:a16="http://schemas.microsoft.com/office/drawing/2014/main" id="{DE2BFD4F-2A7E-41DD-82DA-96102D1954B6}"/></a:ext></a:extLst></p:cNvPr><p:cNvSpPr txBox="1"/><p:nvPr/></p:nvSpPr><p:spPr><a:xfrm><a:off x="605762" y="1917614"/><a:ext cx="7501438" cy="523220"/></a:xfrm><a:prstGeom prst="rect"><a:avLst/></a:prstGeom><a:noFill/></p:spPr><p:txBody><a:bodyPr wrap="square"><a:spAutoFit/></a:bodyPr><a:lstStyle/><a:p><a:r><a:rPr lang="en-IN" b="1" i="0" u="none" strike="noStrike" dirty="0"><a:solidFill><a:schemeClr val="tx1"><a:lumMod val="50000"/></a:schemeClr></a:solidFill><a:effectLst/><a:latin typeface="Muli"/></a:rPr><a:t>An API is a software which can be used by other </a:t></a:r><a:r><a:rPr lang="en-IN" b="1" i="0" u="none" strike="noStrike" dirty="0" err="1"><a:solidFill><a:schemeClr val="tx1"><a:lumMod val="50000"/></a:schemeClr></a:solidFill><a:effectLst/><a:latin typeface="Muli"/></a:rPr><a:t>softwares</a:t></a:r><a:r><a:rPr lang="en-IN" b="1" i="0" u="none" strike="noStrike" dirty="0"><a:solidFill><a:schemeClr val="tx1"><a:lumMod val="50000"/></a:schemeClr></a:solidFill><a:effectLst/><a:latin typeface="Muli"/></a:rPr><a:t>, to communicate with other </a:t></a:r><a:r><a:rPr lang="en-IN" b="1" i="0" u="none" strike="noStrike" dirty="0" err="1"><a:solidFill><a:schemeClr val="tx1"><a:lumMod val="50000"/></a:schemeClr></a:solidFill><a:effectLst/><a:latin typeface="Muli"/></a:rPr><a:t>softwares</a:t></a:r><a:r><a:rPr lang="en-IN" b="1" i="0" u="none" strike="noStrike" dirty="0"><a:solidFill><a:schemeClr val="tx1"><a:lumMod val="50000"/></a:schemeClr></a:solidFill><a:effectLst/><a:latin typeface="Muli"/></a:rPr><a:t> or even </a:t></a:r><a:r><a:rPr lang="en-IN" b="1" i="0" u="none" strike="noStrike" dirty="0" err="1"><a:solidFill><a:schemeClr val="tx1"><a:lumMod val="50000"/></a:schemeClr></a:solidFill><a:effectLst/><a:latin typeface="Muli"/></a:rPr><a:t>hardwares</a:t></a:r><a:r><a:rPr lang="en-IN" b="1" i="0" u="none" strike="noStrike" dirty="0"><a:solidFill><a:schemeClr val="tx1"><a:lumMod val="50000"/></a:schemeClr></a:solidFill><a:effectLst/><a:latin typeface="Muli"/></a:rPr><a:t>. It acts as a bridge between different </a:t></a:r><a:r><a:rPr lang="en-IN" b="1" i="0" u="none" strike="noStrike" dirty="0" err="1"><a:solidFill><a:schemeClr val="tx1"><a:lumMod val="50000"/></a:schemeClr></a:solidFill><a:effectLst/><a:latin typeface="Muli"/></a:rPr><a:t>softwares</a:t></a:r><a:r><a:rPr lang="en-IN" b="1" i="0" u="none" strike="noStrike" dirty="0"><a:solidFill><a:schemeClr val="tx1"><a:lumMod val="50000"/></a:schemeClr></a:solidFill><a:effectLst/><a:latin typeface="Muli"/></a:rPr><a:t> and devices.</a:t></a:r><a:endParaRPr lang="en-US" dirty="0"><a:solidFill><a:schemeClr val="tx1"><a:lumMod val="50000"/></a:schemeClr></a:solidFill></a:endParaRPr></a:p></p:txBody></p:sp><p:pic><p:nvPicPr><p:cNvPr id="6" name="Picture 5"><a:extLst><a:ext uri="{FF2B5EF4-FFF2-40B4-BE49-F238E27FC236}"><a16:creationId xmlns:a16="http://schemas.microsoft.com/office/drawing/2014/main" id="{886226AF-B0B9-4BEC-811C-A985ECCFC5EB}"/></a:ext></a:extLst></p:cNvPr><p:cNvPicPr><a:picLocks noChangeAspect="1"/></p:cNvPicPr><p:nvPr/></p:nvPicPr><p:blipFill><a:blip r:embed="rId2"/><a:stretch><a:fillRect/></a:stretch></p:blipFill><p:spPr><a:xfrm><a:off x="696270" y="2401984"/><a:ext cx="5704530" cy="1151476"/></a:xfrm><a:prstGeom prst="rect"><a:avLst/></a:prstGeom></p:spPr></p:pic><p:sp><p:nvSpPr><p:cNvPr id="8" name="TextBox 7"><a:extLst><a:ext uri="{FF2B5EF4-FFF2-40B4-BE49-F238E27FC236}"><a16:creationId xmlns:a16="http://schemas.microsoft.com/office/drawing/2014/main" id="{634B0951-F081-49FA-9007-79BA79BACDF2}"/></a:ext></a:extLst></p:cNvPr><p:cNvSpPr txBox="1"/><p:nvPr/></p:nvSpPr><p:spPr><a:xfrm><a:off x="605762" y="3553460"/><a:ext cx="8423038" cy="954107"/></a:xfrm><a:prstGeom prst="rect"><a:avLst/></a:prstGeom><a:noFill/></p:spPr><p:txBody><a:bodyPr wrap="square"><a:spAutoFit/></a:bodyPr><a:lstStyle/><a:p><a:r><a:rPr lang="en-IN" b="1" i="0" u="none" strike="noStrike" dirty="0"><a:solidFill><a:schemeClr val="tx1"><a:lumMod val="50000"/></a:schemeClr></a:solidFill><a:effectLst/><a:latin typeface="Muli"/></a:rPr><a:t>The API provides a layer of abstraction and doesn’t have to explain what happens in the internals of an elevator. That’s why, if you know how to operate a geared elevator, you can easily operate a hydraulic elevator without having to learn a whole new set of skills, and I'm quite sure you wouldn't even know the difference between the two.</a:t></a:r><a:endParaRPr lang="en-US" b="1" dirty="0"><a:solidFill><a:schemeClr val="tx1"><a:lumMod val="50000"/></a:schemeClr></a:solidFill></a:endParaRPr></a:p></p:txBody></p:sp></p:spTree><p:extLst><p:ext uri="{BB962C8B-B14F-4D97-AF65-F5344CB8AC3E}"><p14:creationId xmlns:p14="http://schemas.microsoft.com/office/powerpoint/2010/main" val="2763447169"/></p:ext></p:extLst></p:cSld><p:clrMapOvr><a:masterClrMapping/></p:clrMapOvr><mc:AlternateContent xmlns:mc="http://schemas.openxmlformats.org/markup-compatibility/2006"><mc:Choice xmlns:p15="http://schemas.microsoft.com/office/powerpoint/2012/main" Requires="p15"><p:transition spd="slow" xmlns:p14="http://schemas.microsoft.com/office/powerpoint/2010/main" p14:dur="1250"><p15:prstTrans prst="peelOff"/></p:transition></mc:Choice><mc:Fallback><p:transition spd="slow"><p:fade/></p:transition></mc:Fallback></mc:AlternateContent></p:sld>