<?xml version="1.0" encoding="UTF-8" standalone="yes"?>
<p:sld xmlns:a="http://schemas.openxmlformats.org/drawingml/2006/main" xmlns:r="http://schemas.openxmlformats.org/officeDocument/2006/relationships" xmlns:p="http://schemas.openxmlformats.org/presentationml/2006/main"><p:cSld><p:spTree><p:nvGrpSpPr><p:cNvPr id="1" name="Shape 367"/><p:cNvGrpSpPr/><p:nvPr/></p:nvGrpSpPr><p:grpSpPr><a:xfrm><a:off x="0" y="0"/><a:ext cx="0" cy="0"/><a:chOff x="0" y="0"/><a:chExt cx="0" cy="0"/></a:xfrm></p:grpSpPr><p:sp><p:nvSpPr><p:cNvPr id="368" name="Google Shape;368;p45"/><p:cNvSpPr txBox="1"><a:spLocks noGrp="1"/></p:cNvSpPr><p:nvPr><p:ph type="title"/></p:nvPr></p:nvSpPr><p:spPr><a:xfrm><a:off x="2626350" y="2571750"/><a:ext cx="3891300" cy="996900"/></a:xfrm><a:prstGeom prst="rect"><a:avLst/></a:prstGeom></p:spPr><p:txBody><a:bodyPr spcFirstLastPara="1" wrap="square" lIns="91425" tIns="91425" rIns="91425" bIns="91425" anchor="b" anchorCtr="0"><a:noAutofit/></a:bodyPr><a:lstStyle/><a:p><a:pPr marL="0" lvl="0" indent="0" algn="ctr" rtl="0"><a:spcBef><a:spcPts val="0"/></a:spcBef><a:spcAft><a:spcPts val="0"/></a:spcAft><a:buNone/></a:pPr><a:r><a:rPr lang="en" sz="8800" dirty="0"><a:solidFill><a:schemeClr val="accent1"><a:lumMod val="50000"/></a:schemeClr></a:solidFill></a:rPr><a:t>TechNova</a:t></a:r><a:endParaRPr sz="8800" dirty="0"><a:solidFill><a:schemeClr val="accent1"><a:lumMod val="50000"/></a:schemeClr></a:solidFill></a:endParaRPr></a:p></p:txBody></p:sp><p:grpSp><p:nvGrpSpPr><p:cNvPr id="370" name="Google Shape;370;p45"/><p:cNvGrpSpPr/><p:nvPr/></p:nvGrpSpPr><p:grpSpPr><a:xfrm><a:off x="3628026" y="1581346"/><a:ext cx="1887980" cy="540684"/><a:chOff x="197381" y="477630"/><a:chExt cx="1361982" cy="390048"/></a:xfrm></p:grpSpPr><p:sp><p:nvSpPr><p:cNvPr id="371" name="Google Shape;371;p45"/><p:cNvSpPr/><p:nvPr/></p:nvSpPr><p:spPr><a:xfrm flipH="1"><a:off x="197381" y="477630"/><a:ext cx="265056" cy="390048"/></a:xfrm><a:custGeom><a:avLst/><a:gdLst/><a:ahLst/><a:cxnLst/><a:rect l="l" t="t" r="r" b="b"/><a:pathLst><a:path w="133027" h="195758" extrusionOk="0"><a:moveTo><a:pt x="65846" y="26249"/></a:moveTo><a:cubicBezTo><a:pt x="87201" y="26249"/><a:pt x="104108" y="43156"/><a:pt x="104108" y="64511"/></a:cubicBezTo><a:cubicBezTo><a:pt x="104108" y="85422"/><a:pt x="87201" y="102328"/><a:pt x="65846" y="102328"/></a:cubicBezTo><a:cubicBezTo><a:pt x="44936" y="102328"/><a:pt x="28029" y="85422"/><a:pt x="28029" y="64511"/></a:cubicBezTo><a:cubicBezTo><a:pt x="28029" y="43156"/><a:pt x="44936" y="26249"/><a:pt x="65846" y="26249"/></a:cubicBezTo><a:close/><a:moveTo><a:pt x="66291" y="0"/></a:moveTo><a:cubicBezTo><a:pt x="29809" y="0"/><a:pt x="0" y="29809"/><a:pt x="0" y="66291"/></a:cubicBezTo><a:cubicBezTo><a:pt x="0" y="84977"/><a:pt x="18241" y="118345"/><a:pt x="18241" y="118345"/></a:cubicBezTo><a:lnTo><a:pt x="64066" y="195758"/></a:lnTo><a:lnTo><a:pt x="111671" y="119234"/></a:lnTo><a:cubicBezTo><a:pt x="111671" y="119234"/><a:pt x="133027" y="87201"/><a:pt x="133027" y="66291"/></a:cubicBezTo><a:cubicBezTo><a:pt x="133027" y="29809"/><a:pt x="103218" y="0"/><a:pt x="66291" y="0"/></a:cubicBezTo><a:close/></a:path></a:pathLst></a:custGeom><a:solidFill><a:schemeClr val="accent2"/></a:solidFill><a:ln><a:noFill/></a:ln></p:spPr><p:txBody><a:bodyPr spcFirstLastPara="1" wrap="square" lIns="91425" tIns="91425" rIns="91425" bIns="91425" anchor="ctr" anchorCtr="0"><a:noAutofit/></a:bodyPr><a:lstStyle/><a:p><a:pPr marL="0" lvl="0" indent="0" algn="l" rtl="0"><a:spcBef><a:spcPts val="0"/></a:spcBef><a:spcAft><a:spcPts val="0"/></a:spcAft><a:buNone/></a:pPr><a:endParaRPr/></a:p></p:txBody></p:sp><p:sp><p:nvSpPr><p:cNvPr id="372" name="Google Shape;372;p45"/><p:cNvSpPr/><p:nvPr/></p:nvSpPr><p:spPr><a:xfrm flipH="1"><a:off x="563023" y="477630"/><a:ext cx="265056" cy="390048"/></a:xfrm><a:custGeom><a:avLst/><a:gdLst/><a:ahLst/><a:cxnLst/><a:rect l="l" t="t" r="r" b="b"/><a:pathLst><a:path w="133027" h="195758" extrusionOk="0"><a:moveTo><a:pt x="65846" y="26249"/></a:moveTo><a:cubicBezTo><a:pt x="87201" y="26249"/><a:pt x="104108" y="43156"/><a:pt x="104108" y="64511"/></a:cubicBezTo><a:cubicBezTo><a:pt x="104108" y="85422"/><a:pt x="87201" y="102328"/><a:pt x="65846" y="102328"/></a:cubicBezTo><a:cubicBezTo><a:pt x="44936" y="102328"/><a:pt x="28029" y="85422"/><a:pt x="28029" y="64511"/></a:cubicBezTo><a:cubicBezTo><a:pt x="28029" y="43156"/><a:pt x="44936" y="26249"/><a:pt x="65846" y="26249"/></a:cubicBezTo><a:close/><a:moveTo><a:pt x="66291" y="0"/></a:moveTo><a:cubicBezTo><a:pt x="29809" y="0"/><a:pt x="0" y="29809"/><a:pt x="0" y="66291"/></a:cubicBezTo><a:cubicBezTo><a:pt x="0" y="84977"/><a:pt x="18241" y="118345"/><a:pt x="18241" y="118345"/></a:cubicBezTo><a:lnTo><a:pt x="64066" y="195758"/></a:lnTo><a:lnTo><a:pt x="111671" y="119234"/></a:lnTo><a:cubicBezTo><a:pt x="111671" y="119234"/><a:pt x="133027" y="87201"/><a:pt x="133027" y="66291"/></a:cubicBezTo><a:cubicBezTo><a:pt x="133027" y="29809"/><a:pt x="103218" y="0"/><a:pt x="66291" y="0"/></a:cubicBezTo><a:close/></a:path></a:pathLst></a:custGeom><a:solidFill><a:schemeClr val="dk1"/></a:solidFill><a:ln><a:noFill/></a:ln></p:spPr><p:txBody><a:bodyPr spcFirstLastPara="1" wrap="square" lIns="91425" tIns="91425" rIns="91425" bIns="91425" anchor="ctr" anchorCtr="0"><a:noAutofit/></a:bodyPr><a:lstStyle/><a:p><a:pPr marL="0" lvl="0" indent="0" algn="l" rtl="0"><a:spcBef><a:spcPts val="0"/></a:spcBef><a:spcAft><a:spcPts val="0"/></a:spcAft><a:buNone/></a:pPr><a:endParaRPr/></a:p></p:txBody></p:sp><p:sp><p:nvSpPr><p:cNvPr id="373" name="Google Shape;373;p45"/><p:cNvSpPr/><p:nvPr/></p:nvSpPr><p:spPr><a:xfrm flipH="1"><a:off x="928665" y="477630"/><a:ext cx="265056" cy="390048"/></a:xfrm><a:custGeom><a:avLst/><a:gdLst/><a:ahLst/><a:cxnLst/><a:rect l="l" t="t" r="r" b="b"/><a:pathLst><a:path w="133027" h="195758" extrusionOk="0"><a:moveTo><a:pt x="65846" y="26249"/></a:moveTo><a:cubicBezTo><a:pt x="87201" y="26249"/><a:pt x="104108" y="43156"/><a:pt x="104108" y="64511"/></a:cubicBezTo><a:cubicBezTo><a:pt x="104108" y="85422"/><a:pt x="87201" y="102328"/><a:pt x="65846" y="102328"/></a:cubicBezTo><a:cubicBezTo><a:pt x="44936" y="102328"/><a:pt x="28029" y="85422"/><a:pt x="28029" y="64511"/></a:cubicBezTo><a:cubicBezTo><a:pt x="28029" y="43156"/><a:pt x="44936" y="26249"/><a:pt x="65846" y="26249"/></a:cubicBezTo><a:close/><a:moveTo><a:pt x="66291" y="0"/></a:moveTo><a:cubicBezTo><a:pt x="29809" y="0"/><a:pt x="0" y="29809"/><a:pt x="0" y="66291"/></a:cubicBezTo><a:cubicBezTo><a:pt x="0" y="84977"/><a:pt x="18241" y="118345"/><a:pt x="18241" y="118345"/></a:cubicBezTo><a:lnTo><a:pt x="64066" y="195758"/></a:lnTo><a:lnTo><a:pt x="111671" y="119234"/></a:lnTo><a:cubicBezTo><a:pt x="111671" y="119234"/><a:pt x="133027" y="87201"/><a:pt x="133027" y="66291"/></a:cubicBezTo><a:cubicBezTo><a:pt x="133027" y="29809"/><a:pt x="103218" y="0"/><a:pt x="66291" y="0"/></a:cubicBezTo><a:close/></a:path></a:pathLst></a:custGeom><a:solidFill><a:schemeClr val="accent2"/></a:solidFill><a:ln><a:noFill/></a:ln></p:spPr><p:txBody><a:bodyPr spcFirstLastPara="1" wrap="square" lIns="91425" tIns="91425" rIns="91425" bIns="91425" anchor="ctr" anchorCtr="0"><a:noAutofit/></a:bodyPr><a:lstStyle/><a:p><a:pPr marL="0" lvl="0" indent="0" algn="l" rtl="0"><a:spcBef><a:spcPts val="0"/></a:spcBef><a:spcAft><a:spcPts val="0"/></a:spcAft><a:buNone/></a:pPr><a:endParaRPr/></a:p></p:txBody></p:sp><p:sp><p:nvSpPr><p:cNvPr id="374" name="Google Shape;374;p45"/><p:cNvSpPr/><p:nvPr/></p:nvSpPr><p:spPr><a:xfrm flipH="1"><a:off x="1294307" y="477630"/><a:ext cx="265056" cy="390048"/></a:xfrm><a:custGeom><a:avLst/><a:gdLst/><a:ahLst/><a:cxnLst/><a:rect l="l" t="t" r="r" b="b"/><a:pathLst><a:path w="133027" h="195758" extrusionOk="0"><a:moveTo><a:pt x="65846" y="26249"/></a:moveTo><a:cubicBezTo><a:pt x="87201" y="26249"/><a:pt x="104108" y="43156"/><a:pt x="104108" y="64511"/></a:cubicBezTo><a:cubicBezTo><a:pt x="104108" y="85422"/><a:pt x="87201" y="102328"/><a:pt x="65846" y="102328"/></a:cubicBezTo><a:cubicBezTo><a:pt x="44936" y="102328"/><a:pt x="28029" y="85422"/><a:pt x="28029" y="64511"/></a:cubicBezTo><a:cubicBezTo><a:pt x="28029" y="43156"/><a:pt x="44936" y="26249"/><a:pt x="65846" y="26249"/></a:cubicBezTo><a:close/><a:moveTo><a:pt x="66291" y="0"/></a:moveTo><a:cubicBezTo><a:pt x="29809" y="0"/><a:pt x="0" y="29809"/><a:pt x="0" y="66291"/></a:cubicBezTo><a:cubicBezTo><a:pt x="0" y="84977"/><a:pt x="18241" y="118345"/><a:pt x="18241" y="118345"/></a:cubicBezTo><a:lnTo><a:pt x="64066" y="195758"/></a:lnTo><a:lnTo><a:pt x="111671" y="119234"/></a:lnTo><a:cubicBezTo><a:pt x="111671" y="119234"/><a:pt x="133027" y="87201"/><a:pt x="133027" y="66291"/></a:cubicBezTo><a:cubicBezTo><a:pt x="133027" y="29809"/><a:pt x="103218" y="0"/><a:pt x="66291" y="0"/></a:cubicBezTo><a:close/></a:path></a:pathLst></a:custGeom><a:solidFill><a:schemeClr val="accent2"/></a:solidFill><a:ln><a:noFill/></a:ln></p:spPr><p:txBody><a:bodyPr spcFirstLastPara="1" wrap="square" lIns="91425" tIns="91425" rIns="91425" bIns="91425" anchor="ctr" anchorCtr="0"><a:noAutofit/></a:bodyPr><a:lstStyle/><a:p><a:pPr marL="0" lvl="0" indent="0" algn="l" rtl="0"><a:spcBef><a:spcPts val="0"/></a:spcBef><a:spcAft><a:spcPts val="0"/></a:spcAft><a:buNone/></a:pPr><a:endParaRPr/></a:p></p:txBody></p:sp></p:grpSp></p:spTree></p:cSld><p:clrMapOvr><a:masterClrMapping/></p:clrMapOvr><mc:AlternateContent xmlns:mc="http://schemas.openxmlformats.org/markup-compatibility/2006"><mc:Choice xmlns:p15="http://schemas.microsoft.com/office/powerpoint/2012/main" Requires="p15"><p:transition spd="slow" xmlns:p14="http://schemas.microsoft.com/office/powerpoint/2010/main" p14:dur="1250"><p15:prstTrans prst="peelOff"/></p:transition></mc:Choice><mc:Fallback><p:transition spd="slow"><p:fade/></p:transition></mc:Fallback></mc:AlternateContent></p:sld>