<?xml version="1.0" encoding="UTF-8" standalone="yes"?>
<p:sld xmlns:a="http://schemas.openxmlformats.org/drawingml/2006/main" xmlns:r="http://schemas.openxmlformats.org/officeDocument/2006/relationships" xmlns:p="http://schemas.openxmlformats.org/presentationml/2006/main"><p:cSld><p:spTree><p:nvGrpSpPr><p:cNvPr id="1" name="Shape 785"/><p:cNvGrpSpPr/><p:nvPr/></p:nvGrpSpPr><p:grpSpPr><a:xfrm><a:off x="0" y="0"/><a:ext cx="0" cy="0"/><a:chOff x="0" y="0"/><a:chExt cx="0" cy="0"/></a:xfrm></p:grpSpPr><p:sp><p:nvSpPr><p:cNvPr id="6" name="Rectangle: Rounded Corners 5"><a:extLst><a:ext uri="{FF2B5EF4-FFF2-40B4-BE49-F238E27FC236}"><a16:creationId xmlns:a16="http://schemas.microsoft.com/office/drawing/2014/main" id="{F8E7DBB0-7CFC-42A4-B34F-F1A003A3AE97}"/></a:ext></a:extLst></p:cNvPr><p:cNvSpPr/><p:nvPr/></p:nvSpPr><p:spPr><a:xfrm><a:off x="223200" y="295200"/><a:ext cx="1605600" cy="900000"/></a:xfrm><a:prstGeom prst="roundRect"><a:avLst/></a:prstGeom></p:spPr><p:style><a:lnRef idx="2"><a:schemeClr val="accent1"><a:shade val="50000"/></a:schemeClr></a:lnRef><a:fillRef idx="1"><a:schemeClr val="accent1"/></a:fillRef><a:effectRef idx="0"><a:schemeClr val="accent1"/></a:effectRef><a:fontRef idx="minor"><a:schemeClr val="lt1"/></a:fontRef></p:style><p:txBody><a:bodyPr rtlCol="0" anchor="ctr"/><a:lstStyle/><a:p><a:pPr algn="ctr"/><a:r><a:rPr lang="en-IN" sz="1800" b="1" dirty="0"><a:solidFill><a:schemeClr val="accent2"><a:lumMod val="50000"/></a:schemeClr></a:solidFill></a:rPr><a:t>API</a:t></a:r></a:p><a:p><a:pPr algn="ctr"/><a:r><a:rPr lang="en-IN" b="1" dirty="0"><a:solidFill><a:schemeClr val="accent2"><a:lumMod val="50000"/></a:schemeClr></a:solidFill></a:rPr><a:t>(Data Manager)</a:t></a:r></a:p></p:txBody></p:sp><p:sp><p:nvSpPr><p:cNvPr id="7" name="Rectangle: Rounded Corners 6"><a:extLst><a:ext uri="{FF2B5EF4-FFF2-40B4-BE49-F238E27FC236}"><a16:creationId xmlns:a16="http://schemas.microsoft.com/office/drawing/2014/main" id="{93A15062-B4A5-4E3E-8473-22F6F93F3208}"/></a:ext></a:extLst></p:cNvPr><p:cNvSpPr/><p:nvPr/></p:nvSpPr><p:spPr><a:xfrm><a:off x="3441600" y="295200"/><a:ext cx="1994400" cy="3232800"/></a:xfrm><a:prstGeom prst="roundRect"><a:avLst/></a:prstGeom></p:spPr><p:style><a:lnRef idx="2"><a:schemeClr val="accent1"><a:shade val="50000"/></a:schemeClr></a:lnRef><a:fillRef idx="1"><a:schemeClr val="accent1"/></a:fillRef><a:effectRef idx="0"><a:schemeClr val="accent1"/></a:effectRef><a:fontRef idx="minor"><a:schemeClr val="lt1"/></a:fontRef></p:style><p:txBody><a:bodyPr rtlCol="0" anchor="ctr"/><a:lstStyle/><a:p><a:pPr algn="ctr"/><a:r><a:rPr lang="en-IN" sz="1800" b="1" dirty="0"><a:solidFill><a:schemeClr val="accent2"><a:lumMod val="50000"/></a:schemeClr></a:solidFill></a:rPr><a:t>SCREEN</a:t></a:r></a:p><a:p><a:pPr marL="285750" indent="-285750"><a:buFont typeface="Wingdings" panose="05000000000000000000" pitchFamily="2" charset="2"/><a:buChar char="§"/></a:pPr><a:r><a:rPr lang="en-IN" b="1" dirty="0"><a:solidFill><a:schemeClr val="accent2"><a:lumMod val="50000"/></a:schemeClr></a:solidFill></a:rPr><a:t>Dashboard</a:t></a:r></a:p><a:p><a:pPr marL="285750" indent="-285750"><a:buFont typeface="Wingdings" panose="05000000000000000000" pitchFamily="2" charset="2"/><a:buChar char="§"/></a:pPr><a:r><a:rPr lang="en-IN" b="1" dirty="0"><a:solidFill><a:schemeClr val="accent2"><a:lumMod val="50000"/></a:schemeClr></a:solidFill></a:rPr><a:t>Details</a:t></a:r></a:p><a:p><a:pPr marL="285750" indent="-285750"><a:buFont typeface="Wingdings" panose="05000000000000000000" pitchFamily="2" charset="2"/><a:buChar char="§"/></a:pPr><a:r><a:rPr lang="en-IN" b="1" dirty="0"><a:solidFill><a:schemeClr val="accent2"><a:lumMod val="50000"/></a:schemeClr></a:solidFill></a:rPr><a:t>Discover</a:t></a:r></a:p><a:p><a:pPr marL="285750" indent="-285750"><a:buFont typeface="Wingdings" panose="05000000000000000000" pitchFamily="2" charset="2"/><a:buChar char="§"/></a:pPr><a:r><a:rPr lang="en-IN" b="1" dirty="0"><a:solidFill><a:schemeClr val="accent2"><a:lumMod val="50000"/></a:schemeClr></a:solidFill></a:rPr><a:t>Favourites</a:t></a:r></a:p><a:p><a:pPr marL="285750" indent="-285750"><a:buFont typeface="Wingdings" panose="05000000000000000000" pitchFamily="2" charset="2"/><a:buChar char="§"/></a:pPr><a:r><a:rPr lang="en-IN" b="1" dirty="0"><a:solidFill><a:schemeClr val="accent2"><a:lumMod val="50000"/></a:schemeClr></a:solidFill></a:rPr><a:t>Forgot</a:t></a:r></a:p><a:p><a:pPr marL="285750" indent="-285750"><a:buFont typeface="Wingdings" panose="05000000000000000000" pitchFamily="2" charset="2"/><a:buChar char="§"/></a:pPr><a:r><a:rPr lang="en-IN" b="1" dirty="0"><a:solidFill><a:schemeClr val="accent2"><a:lumMod val="50000"/></a:schemeClr></a:solidFill></a:rPr><a:t>Password</a:t></a:r></a:p><a:p><a:pPr marL="285750" indent="-285750"><a:buFont typeface="Wingdings" panose="05000000000000000000" pitchFamily="2" charset="2"/><a:buChar char="§"/></a:pPr><a:r><a:rPr lang="en-IN" b="1" dirty="0"><a:solidFill><a:schemeClr val="accent2"><a:lumMod val="50000"/></a:schemeClr></a:solidFill></a:rPr><a:t>Login</a:t></a:r></a:p><a:p><a:pPr marL="285750" indent="-285750"><a:buFont typeface="Wingdings" panose="05000000000000000000" pitchFamily="2" charset="2"/><a:buChar char="§"/></a:pPr><a:r><a:rPr lang="en-IN" b="1" dirty="0"><a:solidFill><a:schemeClr val="accent2"><a:lumMod val="50000"/></a:schemeClr></a:solidFill></a:rPr><a:t>Map</a:t></a:r></a:p><a:p><a:pPr marL="285750" indent="-285750"><a:buFont typeface="Wingdings" panose="05000000000000000000" pitchFamily="2" charset="2"/><a:buChar char="§"/></a:pPr><a:r><a:rPr lang="en-IN" b="1" dirty="0"><a:solidFill><a:schemeClr val="accent2"><a:lumMod val="50000"/></a:schemeClr></a:solidFill></a:rPr><a:t>Profile</a:t></a:r></a:p><a:p><a:pPr marL="285750" indent="-285750"><a:buFont typeface="Wingdings" panose="05000000000000000000" pitchFamily="2" charset="2"/><a:buChar char="§"/></a:pPr><a:r><a:rPr lang="en-IN" b="1" dirty="0"><a:solidFill><a:schemeClr val="accent2"><a:lumMod val="50000"/></a:schemeClr></a:solidFill></a:rPr><a:t>Signup</a:t></a:r></a:p><a:p><a:pPr marL="285750" indent="-285750"><a:buFont typeface="Wingdings" panose="05000000000000000000" pitchFamily="2" charset="2"/><a:buChar char="§"/></a:pPr><a:r><a:rPr lang="en-IN" b="1" dirty="0"><a:solidFill><a:schemeClr val="accent2"><a:lumMod val="50000"/></a:schemeClr></a:solidFill></a:rPr><a:t>Splash Screen</a:t></a:r></a:p><a:p><a:pPr algn="ctr"/><a:endParaRPr lang="en-IN" b="1" dirty="0"><a:solidFill><a:schemeClr val="accent2"><a:lumMod val="50000"/></a:schemeClr></a:solidFill></a:endParaRPr></a:p></p:txBody></p:sp><p:sp><p:nvSpPr><p:cNvPr id="15" name="Rectangle: Rounded Corners 14"><a:extLst><a:ext uri="{FF2B5EF4-FFF2-40B4-BE49-F238E27FC236}"><a16:creationId xmlns:a16="http://schemas.microsoft.com/office/drawing/2014/main" id="{E12CD16B-79C2-47C4-BE86-DFB189E29DD1}"/></a:ext></a:extLst></p:cNvPr><p:cNvSpPr/><p:nvPr/></p:nvSpPr><p:spPr><a:xfrm><a:off x="6912000" y="295200"/><a:ext cx="1857600" cy="900000"/></a:xfrm><a:prstGeom prst="roundRect"><a:avLst/></a:prstGeom></p:spPr><p:style><a:lnRef idx="2"><a:schemeClr val="accent1"><a:shade val="50000"/></a:schemeClr></a:lnRef><a:fillRef idx="1"><a:schemeClr val="accent1"/></a:fillRef><a:effectRef idx="0"><a:schemeClr val="accent1"/></a:effectRef><a:fontRef idx="minor"><a:schemeClr val="lt1"/></a:fontRef></p:style><p:txBody><a:bodyPr rtlCol="0" anchor="ctr"/><a:lstStyle/><a:p><a:pPr algn="ctr"/><a:r><a:rPr lang="en-IN" b="1" dirty="0"><a:solidFill><a:schemeClr val="accent1"><a:lumMod val="50000"/></a:schemeClr></a:solidFill></a:rPr><a:t>COMPONENTS</a:t></a:r></a:p><a:p><a:pPr marL="285750" indent="-285750"><a:buFont typeface="Arial" panose="020B0604020202020204" pitchFamily="34" charset="0"/><a:buChar char="•"/></a:pPr><a:r><a:rPr lang="en-IN" b="1" dirty="0"><a:solidFill><a:schemeClr val="accent1"><a:lumMod val="50000"/></a:schemeClr></a:solidFill></a:rPr><a:t>Profile List Item</a:t></a:r></a:p><a:p><a:pPr marL="285750" indent="-285750"><a:buFont typeface="Arial" panose="020B0604020202020204" pitchFamily="34" charset="0"/><a:buChar char="•"/></a:pPr><a:r><a:rPr lang="en-IN" b="1" dirty="0"><a:solidFill><a:schemeClr val="accent1"><a:lumMod val="50000"/></a:schemeClr></a:solidFill></a:rPr><a:t>Stars Widget</a:t></a:r></a:p></p:txBody></p:sp><p:sp><p:nvSpPr><p:cNvPr id="16" name="Rectangle: Rounded Corners 15"><a:extLst><a:ext uri="{FF2B5EF4-FFF2-40B4-BE49-F238E27FC236}"><a16:creationId xmlns:a16="http://schemas.microsoft.com/office/drawing/2014/main" id="{67F6D2AC-5E21-41E7-9877-05FD9FC68CD4}"/></a:ext></a:extLst></p:cNvPr><p:cNvSpPr/><p:nvPr/></p:nvSpPr><p:spPr><a:xfrm><a:off x="3506400" y="4003200"/><a:ext cx="1929600" cy="900000"/></a:xfrm><a:prstGeom prst="roundRect"><a:avLst/></a:prstGeom></p:spPr><p:style><a:lnRef idx="2"><a:schemeClr val="accent1"><a:shade val="50000"/></a:schemeClr></a:lnRef><a:fillRef idx="1"><a:schemeClr val="accent1"/></a:fillRef><a:effectRef idx="0"><a:schemeClr val="accent1"/></a:effectRef><a:fontRef idx="minor"><a:schemeClr val="lt1"/></a:fontRef></p:style><p:txBody><a:bodyPr rtlCol="0" anchor="ctr"/><a:lstStyle/><a:p><a:pPr algn="ctr"/><a:r><a:rPr lang="en-IN" b="1" dirty="0"><a:solidFill><a:schemeClr val="accent1"><a:lumMod val="50000"/></a:schemeClr></a:solidFill></a:rPr><a:t>MAIN</a:t></a:r></a:p><a:p><a:pPr algn="ctr"/><a:r><a:rPr lang="en-IN" b="1" dirty="0"><a:solidFill><a:schemeClr val="accent1"><a:lumMod val="50000"/></a:schemeClr></a:solidFill></a:rPr><a:t>(</a:t></a:r><a:r><a:rPr lang="en-IN" b="1" dirty="0" err="1"><a:solidFill><a:schemeClr val="accent1"><a:lumMod val="50000"/></a:schemeClr></a:solidFill></a:rPr><a:t>main.dart</a:t></a:r><a:r><a:rPr lang="en-IN" b="1" dirty="0"><a:solidFill><a:schemeClr val="accent1"><a:lumMod val="50000"/></a:schemeClr></a:solidFill></a:rPr><a:t>)</a:t></a:r></a:p></p:txBody></p:sp><p:cxnSp><p:nvCxnSpPr><p:cNvPr id="14" name="Straight Connector 13"><a:extLst><a:ext uri="{FF2B5EF4-FFF2-40B4-BE49-F238E27FC236}"><a16:creationId xmlns:a16="http://schemas.microsoft.com/office/drawing/2014/main" id="{E4502D9A-D8B0-4348-83D5-5BB0AB7AEB2F}"/></a:ext></a:extLst></p:cNvPr><p:cNvCxnSpPr><a:stCxn id="6" idx="2"/></p:cNvCxnSpPr><p:nvPr/></p:nvCxnSpPr><p:spPr><a:xfrm><a:off x="1026000" y="1195200"/><a:ext cx="3600" cy="3160800"/></a:xfrm><a:prstGeom prst="line"><a:avLst/></a:prstGeom></p:spPr><p:style><a:lnRef idx="1"><a:schemeClr val="accent1"/></a:lnRef><a:fillRef idx="0"><a:schemeClr val="accent1"/></a:fillRef><a:effectRef idx="0"><a:schemeClr val="accent1"/></a:effectRef><a:fontRef idx="minor"><a:schemeClr val="tx1"/></a:fontRef></p:style></p:cxnSp><p:cxnSp><p:nvCxnSpPr><p:cNvPr id="24" name="Straight Connector 23"><a:extLst><a:ext uri="{FF2B5EF4-FFF2-40B4-BE49-F238E27FC236}"><a16:creationId xmlns:a16="http://schemas.microsoft.com/office/drawing/2014/main" id="{6CBED1A6-B2BE-4A9A-979D-D8DF9C52E4FA}"/></a:ext></a:extLst></p:cNvPr><p:cNvCxnSpPr/><p:nvPr/></p:nvCxnSpPr><p:spPr><a:xfrm><a:off x="7912800" y="1195200"/><a:ext cx="3600" cy="3160800"/></a:xfrm><a:prstGeom prst="line"><a:avLst/></a:prstGeom></p:spPr><p:style><a:lnRef idx="1"><a:schemeClr val="accent1"/></a:lnRef><a:fillRef idx="0"><a:schemeClr val="accent1"/></a:fillRef><a:effectRef idx="0"><a:schemeClr val="accent1"/></a:effectRef><a:fontRef idx="minor"><a:schemeClr val="tx1"/></a:fontRef></p:style></p:cxnSp><p:cxnSp><p:nvCxnSpPr><p:cNvPr id="18" name="Straight Arrow Connector 17"><a:extLst><a:ext uri="{FF2B5EF4-FFF2-40B4-BE49-F238E27FC236}"><a16:creationId xmlns:a16="http://schemas.microsoft.com/office/drawing/2014/main" id="{D3AA1353-8D2A-42CA-BA7A-E2B14FBC26E4}"/></a:ext></a:extLst></p:cNvPr><p:cNvCxnSpPr><a:cxnSpLocks/></p:cNvCxnSpPr><p:nvPr/></p:nvCxnSpPr><p:spPr><a:xfrm><a:off x="1026000" y="4356000"/><a:ext cx="2480400" cy="0"/></a:xfrm><a:prstGeom prst="straightConnector1"><a:avLst/></a:prstGeom><a:ln><a:tailEnd type="triangle"/></a:ln></p:spPr><p:style><a:lnRef idx="1"><a:schemeClr val="accent1"/></a:lnRef><a:fillRef idx="0"><a:schemeClr val="accent1"/></a:fillRef><a:effectRef idx="0"><a:schemeClr val="accent1"/></a:effectRef><a:fontRef idx="minor"><a:schemeClr val="tx1"/></a:fontRef></p:style></p:cxnSp><p:cxnSp><p:nvCxnSpPr><p:cNvPr id="21" name="Straight Arrow Connector 20"><a:extLst><a:ext uri="{FF2B5EF4-FFF2-40B4-BE49-F238E27FC236}"><a16:creationId xmlns:a16="http://schemas.microsoft.com/office/drawing/2014/main" id="{EE13F155-F3F3-45F1-BE25-DE2611B50178}"/></a:ext></a:extLst></p:cNvPr><p:cNvCxnSpPr><a:cxnSpLocks/></p:cNvCxnSpPr><p:nvPr/></p:nvCxnSpPr><p:spPr><a:xfrm flipH="1"><a:off x="5436000" y="4356000"/><a:ext cx="2476800" cy="0"/></a:xfrm><a:prstGeom prst="straightConnector1"><a:avLst/></a:prstGeom><a:ln><a:tailEnd type="triangle"/></a:ln></p:spPr><p:style><a:lnRef idx="1"><a:schemeClr val="accent1"/></a:lnRef><a:fillRef idx="0"><a:schemeClr val="accent1"/></a:fillRef><a:effectRef idx="0"><a:schemeClr val="accent1"/></a:effectRef><a:fontRef idx="minor"><a:schemeClr val="tx1"/></a:fontRef></p:style></p:cxnSp><p:cxnSp><p:nvCxnSpPr><p:cNvPr id="25" name="Straight Arrow Connector 24"><a:extLst><a:ext uri="{FF2B5EF4-FFF2-40B4-BE49-F238E27FC236}"><a16:creationId xmlns:a16="http://schemas.microsoft.com/office/drawing/2014/main" id="{1261AE64-4AD5-48B4-BF77-87F0549EACF5}"/></a:ext></a:extLst></p:cNvPr><p:cNvCxnSpPr><a:cxnSpLocks/></p:cNvCxnSpPr><p:nvPr/></p:nvCxnSpPr><p:spPr><a:xfrm><a:off x="4471200" y="3499200"/><a:ext cx="0" cy="504000"/></a:xfrm><a:prstGeom prst="straightConnector1"><a:avLst/></a:prstGeom><a:ln><a:tailEnd type="triangle"/></a:ln></p:spPr><p:style><a:lnRef idx="1"><a:schemeClr val="accent1"/></a:lnRef><a:fillRef idx="0"><a:schemeClr val="accent1"/></a:fillRef><a:effectRef idx="0"><a:schemeClr val="accent1"/></a:effectRef><a:fontRef idx="minor"><a:schemeClr val="tx1"/></a:fontRef></p:style></p:cxnSp></p:spTree></p:cSld><p:clrMapOvr><a:masterClrMapping/></p:clrMapOvr><mc:AlternateContent xmlns:mc="http://schemas.openxmlformats.org/markup-compatibility/2006"><mc:Choice xmlns:p15="http://schemas.microsoft.com/office/powerpoint/2012/main" Requires="p15"><p:transition spd="slow" xmlns:p14="http://schemas.microsoft.com/office/powerpoint/2010/main" p14:dur="1250"><p15:prstTrans prst="peelOff"/></p:transition></mc:Choice><mc:Fallback><p:transition spd="slow"><p:fade/></p:transition></mc:Fallback></mc:AlternateContent></p:sld>