<?xml version="1.0" encoding="UTF-8" standalone="yes"?>
<p:sld xmlns:a="http://schemas.openxmlformats.org/drawingml/2006/main" xmlns:r="http://schemas.openxmlformats.org/officeDocument/2006/relationships" xmlns:p="http://schemas.openxmlformats.org/presentationml/2006/main"><p:cSld><p:spTree><p:nvGrpSpPr><p:cNvPr id="1" name="Shape 328"/><p:cNvGrpSpPr/><p:nvPr/></p:nvGrpSpPr><p:grpSpPr><a:xfrm><a:off x="0" y="0"/><a:ext cx="0" cy="0"/><a:chOff x="0" y="0"/><a:chExt cx="0" cy="0"/></a:xfrm></p:grpSpPr><p:sp><p:nvSpPr><p:cNvPr id="329" name="Google Shape;329;p42"/><p:cNvSpPr txBox="1"><a:spLocks noGrp="1"/></p:cNvSpPr><p:nvPr><p:ph type="title"/></p:nvPr></p:nvSpPr><p:spPr><a:xfrm><a:off x="713250" y="-4129"/><a:ext cx="7717500" cy="572700"/></a:xfrm><a:prstGeom prst="rect"><a:avLst/></a:prstGeom></p:spPr><p:txBody><a:bodyPr spcFirstLastPara="1" wrap="square" lIns="91425" tIns="91425" rIns="91425" bIns="91425" anchor="t" anchorCtr="0"><a:noAutofit/></a:bodyPr><a:lstStyle/><a:p><a:pPr marL="0" lvl="0" indent="0" algn="ctr" rtl="0"><a:spcBef><a:spcPts val="0"/></a:spcBef><a:spcAft><a:spcPts val="0"/></a:spcAft><a:buClr><a:schemeClr val="dk1"/></a:buClr><a:buSzPts val="1100"/><a:buFont typeface="Arial"/><a:buNone/></a:pPr><a:r><a:rPr lang="en-IN" dirty="0"><a:solidFill><a:schemeClr val="accent2"><a:lumMod val="50000"/></a:schemeClr></a:solidFill></a:rPr><a:t>FACILITIES WE PROVIDE</a:t></a:r><a:br><a:rPr lang="en-IN" dirty="0"/></a:br><a:endParaRPr dirty="0"/></a:p></p:txBody></p:sp><p:sp><p:nvSpPr><p:cNvPr id="330" name="Google Shape;330;p42"/><p:cNvSpPr txBox="1"><a:spLocks noGrp="1"/></p:cNvSpPr><p:nvPr><p:ph type="title" idx="2"/></p:nvPr></p:nvSpPr><p:spPr><a:xfrm><a:off x="456264" y="2113745"/><a:ext cx="2320800" cy="572700"/></a:xfrm><a:prstGeom prst="rect"><a:avLst/></a:prstGeom></p:spPr><p:txBody><a:bodyPr spcFirstLastPara="1" wrap="square" lIns="91425" tIns="91425" rIns="91425" bIns="91425" anchor="t" anchorCtr="0"><a:noAutofit/></a:bodyPr><a:lstStyle/><a:p><a:pPr marL="0" lvl="0" indent="0" algn="ctr" rtl="0"><a:spcBef><a:spcPts val="0"/></a:spcBef><a:spcAft><a:spcPts val="0"/></a:spcAft><a:buNone/></a:pPr><a:r><a:rPr lang="en" dirty="0"/><a:t>TAXI BOOKING</a:t></a:r><a:endParaRPr dirty="0"/></a:p></p:txBody></p:sp><p:sp><p:nvSpPr><p:cNvPr id="332" name="Google Shape;332;p42"/><p:cNvSpPr txBox="1"><a:spLocks noGrp="1"/></p:cNvSpPr><p:nvPr><p:ph type="title" idx="3"/></p:nvPr></p:nvSpPr><p:spPr><a:xfrm><a:off x="3411600" y="1964320"/><a:ext cx="2320800" cy="572700"/></a:xfrm><a:prstGeom prst="rect"><a:avLst/></a:prstGeom></p:spPr><p:txBody><a:bodyPr spcFirstLastPara="1" wrap="square" lIns="91425" tIns="91425" rIns="91425" bIns="91425" anchor="t" anchorCtr="0"><a:noAutofit/></a:bodyPr><a:lstStyle/><a:p><a:pPr marL="0" lvl="0" indent="0" algn="ctr" rtl="0"><a:spcBef><a:spcPts val="0"/></a:spcBef><a:spcAft><a:spcPts val="0"/></a:spcAft><a:buNone/></a:pPr><a:r><a:rPr lang="en" dirty="0"/><a:t>NEARBY</a:t></a:r><a:br><a:rPr lang="en" dirty="0"/></a:br><a:r><a:rPr lang="en" dirty="0"/><a:t>RESTAURANT</a:t></a:r><a:endParaRPr dirty="0"/></a:p></p:txBody></p:sp><p:sp><p:nvSpPr><p:cNvPr id="334" name="Google Shape;334;p42"/><p:cNvSpPr txBox="1"><a:spLocks noGrp="1"/></p:cNvSpPr><p:nvPr><p:ph type="title" idx="5"/></p:nvPr></p:nvSpPr><p:spPr><a:xfrm><a:off x="6116519" y="2055608"/><a:ext cx="2320800" cy="572700"/></a:xfrm><a:prstGeom prst="rect"><a:avLst/></a:prstGeom></p:spPr><p:txBody><a:bodyPr spcFirstLastPara="1" wrap="square" lIns="91425" tIns="91425" rIns="91425" bIns="91425" anchor="t" anchorCtr="0"><a:noAutofit/></a:bodyPr><a:lstStyle/><a:p><a:pPr marL="0" lvl="0" indent="0" algn="ctr" rtl="0"><a:spcBef><a:spcPts val="0"/></a:spcBef><a:spcAft><a:spcPts val="0"/></a:spcAft><a:buNone/></a:pPr><a:r><a:rPr lang="en" dirty="0"/><a:t>PAYMENT </a:t></a:r><a:br><a:rPr lang="en" dirty="0"/></a:br><a:r><a:rPr lang="en" dirty="0"/><a:t>GATEWAY</a:t></a:r><a:endParaRPr dirty="0"/></a:p></p:txBody></p:sp><p:pic><p:nvPicPr><p:cNvPr id="3" name="Graphic 2" descr="Taxi with solid fill"><a:extLst><a:ext uri="{FF2B5EF4-FFF2-40B4-BE49-F238E27FC236}"><a16:creationId xmlns:a16="http://schemas.microsoft.com/office/drawing/2014/main" id="{E1560A37-2A0D-4C2F-B16A-93776E112024}"/></a:ext></a:extLst></p:cNvPr><p:cNvPicPr><a:picLocks noChangeAspect="1"/></p:cNvPicPr><p:nvPr/></p:nvPicPr><p:blipFill><a:blip r:embed="rId3"><a:extLst><a:ext uri="{96DAC541-7B7A-43D3-8B79-37D633B846F1}"><asvg:svgBlip xmlns:asvg="http://schemas.microsoft.com/office/drawing/2016/SVG/main" r:embed="rId4"/></a:ext></a:extLst></a:blip><a:stretch><a:fillRect/></a:stretch></p:blipFill><p:spPr><a:xfrm><a:off x="1159464" y="928183"/><a:ext cx="914400" cy="914400"/></a:xfrm><a:prstGeom prst="rect"><a:avLst/></a:prstGeom></p:spPr></p:pic><p:pic><p:nvPicPr><p:cNvPr id="7" name="Graphic 6" descr="Restaurant with solid fill"><a:extLst><a:ext uri="{FF2B5EF4-FFF2-40B4-BE49-F238E27FC236}"><a16:creationId xmlns:a16="http://schemas.microsoft.com/office/drawing/2014/main" id="{F6F960FE-B4B8-4324-9736-E83138825AE1}"/></a:ext></a:extLst></p:cNvPr><p:cNvPicPr><a:picLocks noChangeAspect="1"/></p:cNvPicPr><p:nvPr/></p:nvPicPr><p:blipFill><a:blip r:embed="rId5"><a:extLst><a:ext uri="{96DAC541-7B7A-43D3-8B79-37D633B846F1}"><asvg:svgBlip xmlns:asvg="http://schemas.microsoft.com/office/drawing/2016/SVG/main" r:embed="rId6"/></a:ext></a:extLst></a:blip><a:stretch><a:fillRect/></a:stretch></p:blipFill><p:spPr><a:xfrm><a:off x="4114800" y="1022300"/><a:ext cx="914400" cy="914400"/></a:xfrm><a:prstGeom prst="rect"><a:avLst/></a:prstGeom></p:spPr></p:pic><p:pic><p:nvPicPr><p:cNvPr id="11" name="Graphic 10" descr="Internet Banking with solid fill"><a:extLst><a:ext uri="{FF2B5EF4-FFF2-40B4-BE49-F238E27FC236}"><a16:creationId xmlns:a16="http://schemas.microsoft.com/office/drawing/2014/main" id="{DD933725-98B6-4FE3-80DD-F4A3D7DD5B10}"/></a:ext></a:extLst></p:cNvPr><p:cNvPicPr><a:picLocks noChangeAspect="1"/></p:cNvPicPr><p:nvPr/></p:nvPicPr><p:blipFill><a:blip r:embed="rId7"><a:extLst><a:ext uri="{96DAC541-7B7A-43D3-8B79-37D633B846F1}"><asvg:svgBlip xmlns:asvg="http://schemas.microsoft.com/office/drawing/2016/SVG/main" r:embed="rId8"/></a:ext></a:extLst></a:blip><a:stretch><a:fillRect/></a:stretch></p:blipFill><p:spPr><a:xfrm><a:off x="6819719" y="1022300"/><a:ext cx="914400" cy="914400"/></a:xfrm><a:prstGeom prst="rect"><a:avLst/></a:prstGeom></p:spPr></p:pic><p:pic><p:nvPicPr><p:cNvPr id="15" name="Graphic 14" descr="Customer review with solid fill"><a:extLst><a:ext uri="{FF2B5EF4-FFF2-40B4-BE49-F238E27FC236}"><a16:creationId xmlns:a16="http://schemas.microsoft.com/office/drawing/2014/main" id="{2CEEDC37-6510-478C-8561-AA2D75D93D86}"/></a:ext></a:extLst></p:cNvPr><p:cNvPicPr><a:picLocks noChangeAspect="1"/></p:cNvPicPr><p:nvPr/></p:nvPicPr><p:blipFill><a:blip r:embed="rId9"><a:extLst><a:ext uri="{96DAC541-7B7A-43D3-8B79-37D633B846F1}"><asvg:svgBlip xmlns:asvg="http://schemas.microsoft.com/office/drawing/2016/SVG/main" r:embed="rId10"/></a:ext></a:extLst></a:blip><a:stretch><a:fillRect/></a:stretch></p:blipFill><p:spPr><a:xfrm><a:off x="2496048" y="2910651"/><a:ext cx="914400" cy="914400"/></a:xfrm><a:prstGeom prst="rect"><a:avLst/></a:prstGeom></p:spPr></p:pic><p:sp><p:nvSpPr><p:cNvPr id="37" name="Google Shape;332;p42"><a:extLst><a:ext uri="{FF2B5EF4-FFF2-40B4-BE49-F238E27FC236}"><a16:creationId xmlns:a16="http://schemas.microsoft.com/office/drawing/2014/main" id="{0F8026C7-91D5-4446-8F01-01B1CA03CB69}"/></a:ext></a:extLst></p:cNvPr><p:cNvSpPr txBox="1"><a:spLocks/></p:cNvSpPr><p:nvPr/></p:nvSpPr><p:spPr><a:xfrm><a:off x="1616664" y="3891675"/><a:ext cx="2867280" cy="572700"/></a:xfrm><a:prstGeom prst="rect"><a:avLst/></a:prstGeom><a:noFill/><a:ln><a:noFill/></a:ln></p:spPr><p:txBody><a:bodyPr spcFirstLastPara="1" wrap="square" lIns="91425" tIns="91425" rIns="91425" bIns="91425" anchor="t" anchorCtr="0"><a:noAutofit/></a:bodyPr><a:lstStyle><a:defPPr marR="0" lvl="0" algn="l" rtl="0"><a:lnSpc><a:spcPct val="100000"/></a:lnSpc><a:spcBef><a:spcPts val="0"/></a:spcBef><a:spcAft><a:spcPts val="0"/></a:spcAft></a:defPPr><a:lvl1pPr marR="0" lvl="0" algn="ctr" rtl="0"><a:lnSpc><a:spcPct val="100000"/></a:lnSpc><a:spcBef><a:spcPts val="0"/></a:spcBef><a:spcAft><a:spcPts val="0"/></a:spcAft><a:buClr><a:schemeClr val="accent1"/></a:buClr><a:buSzPts val="1800"/><a:buFont typeface="Just Another Hand"/><a:buNone/><a:defRPr sz="3000" b="0" i="0" u="none" strike="noStrike" cap="none"><a:solidFill><a:schemeClr val="accent1"/></a:solidFill><a:latin typeface="Just Another Hand"/><a:ea typeface="Just Another Hand"/><a:cs typeface="Just Another Hand"/><a:sym typeface="Just Another Hand"/></a:defRPr></a:lvl1pPr><a:lvl2pPr marR="0" lvl="1" algn="ctr" rtl="0"><a:lnSpc><a:spcPct val="100000"/></a:lnSpc><a:spcBef><a:spcPts val="0"/></a:spcBef><a:spcAft><a:spcPts val="0"/></a:spcAft><a:buClr><a:schemeClr val="dk1"/></a:buClr><a:buSzPts val="3800"/><a:buFont typeface="Montserrat"/><a:buNone/><a:defRPr sz="3800" b="1" i="0" u="none" strike="noStrike" cap="none"><a:solidFill><a:schemeClr val="dk1"/></a:solidFill><a:latin typeface="Montserrat"/><a:ea typeface="Montserrat"/><a:cs typeface="Montserrat"/><a:sym typeface="Montserrat"/></a:defRPr></a:lvl2pPr><a:lvl3pPr marR="0" lvl="2" algn="ctr" rtl="0"><a:lnSpc><a:spcPct val="100000"/></a:lnSpc><a:spcBef><a:spcPts val="0"/></a:spcBef><a:spcAft><a:spcPts val="0"/></a:spcAft><a:buClr><a:schemeClr val="dk1"/></a:buClr><a:buSzPts val="3800"/><a:buFont typeface="Montserrat"/><a:buNone/><a:defRPr sz="3800" b="1" i="0" u="none" strike="noStrike" cap="none"><a:solidFill><a:schemeClr val="dk1"/></a:solidFill><a:latin typeface="Montserrat"/><a:ea typeface="Montserrat"/><a:cs typeface="Montserrat"/><a:sym typeface="Montserrat"/></a:defRPr></a:lvl3pPr><a:lvl4pPr marR="0" lvl="3" algn="ctr" rtl="0"><a:lnSpc><a:spcPct val="100000"/></a:lnSpc><a:spcBef><a:spcPts val="0"/></a:spcBef><a:spcAft><a:spcPts val="0"/></a:spcAft><a:buClr><a:schemeClr val="dk1"/></a:buClr><a:buSzPts val="3800"/><a:buFont typeface="Montserrat"/><a:buNone/><a:defRPr sz="3800" b="1" i="0" u="none" strike="noStrike" cap="none"><a:solidFill><a:schemeClr val="dk1"/></a:solidFill><a:latin typeface="Montserrat"/><a:ea typeface="Montserrat"/><a:cs typeface="Montserrat"/><a:sym typeface="Montserrat"/></a:defRPr></a:lvl4pPr><a:lvl5pPr marR="0" lvl="4" algn="ctr" rtl="0"><a:lnSpc><a:spcPct val="100000"/></a:lnSpc><a:spcBef><a:spcPts val="0"/></a:spcBef><a:spcAft><a:spcPts val="0"/></a:spcAft><a:buClr><a:schemeClr val="dk1"/></a:buClr><a:buSzPts val="3800"/><a:buFont typeface="Montserrat"/><a:buNone/><a:defRPr sz="3800" b="1" i="0" u="none" strike="noStrike" cap="none"><a:solidFill><a:schemeClr val="dk1"/></a:solidFill><a:latin typeface="Montserrat"/><a:ea typeface="Montserrat"/><a:cs typeface="Montserrat"/><a:sym typeface="Montserrat"/></a:defRPr></a:lvl5pPr><a:lvl6pPr marR="0" lvl="5" algn="ctr" rtl="0"><a:lnSpc><a:spcPct val="100000"/></a:lnSpc><a:spcBef><a:spcPts val="0"/></a:spcBef><a:spcAft><a:spcPts val="0"/></a:spcAft><a:buClr><a:schemeClr val="dk1"/></a:buClr><a:buSzPts val="3800"/><a:buFont typeface="Montserrat"/><a:buNone/><a:defRPr sz="3800" b="1" i="0" u="none" strike="noStrike" cap="none"><a:solidFill><a:schemeClr val="dk1"/></a:solidFill><a:latin typeface="Montserrat"/><a:ea typeface="Montserrat"/><a:cs typeface="Montserrat"/><a:sym typeface="Montserrat"/></a:defRPr></a:lvl6pPr><a:lvl7pPr marR="0" lvl="6" algn="ctr" rtl="0"><a:lnSpc><a:spcPct val="100000"/></a:lnSpc><a:spcBef><a:spcPts val="0"/></a:spcBef><a:spcAft><a:spcPts val="0"/></a:spcAft><a:buClr><a:schemeClr val="dk1"/></a:buClr><a:buSzPts val="3800"/><a:buFont typeface="Montserrat"/><a:buNone/><a:defRPr sz="3800" b="1" i="0" u="none" strike="noStrike" cap="none"><a:solidFill><a:schemeClr val="dk1"/></a:solidFill><a:latin typeface="Montserrat"/><a:ea typeface="Montserrat"/><a:cs typeface="Montserrat"/><a:sym typeface="Montserrat"/></a:defRPr></a:lvl7pPr><a:lvl8pPr marR="0" lvl="7" algn="ctr" rtl="0"><a:lnSpc><a:spcPct val="100000"/></a:lnSpc><a:spcBef><a:spcPts val="0"/></a:spcBef><a:spcAft><a:spcPts val="0"/></a:spcAft><a:buClr><a:schemeClr val="dk1"/></a:buClr><a:buSzPts val="3800"/><a:buFont typeface="Montserrat"/><a:buNone/><a:defRPr sz="3800" b="1" i="0" u="none" strike="noStrike" cap="none"><a:solidFill><a:schemeClr val="dk1"/></a:solidFill><a:latin typeface="Montserrat"/><a:ea typeface="Montserrat"/><a:cs typeface="Montserrat"/><a:sym typeface="Montserrat"/></a:defRPr></a:lvl8pPr><a:lvl9pPr marR="0" lvl="8" algn="ctr" rtl="0"><a:lnSpc><a:spcPct val="100000"/></a:lnSpc><a:spcBef><a:spcPts val="0"/></a:spcBef><a:spcAft><a:spcPts val="0"/></a:spcAft><a:buClr><a:schemeClr val="dk1"/></a:buClr><a:buSzPts val="3800"/><a:buFont typeface="Montserrat"/><a:buNone/><a:defRPr sz="3800" b="1" i="0" u="none" strike="noStrike" cap="none"><a:solidFill><a:schemeClr val="dk1"/></a:solidFill><a:latin typeface="Montserrat"/><a:ea typeface="Montserrat"/><a:cs typeface="Montserrat"/><a:sym typeface="Montserrat"/></a:defRPr></a:lvl9pPr></a:lstStyle><a:p><a:r><a:rPr lang="en-IN" dirty="0"/><a:t>CUSTOMER </a:t></a:r></a:p><a:p><a:r><a:rPr lang="en-IN" dirty="0"/><a:t>GREVIANCE SYSTEM</a:t></a:r></a:p></p:txBody></p:sp><p:pic><p:nvPicPr><p:cNvPr id="18" name="Graphic 17" descr="Ticket with solid fill"><a:extLst><a:ext uri="{FF2B5EF4-FFF2-40B4-BE49-F238E27FC236}"><a16:creationId xmlns:a16="http://schemas.microsoft.com/office/drawing/2014/main" id="{044FA949-09DB-446B-9687-E29443DFB0E0}"/></a:ext></a:extLst></p:cNvPr><p:cNvPicPr><a:picLocks noChangeAspect="1"/></p:cNvPicPr><p:nvPr/></p:nvPicPr><p:blipFill><a:blip r:embed="rId11"><a:extLst><a:ext uri="{96DAC541-7B7A-43D3-8B79-37D633B846F1}"><asvg:svgBlip xmlns:asvg="http://schemas.microsoft.com/office/drawing/2016/SVG/main" r:embed="rId12"/></a:ext></a:extLst></a:blip><a:stretch><a:fillRect/></a:stretch></p:blipFill><p:spPr><a:xfrm><a:off x="5587278" y="2843624"/><a:ext cx="914400" cy="914400"/></a:xfrm><a:prstGeom prst="rect"><a:avLst/></a:prstGeom></p:spPr></p:pic><p:sp><p:nvSpPr><p:cNvPr id="40" name="Google Shape;332;p42"><a:extLst><a:ext uri="{FF2B5EF4-FFF2-40B4-BE49-F238E27FC236}"><a16:creationId xmlns:a16="http://schemas.microsoft.com/office/drawing/2014/main" id="{37DDE02E-9D72-4C47-89A3-978BF92EEA71}"/></a:ext></a:extLst></p:cNvPr><p:cNvSpPr txBox="1"><a:spLocks/></p:cNvSpPr><p:nvPr/></p:nvSpPr><p:spPr><a:xfrm><a:off x="4956119" y="3825051"/><a:ext cx="2320800" cy="572700"/></a:xfrm><a:prstGeom prst="rect"><a:avLst/></a:prstGeom><a:noFill/><a:ln><a:noFill/></a:ln></p:spPr><p:txBody><a:bodyPr spcFirstLastPara="1" wrap="square" lIns="91425" tIns="91425" rIns="91425" bIns="91425" anchor="t" anchorCtr="0"><a:noAutofit/></a:bodyPr><a:lstStyle><a:defPPr marR="0" lvl="0" algn="l" rtl="0"><a:lnSpc><a:spcPct val="100000"/></a:lnSpc><a:spcBef><a:spcPts val="0"/></a:spcBef><a:spcAft><a:spcPts val="0"/></a:spcAft></a:defPPr><a:lvl1pPr marR="0" lvl="0" algn="ctr" rtl="0"><a:lnSpc><a:spcPct val="100000"/></a:lnSpc><a:spcBef><a:spcPts val="0"/></a:spcBef><a:spcAft><a:spcPts val="0"/></a:spcAft><a:buClr><a:schemeClr val="accent1"/></a:buClr><a:buSzPts val="1800"/><a:buFont typeface="Just Another Hand"/><a:buNone/><a:defRPr sz="3000" b="0" i="0" u="none" strike="noStrike" cap="none"><a:solidFill><a:schemeClr val="accent1"/></a:solidFill><a:latin typeface="Just Another Hand"/><a:ea typeface="Just Another Hand"/><a:cs typeface="Just Another Hand"/><a:sym typeface="Just Another Hand"/></a:defRPr></a:lvl1pPr><a:lvl2pPr marR="0" lvl="1" algn="ctr" rtl="0"><a:lnSpc><a:spcPct val="100000"/></a:lnSpc><a:spcBef><a:spcPts val="0"/></a:spcBef><a:spcAft><a:spcPts val="0"/></a:spcAft><a:buClr><a:schemeClr val="dk1"/></a:buClr><a:buSzPts val="3800"/><a:buFont typeface="Montserrat"/><a:buNone/><a:defRPr sz="3800" b="1" i="0" u="none" strike="noStrike" cap="none"><a:solidFill><a:schemeClr val="dk1"/></a:solidFill><a:latin typeface="Montserrat"/><a:ea typeface="Montserrat"/><a:cs typeface="Montserrat"/><a:sym typeface="Montserrat"/></a:defRPr></a:lvl2pPr><a:lvl3pPr marR="0" lvl="2" algn="ctr" rtl="0"><a:lnSpc><a:spcPct val="100000"/></a:lnSpc><a:spcBef><a:spcPts val="0"/></a:spcBef><a:spcAft><a:spcPts val="0"/></a:spcAft><a:buClr><a:schemeClr val="dk1"/></a:buClr><a:buSzPts val="3800"/><a:buFont typeface="Montserrat"/><a:buNone/><a:defRPr sz="3800" b="1" i="0" u="none" strike="noStrike" cap="none"><a:solidFill><a:schemeClr val="dk1"/></a:solidFill><a:latin typeface="Montserrat"/><a:ea typeface="Montserrat"/><a:cs typeface="Montserrat"/><a:sym typeface="Montserrat"/></a:defRPr></a:lvl3pPr><a:lvl4pPr marR="0" lvl="3" algn="ctr" rtl="0"><a:lnSpc><a:spcPct val="100000"/></a:lnSpc><a:spcBef><a:spcPts val="0"/></a:spcBef><a:spcAft><a:spcPts val="0"/></a:spcAft><a:buClr><a:schemeClr val="dk1"/></a:buClr><a:buSzPts val="3800"/><a:buFont typeface="Montserrat"/><a:buNone/><a:defRPr sz="3800" b="1" i="0" u="none" strike="noStrike" cap="none"><a:solidFill><a:schemeClr val="dk1"/></a:solidFill><a:latin typeface="Montserrat"/><a:ea typeface="Montserrat"/><a:cs typeface="Montserrat"/><a:sym typeface="Montserrat"/></a:defRPr></a:lvl4pPr><a:lvl5pPr marR="0" lvl="4" algn="ctr" rtl="0"><a:lnSpc><a:spcPct val="100000"/></a:lnSpc><a:spcBef><a:spcPts val="0"/></a:spcBef><a:spcAft><a:spcPts val="0"/></a:spcAft><a:buClr><a:schemeClr val="dk1"/></a:buClr><a:buSzPts val="3800"/><a:buFont typeface="Montserrat"/><a:buNone/><a:defRPr sz="3800" b="1" i="0" u="none" strike="noStrike" cap="none"><a:solidFill><a:schemeClr val="dk1"/></a:solidFill><a:latin typeface="Montserrat"/><a:ea typeface="Montserrat"/><a:cs typeface="Montserrat"/><a:sym typeface="Montserrat"/></a:defRPr></a:lvl5pPr><a:lvl6pPr marR="0" lvl="5" algn="ctr" rtl="0"><a:lnSpc><a:spcPct val="100000"/></a:lnSpc><a:spcBef><a:spcPts val="0"/></a:spcBef><a:spcAft><a:spcPts val="0"/></a:spcAft><a:buClr><a:schemeClr val="dk1"/></a:buClr><a:buSzPts val="3800"/><a:buFont typeface="Montserrat"/><a:buNone/><a:defRPr sz="3800" b="1" i="0" u="none" strike="noStrike" cap="none"><a:solidFill><a:schemeClr val="dk1"/></a:solidFill><a:latin typeface="Montserrat"/><a:ea typeface="Montserrat"/><a:cs typeface="Montserrat"/><a:sym typeface="Montserrat"/></a:defRPr></a:lvl6pPr><a:lvl7pPr marR="0" lvl="6" algn="ctr" rtl="0"><a:lnSpc><a:spcPct val="100000"/></a:lnSpc><a:spcBef><a:spcPts val="0"/></a:spcBef><a:spcAft><a:spcPts val="0"/></a:spcAft><a:buClr><a:schemeClr val="dk1"/></a:buClr><a:buSzPts val="3800"/><a:buFont typeface="Montserrat"/><a:buNone/><a:defRPr sz="3800" b="1" i="0" u="none" strike="noStrike" cap="none"><a:solidFill><a:schemeClr val="dk1"/></a:solidFill><a:latin typeface="Montserrat"/><a:ea typeface="Montserrat"/><a:cs typeface="Montserrat"/><a:sym typeface="Montserrat"/></a:defRPr></a:lvl7pPr><a:lvl8pPr marR="0" lvl="7" algn="ctr" rtl="0"><a:lnSpc><a:spcPct val="100000"/></a:lnSpc><a:spcBef><a:spcPts val="0"/></a:spcBef><a:spcAft><a:spcPts val="0"/></a:spcAft><a:buClr><a:schemeClr val="dk1"/></a:buClr><a:buSzPts val="3800"/><a:buFont typeface="Montserrat"/><a:buNone/><a:defRPr sz="3800" b="1" i="0" u="none" strike="noStrike" cap="none"><a:solidFill><a:schemeClr val="dk1"/></a:solidFill><a:latin typeface="Montserrat"/><a:ea typeface="Montserrat"/><a:cs typeface="Montserrat"/><a:sym typeface="Montserrat"/></a:defRPr></a:lvl8pPr><a:lvl9pPr marR="0" lvl="8" algn="ctr" rtl="0"><a:lnSpc><a:spcPct val="100000"/></a:lnSpc><a:spcBef><a:spcPts val="0"/></a:spcBef><a:spcAft><a:spcPts val="0"/></a:spcAft><a:buClr><a:schemeClr val="dk1"/></a:buClr><a:buSzPts val="3800"/><a:buFont typeface="Montserrat"/><a:buNone/><a:defRPr sz="3800" b="1" i="0" u="none" strike="noStrike" cap="none"><a:solidFill><a:schemeClr val="dk1"/></a:solidFill><a:latin typeface="Montserrat"/><a:ea typeface="Montserrat"/><a:cs typeface="Montserrat"/><a:sym typeface="Montserrat"/></a:defRPr></a:lvl9pPr></a:lstStyle><a:p><a:r><a:rPr lang="en-IN" dirty="0"/><a:t>DISCOUNTS AND OFFERS</a:t></a:r></a:p></p:txBody></p:sp></p:spTree></p:cSld><p:clrMapOvr><a:masterClrMapping/></p:clrMapOvr><mc:AlternateContent xmlns:mc="http://schemas.openxmlformats.org/markup-compatibility/2006"><mc:Choice xmlns:p15="http://schemas.microsoft.com/office/powerpoint/2012/main" Requires="p15"><p:transition spd="slow" xmlns:p14="http://schemas.microsoft.com/office/powerpoint/2010/main" p14:dur="1250"><p15:prstTrans prst="peelOff"/></p:transition></mc:Choice><mc:Fallback><p:transition spd="slow"><p:fade/></p:transition></mc:Fallback></mc:AlternateContent></p:sld>