<?xml version="1.0" encoding="UTF-8" standalone="yes"?>
<p:sld xmlns:a="http://schemas.openxmlformats.org/drawingml/2006/main" xmlns:r="http://schemas.openxmlformats.org/officeDocument/2006/relationships" xmlns:p="http://schemas.openxmlformats.org/presentationml/2006/main"><p:cSld><p:spTree><p:nvGrpSpPr><p:cNvPr id="1" name="Shape 771"/><p:cNvGrpSpPr/><p:nvPr/></p:nvGrpSpPr><p:grpSpPr><a:xfrm><a:off x="0" y="0"/><a:ext cx="0" cy="0"/><a:chOff x="0" y="0"/><a:chExt cx="0" cy="0"/></a:xfrm></p:grpSpPr><p:grpSp><p:nvGrpSpPr><p:cNvPr id="774" name="Google Shape;774;p59"/><p:cNvGrpSpPr/><p:nvPr/></p:nvGrpSpPr><p:grpSpPr><a:xfrm><a:off x="720001" y="194400"/><a:ext cx="7826400" cy="4874400"/><a:chOff x="3852100" y="957350"/><a:chExt cx="2111725" cy="1687000"/></a:xfrm></p:grpSpPr><p:sp><p:nvSpPr><p:cNvPr id="775" name="Google Shape;775;p59"/><p:cNvSpPr/><p:nvPr/></p:nvSpPr><p:spPr><a:xfrm><a:off x="4590700" y="2624975"/><a:ext cx="655450" cy="19375"/></a:xfrm><a:custGeom><a:avLst/><a:gdLst/><a:ahLst/><a:cxnLst/><a:rect l="l" t="t" r="r" b="b"/><a:pathLst><a:path w="26218" h="775" extrusionOk="0"><a:moveTo><a:pt x="1" y="0"/></a:moveTo><a:lnTo><a:pt x="1" y="21"/></a:lnTo><a:lnTo><a:pt x="1" y="63"/></a:lnTo><a:lnTo><a:pt x="1" y="63"/></a:lnTo><a:cubicBezTo><a:pt x="1" y="565"/><a:pt x="796" y="775"/><a:pt x="2867" y="775"/></a:cubicBezTo><a:lnTo><a:pt x="12827" y="775"/></a:lnTo><a:lnTo><a:pt x="13454" y="775"/></a:lnTo><a:lnTo><a:pt x="23393" y="775"/></a:lnTo><a:cubicBezTo><a:pt x="25485" y="775"/><a:pt x="26197" y="524"/><a:pt x="26218" y="0"/></a:cubicBezTo><a:lnTo><a:pt x="26009" y="0"/></a:lnTo><a:lnTo><a:pt x="26009" y="0"/></a:lnTo><a:lnTo><a:pt x="1" y="0"/></a:lnTo><a:close/></a:path></a:pathLst></a:custGeom><a:solidFill><a:srgbClr val="58595B"/></a:solidFill><a:ln><a:noFill/></a:ln></p:spPr><p:txBody><a:bodyPr spcFirstLastPara="1" wrap="square" lIns="91425" tIns="91425" rIns="91425" bIns="91425" anchor="ctr" anchorCtr="0"><a:noAutofit/></a:bodyPr><a:lstStyle/><a:p><a:pPr marL="0" lvl="0" indent="0" algn="l" rtl="0"><a:spcBef><a:spcPts val="0"/></a:spcBef><a:spcAft><a:spcPts val="0"/></a:spcAft><a:buNone/></a:pPr><a:endParaRPr/></a:p></p:txBody></p:sp><p:sp><p:nvSpPr><p:cNvPr id="776" name="Google Shape;776;p59"/><p:cNvSpPr/><p:nvPr/></p:nvSpPr><p:spPr><a:xfrm><a:off x="4533150" y="2402650"/><a:ext cx="764800" cy="235425"/></a:xfrm><a:custGeom><a:avLst/><a:gdLst/><a:ahLst/><a:cxnLst/><a:rect l="l" t="t" r="r" b="b"/><a:pathLst><a:path w="30592" h="9417" extrusionOk="0"><a:moveTo><a:pt x="25842" y="5922"/></a:moveTo><a:cubicBezTo><a:pt x="24000" y="4039"/><a:pt x="23917" y="1"/><a:pt x="23917" y="1"/></a:cubicBezTo><a:lnTo><a:pt x="15610" y="1"/></a:lnTo><a:lnTo><a:pt x="14982" y="1"/></a:lnTo><a:lnTo><a:pt x="6676" y="1"/></a:lnTo><a:cubicBezTo><a:pt x="6676" y="1"/><a:pt x="6592" y="4039"/><a:pt x="4751" y="5922"/></a:cubicBezTo><a:cubicBezTo><a:pt x="2909" y="7805"/><a:pt x="1" y="9417"/><a:pt x="5023" y="9417"/></a:cubicBezTo><a:lnTo><a:pt x="14982" y="9417"/></a:lnTo><a:lnTo><a:pt x="15610" y="9417"/></a:lnTo><a:lnTo><a:pt x="25570" y="9417"/></a:lnTo><a:cubicBezTo><a:pt x="30591" y="9417"/><a:pt x="27704" y="7805"/><a:pt x="25842" y="5922"/></a:cubicBezTo><a:close/></a:path></a:pathLst></a:custGeom><a:solidFill><a:schemeClr val="dk1"/></a:solidFill><a:ln><a:noFill/></a:ln></p:spPr><p:txBody><a:bodyPr spcFirstLastPara="1" wrap="square" lIns="91425" tIns="91425" rIns="91425" bIns="91425" anchor="ctr" anchorCtr="0"><a:noAutofit/></a:bodyPr><a:lstStyle/><a:p><a:pPr marL="0" lvl="0" indent="0" algn="l" rtl="0"><a:spcBef><a:spcPts val="0"/></a:spcBef><a:spcAft><a:spcPts val="0"/></a:spcAft><a:buNone/></a:pPr><a:endParaRPr/></a:p></p:txBody></p:sp><p:sp><p:nvSpPr><p:cNvPr id="777" name="Google Shape;777;p59"/><p:cNvSpPr/><p:nvPr/></p:nvSpPr><p:spPr><a:xfrm><a:off x="3852100" y="2219575"/><a:ext cx="2111725" cy="183100"/></a:xfrm><a:custGeom><a:avLst/><a:gdLst/><a:ahLst/><a:cxnLst/><a:rect l="l" t="t" r="r" b="b"/><a:pathLst><a:path w="84469" h="7324" extrusionOk="0"><a:moveTo><a:pt x="0" y="4855"/></a:moveTo><a:cubicBezTo><a:pt x="0" y="6236"/><a:pt x="1298" y="7324"/><a:pt x="2679" y="7324"/></a:cubicBezTo><a:lnTo><a:pt x="41659" y="7324"/></a:lnTo><a:lnTo><a:pt x="42998" y="7324"/></a:lnTo><a:lnTo><a:pt x="81979" y="7324"/></a:lnTo><a:cubicBezTo><a:pt x="83360" y="7324"/><a:pt x="84469" y="6236"/><a:pt x="84469" y="4855"/></a:cubicBezTo><a:lnTo><a:pt x="84469" y="1"/></a:lnTo><a:lnTo><a:pt x="0" y="1"/></a:lnTo><a:close/></a:path></a:pathLst></a:custGeom><a:solidFill><a:srgbClr val="727478"/></a:solidFill><a:ln><a:noFill/></a:ln></p:spPr><p:txBody><a:bodyPr spcFirstLastPara="1" wrap="square" lIns="91425" tIns="91425" rIns="91425" bIns="91425" anchor="ctr" anchorCtr="0"><a:noAutofit/></a:bodyPr><a:lstStyle/><a:p><a:pPr marL="0" lvl="0" indent="0" algn="l" rtl="0"><a:spcBef><a:spcPts val="0"/></a:spcBef><a:spcAft><a:spcPts val="0"/></a:spcAft><a:buNone/></a:pPr><a:endParaRPr/></a:p></p:txBody></p:sp><p:sp><p:nvSpPr><p:cNvPr id="778" name="Google Shape;778;p59"/><p:cNvSpPr/><p:nvPr/></p:nvSpPr><p:spPr><a:xfrm><a:off x="3852100" y="957350"/><a:ext cx="2111725" cy="1262250"/></a:xfrm><a:custGeom><a:avLst/><a:gdLst/><a:ahLst/><a:cxnLst/><a:rect l="l" t="t" r="r" b="b"/><a:pathLst><a:path w="84469" h="50490" extrusionOk="0"><a:moveTo><a:pt x="80807" y="3140"/></a:moveTo><a:lnTo><a:pt x="80807" y="46828"/></a:lnTo><a:lnTo><a:pt x="3662" y="46828"/></a:lnTo><a:lnTo><a:pt x="3662" y="3140"/></a:lnTo><a:close/><a:moveTo><a:pt x="2679" y="1"/></a:moveTo><a:cubicBezTo><a:pt x="1298" y="1"/><a:pt x="0" y="984"/><a:pt x="0" y="2386"/></a:cubicBezTo><a:lnTo><a:pt x="0" y="50490"/></a:lnTo><a:lnTo><a:pt x="84469" y="50490"/></a:lnTo><a:lnTo><a:pt x="84469" y="2386"/></a:lnTo><a:cubicBezTo><a:pt x="84469" y="984"/><a:pt x="83360" y="1"/><a:pt x="81979" y="1"/></a:cubicBezTo><a:close/></a:path></a:pathLst></a:custGeom><a:solidFill><a:srgbClr val="231F20"/></a:solidFill><a:ln><a:noFill/></a:ln></p:spPr><p:txBody><a:bodyPr spcFirstLastPara="1" wrap="square" lIns="91425" tIns="91425" rIns="91425" bIns="91425" anchor="ctr" anchorCtr="0"><a:noAutofit/></a:bodyPr><a:lstStyle/><a:p><a:pPr marL="0" lvl="0" indent="0" algn="l" rtl="0"><a:spcBef><a:spcPts val="0"/></a:spcBef><a:spcAft><a:spcPts val="0"/></a:spcAft><a:buNone/></a:pPr><a:endParaRPr/></a:p></p:txBody></p:sp><p:sp><p:nvSpPr><p:cNvPr id="779" name="Google Shape;779;p59"/><p:cNvSpPr/><p:nvPr/></p:nvSpPr><p:spPr><a:xfrm><a:off x="3852100" y="2219575"/><a:ext cx="2111725" cy="183100"/></a:xfrm><a:custGeom><a:avLst/><a:gdLst/><a:ahLst/><a:cxnLst/><a:rect l="l" t="t" r="r" b="b"/><a:pathLst><a:path w="84469" h="7324" extrusionOk="0"><a:moveTo><a:pt x="0" y="4562"/></a:moveTo><a:cubicBezTo><a:pt x="0" y="5964"/><a:pt x="1298" y="7324"/><a:pt x="2679" y="7324"/></a:cubicBezTo><a:lnTo><a:pt x="41659" y="7324"/></a:lnTo><a:lnTo><a:pt x="42998" y="7324"/></a:lnTo><a:lnTo><a:pt x="81979" y="7324"/></a:lnTo><a:cubicBezTo><a:pt x="83360" y="7324"/><a:pt x="84469" y="5964"/><a:pt x="84469" y="4562"/></a:cubicBezTo><a:lnTo><a:pt x="84469" y="1"/></a:lnTo><a:lnTo><a:pt x="0" y="1"/></a:lnTo><a:close/></a:path></a:pathLst></a:custGeom><a:solidFill><a:schemeClr val="accent2"/></a:solidFill><a:ln><a:noFill/></a:ln></p:spPr><p:txBody><a:bodyPr spcFirstLastPara="1" wrap="square" lIns="91425" tIns="91425" rIns="91425" bIns="91425" anchor="ctr" anchorCtr="0"><a:noAutofit/></a:bodyPr><a:lstStyle/><a:p><a:pPr marL="0" lvl="0" indent="0" algn="l" rtl="0"><a:spcBef><a:spcPts val="0"/></a:spcBef><a:spcAft><a:spcPts val="0"/></a:spcAft><a:buNone/></a:pPr><a:endParaRPr/></a:p></p:txBody></p:sp></p:grpSp><p:pic><p:nvPicPr><p:cNvPr id="7" name="Picture 6"><a:extLst><a:ext uri="{FF2B5EF4-FFF2-40B4-BE49-F238E27FC236}"><a16:creationId xmlns:a16="http://schemas.microsoft.com/office/drawing/2014/main" id="{34BDB6C1-C56F-4C70-A6E4-E16B7625E1C0}"/></a:ext></a:extLst></p:cNvPr><p:cNvPicPr><a:picLocks noChangeAspect="1"/></p:cNvPicPr><p:nvPr/></p:nvPicPr><p:blipFill><a:blip r:embed="rId3"/><a:stretch><a:fillRect/></a:stretch></p:blipFill><p:spPr><a:xfrm><a:off x="1036800" y="417600"/><a:ext cx="7185599" cy="3168000"/></a:xfrm><a:prstGeom prst="rect"><a:avLst/></a:prstGeom></p:spPr></p:pic></p:spTree></p:cSld><p:clrMapOvr><a:masterClrMapping/></p:clrMapOvr><mc:AlternateContent xmlns:mc="http://schemas.openxmlformats.org/markup-compatibility/2006"><mc:Choice xmlns:p15="http://schemas.microsoft.com/office/powerpoint/2012/main" Requires="p15"><p:transition spd="slow" xmlns:p14="http://schemas.microsoft.com/office/powerpoint/2010/main" p14:dur="1250"><p15:prstTrans prst="peelOff"/></p:transition></mc:Choice><mc:Fallback><p:transition spd="slow"><p:fade/></p:transition></mc:Fallback></mc:AlternateContent></p:sld>