<?xml version="1.0" encoding="UTF-8" standalone="yes"?>
<p:sld xmlns:a="http://schemas.openxmlformats.org/drawingml/2006/main" xmlns:r="http://schemas.openxmlformats.org/officeDocument/2006/relationships" xmlns:p="http://schemas.openxmlformats.org/presentationml/2006/main"><p:cSld><p:spTree><p:nvGrpSpPr><p:cNvPr id="1" name="Shape 303"/><p:cNvGrpSpPr/><p:nvPr/></p:nvGrpSpPr><p:grpSpPr><a:xfrm><a:off x="0" y="0"/><a:ext cx="0" cy="0"/><a:chOff x="0" y="0"/><a:chExt cx="0" cy="0"/></a:xfrm></p:grpSpPr><p:sp><p:nvSpPr><p:cNvPr id="304" name="Google Shape;304;p40"/><p:cNvSpPr txBox="1"><a:spLocks noGrp="1"/></p:cNvSpPr><p:nvPr><p:ph type="title"/></p:nvPr></p:nvSpPr><p:spPr><a:xfrm><a:off x="2256325" y="220350"/><a:ext cx="3443400" cy="862800"/></a:xfrm><a:prstGeom prst="rect"><a:avLst/></a:prstGeom></p:spPr><p:txBody><a:bodyPr spcFirstLastPara="1" wrap="square" lIns="91425" tIns="91425" rIns="91425" bIns="91425" anchor="b" anchorCtr="0"><a:noAutofit/></a:bodyPr><a:lstStyle/><a:p><a:pPr marL="0" lvl="0" indent="0" rtl="0"><a:spcBef><a:spcPts val="0"/></a:spcBef><a:spcAft><a:spcPts val="0"/></a:spcAft><a:buNone/></a:pPr><a:r><a:rPr lang="en" sz="6000" dirty="0"/><a:t>ABOUT APP</a:t></a:r><a:endParaRPr sz="6000" dirty="0"><a:solidFill><a:schemeClr val="accent2"><a:lumMod val="50000"/></a:schemeClr></a:solidFill></a:endParaRPr></a:p></p:txBody></p:sp><p:sp><p:nvSpPr><p:cNvPr id="305" name="Google Shape;305;p40"/><p:cNvSpPr txBox="1"><a:spLocks noGrp="1"/></p:cNvSpPr><p:nvPr><p:ph type="subTitle" idx="1"/></p:nvPr></p:nvSpPr><p:spPr><a:xfrm><a:off x="339824" y="911950"/><a:ext cx="7544175" cy="3919250"/></a:xfrm><a:prstGeom prst="rect"><a:avLst/></a:prstGeom></p:spPr><p:txBody><a:bodyPr spcFirstLastPara="1" wrap="square" lIns="91425" tIns="91425" rIns="91425" bIns="91425" anchor="t" anchorCtr="0"><a:noAutofit/></a:bodyPr><a:lstStyle/><a:p><a:pPr marL="0" indent="0"><a:buSzPts val="1100"/></a:pPr><a:r><a:rPr lang="en-US" sz="2400" dirty="0"/><a:t>When it comes to planning a trip, </a:t></a:r><a:r><a:rPr lang="en-US" sz="2400" dirty="0" err="1"/><a:t>travellers</a:t></a:r><a:r><a:rPr lang="en-US" sz="2400" dirty="0"/><a:t> rely on their mobiles more than ever. So travel app make this more handy and easier. With our </a:t></a:r><a:r><a:rPr lang="en-US" sz="2400" dirty="0" err="1"/><a:t>EaseTrip</a:t></a:r><a:r><a:rPr lang="en-US" sz="2400" dirty="0"/><a:t> we take your experience to an another level</a:t></a:r></a:p><a:p><a:pPr marL="0" lvl="0" indent="0" algn="l" rtl="0"><a:spcBef><a:spcPts val="0"/></a:spcBef><a:spcAft><a:spcPts val="0"/></a:spcAft><a:buClr><a:schemeClr val="dk1"/></a:buClr><a:buSzPts val="1100"/><a:buFont typeface="Arial"/><a:buNone/></a:pPr><a:endParaRPr dirty="0"/></a:p></p:txBody></p:sp><p:sp><p:nvSpPr><p:cNvPr id="6" name="Google Shape;1314;p32"><a:extLst><a:ext uri="{FF2B5EF4-FFF2-40B4-BE49-F238E27FC236}"><a16:creationId xmlns:a16="http://schemas.microsoft.com/office/drawing/2014/main" id="{F0F66AF1-A570-485A-9954-2161342C835F}"/></a:ext></a:extLst></p:cNvPr><p:cNvSpPr/><p:nvPr/></p:nvSpPr><p:spPr><a:xfrm><a:off x="0" y="2537349"/><a:ext cx="9136025" cy="419825"/></a:xfrm><a:custGeom><a:avLst/><a:gdLst/><a:ahLst/><a:cxnLst/><a:rect l="l" t="t" r="r" b="b"/><a:pathLst><a:path w="365441" h="16793" extrusionOk="0"><a:moveTo><a:pt x="0" y="16703"/></a:moveTo><a:lnTo><a:pt x="91720" y="16793"/></a:lnTo><a:lnTo><a:pt x="151877" y="5912"/></a:lnTo><a:lnTo><a:pt x="212041" y="14813"/></a:lnTo><a:lnTo><a:pt x="272189" y="0"/></a:lnTo><a:lnTo><a:pt x="365441" y="157"/></a:lnTo></a:path></a:pathLst></a:custGeom><a:noFill/><a:ln w="19050" cap="flat" cmpd="sng"><a:solidFill><a:schemeClr val="dk1"/></a:solidFill><a:prstDash val="dash"/><a:round/><a:headEnd type="none" w="med" len="med"/><a:tailEnd type="none" w="med" len="med"/></a:ln></p:spPr><p:txBody><a:bodyPr/><a:lstStyle/><a:p><a:endParaRPr lang="en-IN" dirty="0"/></a:p></p:txBody></p:sp><p:sp><p:nvSpPr><p:cNvPr id="7" name="Google Shape;1320;p32"><a:extLst><a:ext uri="{FF2B5EF4-FFF2-40B4-BE49-F238E27FC236}"><a16:creationId xmlns:a16="http://schemas.microsoft.com/office/drawing/2014/main" id="{9ED0945C-AAC2-4F74-99DF-CADB2F0D2065}"/></a:ext></a:extLst></p:cNvPr><p:cNvSpPr txBox="1"/><p:nvPr/></p:nvSpPr><p:spPr><a:xfrm><a:off x="332625" y="3830850"/><a:ext cx="2066001" cy="477600"/></a:xfrm><a:prstGeom prst="rect"><a:avLst/></a:prstGeom><a:noFill/><a:ln><a:noFill/></a:ln></p:spPr><p:txBody><a:bodyPr spcFirstLastPara="1" wrap="square" lIns="91425" tIns="91425" rIns="91425" bIns="91425" anchor="ctr" anchorCtr="0"><a:noAutofit/></a:bodyPr><a:lstStyle/><a:p><a:pPr marL="0" lvl="0" indent="0" algn="ctr" rtl="0"><a:spcBef><a:spcPts val="0"/></a:spcBef><a:spcAft><a:spcPts val="0"/></a:spcAft><a:buNone/></a:pPr><a:r><a:rPr lang="en-IN" dirty="0"><a:solidFill><a:schemeClr val="dk1"/></a:solidFill><a:latin typeface="Nunito Sans"/><a:ea typeface="Nunito Sans"/><a:cs typeface="Nunito Sans"/><a:sym typeface="Nunito Sans"/></a:rPr><a:t>W</a:t></a:r><a:r><a:rPr lang="en" dirty="0"><a:solidFill><a:schemeClr val="dk1"/></a:solidFill><a:latin typeface="Nunito Sans"/><a:ea typeface="Nunito Sans"/><a:cs typeface="Nunito Sans"/><a:sym typeface="Nunito Sans"/></a:rPr><a:t>e started with a basic idea to build an app that can make journey easy and fun</a:t></a:r><a:endParaRPr dirty="0"><a:solidFill><a:schemeClr val="dk1"/></a:solidFill><a:latin typeface="Nunito Sans"/><a:ea typeface="Nunito Sans"/><a:cs typeface="Nunito Sans"/><a:sym typeface="Nunito Sans"/></a:endParaRPr></a:p></p:txBody></p:sp><p:sp><p:nvSpPr><p:cNvPr id="8" name="Google Shape;1327;p32"><a:extLst><a:ext uri="{FF2B5EF4-FFF2-40B4-BE49-F238E27FC236}"><a16:creationId xmlns:a16="http://schemas.microsoft.com/office/drawing/2014/main" id="{89FBBE56-2C70-410C-A47D-FE1862C19A03}"/></a:ext></a:extLst></p:cNvPr><p:cNvSpPr txBox="1"/><p:nvPr/></p:nvSpPr><p:spPr><a:xfrm><a:off x="2738450" y="3830850"/><a:ext cx="1449325" cy="477600"/></a:xfrm><a:prstGeom prst="rect"><a:avLst/></a:prstGeom><a:noFill/><a:ln><a:noFill/></a:ln></p:spPr><p:txBody><a:bodyPr spcFirstLastPara="1" wrap="square" lIns="91425" tIns="91425" rIns="91425" bIns="91425" anchor="ctr" anchorCtr="0"><a:noAutofit/></a:bodyPr><a:lstStyle/><a:p><a:pPr marL="0" lvl="0" indent="0" algn="ctr" rtl="0"><a:spcBef><a:spcPts val="0"/></a:spcBef><a:spcAft><a:spcPts val="0"/></a:spcAft><a:buNone/></a:pPr><a:r><a:rPr lang="en-US" dirty="0"><a:solidFill><a:schemeClr val="dk1"/></a:solidFill><a:latin typeface="Nunito Sans"/><a:ea typeface="Nunito Sans"/><a:cs typeface="Nunito Sans"/><a:sym typeface="Nunito Sans"/></a:rPr><a:t>We talked about the basic features </a:t></a:r><a:endParaRPr dirty="0"><a:solidFill><a:schemeClr val="dk1"/></a:solidFill><a:latin typeface="Nunito Sans"/><a:ea typeface="Nunito Sans"/><a:cs typeface="Nunito Sans"/><a:sym typeface="Nunito Sans"/></a:endParaRPr></a:p></p:txBody></p:sp><p:sp><p:nvSpPr><p:cNvPr id="9" name="Google Shape;1323;p32"><a:extLst><a:ext uri="{FF2B5EF4-FFF2-40B4-BE49-F238E27FC236}"><a16:creationId xmlns:a16="http://schemas.microsoft.com/office/drawing/2014/main" id="{EDDF23B8-0332-455C-BA02-8A4CD6CB3936}"/></a:ext></a:extLst></p:cNvPr><p:cNvSpPr txBox="1"/><p:nvPr/></p:nvSpPr><p:spPr><a:xfrm><a:off x="4527599" y="3830850"/><a:ext cx="2108885" cy="477600"/></a:xfrm><a:prstGeom prst="rect"><a:avLst/></a:prstGeom><a:noFill/><a:ln><a:noFill/></a:ln></p:spPr><p:txBody><a:bodyPr spcFirstLastPara="1" wrap="square" lIns="91425" tIns="91425" rIns="91425" bIns="91425" anchor="ctr" anchorCtr="0"><a:noAutofit/></a:bodyPr><a:lstStyle/><a:p><a:pPr marL="0" lvl="0" indent="0" algn="ctr" rtl="0"><a:spcBef><a:spcPts val="0"/></a:spcBef><a:spcAft><a:spcPts val="0"/></a:spcAft><a:buNone/></a:pPr><a:r><a:rPr lang="en-IN" dirty="0"><a:solidFill><a:schemeClr val="dk1"/></a:solidFill><a:latin typeface="Nunito Sans"/><a:ea typeface="Nunito Sans"/><a:cs typeface="Nunito Sans"/><a:sym typeface="Nunito Sans"/></a:rPr><a:t>W</a:t></a:r><a:r><a:rPr lang="en" dirty="0"><a:solidFill><a:schemeClr val="dk1"/></a:solidFill><a:latin typeface="Nunito Sans"/><a:ea typeface="Nunito Sans"/><a:cs typeface="Nunito Sans"/><a:sym typeface="Nunito Sans"/></a:rPr><a:t>e worked on flow charts and started our work using flutter and dart to draw the outline of our project</a:t></a:r><a:endParaRPr dirty="0"><a:solidFill><a:schemeClr val="dk1"/></a:solidFill><a:latin typeface="Nunito Sans"/><a:ea typeface="Nunito Sans"/><a:cs typeface="Nunito Sans"/><a:sym typeface="Nunito Sans"/></a:endParaRPr></a:p></p:txBody></p:sp><p:sp><p:nvSpPr><p:cNvPr id="10" name="Google Shape;1325;p32"><a:extLst><a:ext uri="{FF2B5EF4-FFF2-40B4-BE49-F238E27FC236}"><a16:creationId xmlns:a16="http://schemas.microsoft.com/office/drawing/2014/main" id="{27DDF074-CCA7-47DD-8F15-6F807CDFABD3}"/></a:ext></a:extLst></p:cNvPr><p:cNvSpPr txBox="1"/><p:nvPr/></p:nvSpPr><p:spPr><a:xfrm><a:off x="7156114" y="3830850"/><a:ext cx="1655261" cy="477600"/></a:xfrm><a:prstGeom prst="rect"><a:avLst/></a:prstGeom><a:noFill/><a:ln><a:noFill/></a:ln></p:spPr><p:txBody><a:bodyPr spcFirstLastPara="1" wrap="square" lIns="91425" tIns="91425" rIns="91425" bIns="91425" anchor="ctr" anchorCtr="0"><a:noAutofit/></a:bodyPr><a:lstStyle/><a:p><a:pPr marL="0" lvl="0" indent="0" algn="ctr" rtl="0"><a:spcBef><a:spcPts val="0"/></a:spcBef><a:spcAft><a:spcPts val="0"/></a:spcAft><a:buNone/></a:pPr><a:r><a:rPr lang="en-IN" dirty="0"><a:solidFill><a:schemeClr val="dk1"/></a:solidFill><a:latin typeface="Nunito Sans"/><a:ea typeface="Nunito Sans"/><a:cs typeface="Nunito Sans"/><a:sym typeface="Nunito Sans"/></a:rPr><a:t>W</a:t></a:r><a:r><a:rPr lang="en" dirty="0"><a:solidFill><a:schemeClr val="dk1"/></a:solidFill><a:latin typeface="Nunito Sans"/><a:ea typeface="Nunito Sans"/><a:cs typeface="Nunito Sans"/><a:sym typeface="Nunito Sans"/></a:rPr><a:t>e are working on the code and still having lots of errors😅</a:t></a:r><a:endParaRPr dirty="0"><a:solidFill><a:schemeClr val="dk1"/></a:solidFill><a:latin typeface="Nunito Sans"/><a:ea typeface="Nunito Sans"/><a:cs typeface="Nunito Sans"/><a:sym typeface="Nunito Sans"/></a:endParaRPr></a:p></p:txBody></p:sp><p:sp><p:nvSpPr><p:cNvPr id="11" name="Google Shape;1321;p32"><a:extLst><a:ext uri="{FF2B5EF4-FFF2-40B4-BE49-F238E27FC236}"><a16:creationId xmlns:a16="http://schemas.microsoft.com/office/drawing/2014/main" id="{F21AD93E-FC74-49D6-A857-3B970ADB3304}"/></a:ext></a:extLst></p:cNvPr><p:cNvSpPr txBox="1"/><p:nvPr/></p:nvSpPr><p:spPr><a:xfrm><a:off x="700750" y="3205061"/><a:ext cx="1225200" cy="364800"/></a:xfrm><a:prstGeom prst="rect"><a:avLst/></a:prstGeom><a:noFill/><a:ln><a:noFill/></a:ln></p:spPr><p:txBody><a:bodyPr spcFirstLastPara="1" wrap="square" lIns="91425" tIns="91425" rIns="91425" bIns="91425" anchor="t" anchorCtr="0"><a:noAutofit/></a:bodyPr><a:lstStyle/><a:p><a:pPr marL="0" lvl="0" indent="0" algn="ctr" rtl="0"><a:spcBef><a:spcPts val="0"/></a:spcBef><a:spcAft><a:spcPts val="0"/></a:spcAft><a:buNone/></a:pPr><a:r><a:rPr lang="en-IN" sz="1600" dirty="0"><a:solidFill><a:schemeClr val="dk1"/></a:solidFill><a:latin typeface="Open Sans ExtraBold"/><a:ea typeface="Open Sans ExtraBold"/><a:cs typeface="Open Sans ExtraBold"/><a:sym typeface="Open Sans ExtraBold"/></a:rPr><a:t>S</a:t></a:r><a:r><a:rPr lang="en" sz="1600" dirty="0" err="1"><a:solidFill><a:schemeClr val="dk1"/></a:solidFill><a:latin typeface="Open Sans ExtraBold"/><a:ea typeface="Open Sans ExtraBold"/><a:cs typeface="Open Sans ExtraBold"/><a:sym typeface="Open Sans ExtraBold"/></a:rPr><a:t>tep</a:t></a:r><a:r><a:rPr lang="en" sz="1600" dirty="0"><a:solidFill><a:schemeClr val="dk1"/></a:solidFill><a:latin typeface="Open Sans ExtraBold"/><a:ea typeface="Open Sans ExtraBold"/><a:cs typeface="Open Sans ExtraBold"/><a:sym typeface="Open Sans ExtraBold"/></a:rPr><a:t> 1</a:t></a:r><a:endParaRPr sz="1600" dirty="0"><a:solidFill><a:schemeClr val="dk1"/></a:solidFill><a:latin typeface="Open Sans ExtraBold"/><a:ea typeface="Open Sans ExtraBold"/><a:cs typeface="Open Sans ExtraBold"/><a:sym typeface="Open Sans ExtraBold"/></a:endParaRPr></a:p></p:txBody></p:sp><p:sp><p:nvSpPr><p:cNvPr id="12" name="Google Shape;1321;p32"><a:extLst><a:ext uri="{FF2B5EF4-FFF2-40B4-BE49-F238E27FC236}"><a16:creationId xmlns:a16="http://schemas.microsoft.com/office/drawing/2014/main" id="{6F84001C-2523-41ED-9A01-979B3A630E68}"/></a:ext></a:extLst></p:cNvPr><p:cNvSpPr txBox="1"/><p:nvPr/></p:nvSpPr><p:spPr><a:xfrm><a:off x="7371144" y="3120250"/><a:ext cx="1225200" cy="364800"/></a:xfrm><a:prstGeom prst="rect"><a:avLst/></a:prstGeom><a:noFill/><a:ln><a:noFill/></a:ln></p:spPr><p:txBody><a:bodyPr spcFirstLastPara="1" wrap="square" lIns="91425" tIns="91425" rIns="91425" bIns="91425" anchor="t" anchorCtr="0"><a:noAutofit/></a:bodyPr><a:lstStyle/><a:p><a:pPr marL="0" lvl="0" indent="0" algn="ctr" rtl="0"><a:spcBef><a:spcPts val="0"/></a:spcBef><a:spcAft><a:spcPts val="0"/></a:spcAft><a:buNone/></a:pPr><a:r><a:rPr lang="en-IN" sz="1600" dirty="0"><a:solidFill><a:schemeClr val="dk1"/></a:solidFill><a:latin typeface="Open Sans ExtraBold"/><a:ea typeface="Open Sans ExtraBold"/><a:cs typeface="Open Sans ExtraBold"/><a:sym typeface="Open Sans ExtraBold"/></a:rPr><a:t>S</a:t></a:r><a:r><a:rPr lang="en" sz="1600" dirty="0"><a:solidFill><a:schemeClr val="dk1"/></a:solidFill><a:latin typeface="Open Sans ExtraBold"/><a:ea typeface="Open Sans ExtraBold"/><a:cs typeface="Open Sans ExtraBold"/><a:sym typeface="Open Sans ExtraBold"/></a:rPr><a:t>tep 4</a:t></a:r><a:endParaRPr sz="1600" dirty="0"><a:solidFill><a:schemeClr val="dk1"/></a:solidFill><a:latin typeface="Open Sans ExtraBold"/><a:ea typeface="Open Sans ExtraBold"/><a:cs typeface="Open Sans ExtraBold"/><a:sym typeface="Open Sans ExtraBold"/></a:endParaRPr></a:p></p:txBody></p:sp><p:sp><p:nvSpPr><p:cNvPr id="13" name="Google Shape;1321;p32"><a:extLst><a:ext uri="{FF2B5EF4-FFF2-40B4-BE49-F238E27FC236}"><a16:creationId xmlns:a16="http://schemas.microsoft.com/office/drawing/2014/main" id="{673723AE-58FD-4967-8385-0059703DF37A}"/></a:ext></a:extLst></p:cNvPr><p:cNvSpPr txBox="1"/><p:nvPr/></p:nvSpPr><p:spPr><a:xfrm><a:off x="4969441" y="3037012"/><a:ext cx="1225200" cy="364800"/></a:xfrm><a:prstGeom prst="rect"><a:avLst/></a:prstGeom><a:noFill/><a:ln><a:noFill/></a:ln></p:spPr><p:txBody><a:bodyPr spcFirstLastPara="1" wrap="square" lIns="91425" tIns="91425" rIns="91425" bIns="91425" anchor="t" anchorCtr="0"><a:noAutofit/></a:bodyPr><a:lstStyle/><a:p><a:pPr marL="0" lvl="0" indent="0" algn="ctr" rtl="0"><a:spcBef><a:spcPts val="0"/></a:spcBef><a:spcAft><a:spcPts val="0"/></a:spcAft><a:buNone/></a:pPr><a:r><a:rPr lang="en-IN" sz="1600" dirty="0"><a:solidFill><a:schemeClr val="dk1"/></a:solidFill><a:latin typeface="Open Sans ExtraBold"/><a:ea typeface="Open Sans ExtraBold"/><a:cs typeface="Open Sans ExtraBold"/><a:sym typeface="Open Sans ExtraBold"/></a:rPr><a:t>S</a:t></a:r><a:r><a:rPr lang="en" sz="1600" dirty="0"><a:solidFill><a:schemeClr val="dk1"/></a:solidFill><a:latin typeface="Open Sans ExtraBold"/><a:ea typeface="Open Sans ExtraBold"/><a:cs typeface="Open Sans ExtraBold"/><a:sym typeface="Open Sans ExtraBold"/></a:rPr><a:t>tep 3</a:t></a:r><a:endParaRPr sz="1600" dirty="0"><a:solidFill><a:schemeClr val="dk1"/></a:solidFill><a:latin typeface="Open Sans ExtraBold"/><a:ea typeface="Open Sans ExtraBold"/><a:cs typeface="Open Sans ExtraBold"/><a:sym typeface="Open Sans ExtraBold"/></a:endParaRPr></a:p></p:txBody></p:sp><p:sp><p:nvSpPr><p:cNvPr id="14" name="Google Shape;1321;p32"><a:extLst><a:ext uri="{FF2B5EF4-FFF2-40B4-BE49-F238E27FC236}"><a16:creationId xmlns:a16="http://schemas.microsoft.com/office/drawing/2014/main" id="{131C4397-07BF-4CB5-AD67-97907335D170}"/></a:ext></a:extLst></p:cNvPr><p:cNvSpPr txBox="1"/><p:nvPr/></p:nvSpPr><p:spPr><a:xfrm><a:off x="2850512" y="3324860"/><a:ext cx="1225200" cy="364800"/></a:xfrm><a:prstGeom prst="rect"><a:avLst/></a:prstGeom><a:noFill/><a:ln><a:noFill/></a:ln></p:spPr><p:txBody><a:bodyPr spcFirstLastPara="1" wrap="square" lIns="91425" tIns="91425" rIns="91425" bIns="91425" anchor="t" anchorCtr="0"><a:noAutofit/></a:bodyPr><a:lstStyle/><a:p><a:pPr marL="0" lvl="0" indent="0" algn="ctr" rtl="0"><a:spcBef><a:spcPts val="0"/></a:spcBef><a:spcAft><a:spcPts val="0"/></a:spcAft><a:buNone/></a:pPr><a:r><a:rPr lang="en-IN" sz="1600" dirty="0"><a:solidFill><a:schemeClr val="dk1"/></a:solidFill><a:latin typeface="Open Sans ExtraBold"/><a:ea typeface="Open Sans ExtraBold"/><a:cs typeface="Open Sans ExtraBold"/><a:sym typeface="Open Sans ExtraBold"/></a:rPr><a:t>S</a:t></a:r><a:r><a:rPr lang="en" sz="1600" dirty="0"><a:solidFill><a:schemeClr val="dk1"/></a:solidFill><a:latin typeface="Open Sans ExtraBold"/><a:ea typeface="Open Sans ExtraBold"/><a:cs typeface="Open Sans ExtraBold"/><a:sym typeface="Open Sans ExtraBold"/></a:rPr><a:t>tep 2</a:t></a:r><a:endParaRPr sz="1600" dirty="0"><a:solidFill><a:schemeClr val="dk1"/></a:solidFill><a:latin typeface="Open Sans ExtraBold"/><a:ea typeface="Open Sans ExtraBold"/><a:cs typeface="Open Sans ExtraBold"/><a:sym typeface="Open Sans ExtraBold"/></a:endParaRPr></a:p></p:txBody></p:sp></p:spTree></p:cSld><p:clrMapOvr><a:masterClrMapping/></p:clrMapOvr><mc:AlternateContent xmlns:mc="http://schemas.openxmlformats.org/markup-compatibility/2006"><mc:Choice xmlns:p15="http://schemas.microsoft.com/office/powerpoint/2012/main" Requires="p15"><p:transition spd="slow" xmlns:p14="http://schemas.microsoft.com/office/powerpoint/2010/main" p14:dur="1250"><p15:prstTrans prst="peelOff"/></p:transition></mc:Choice><mc:Fallback><p:transition spd="slow"><p:fade/></p:transition></mc:Fallback></mc:AlternateContent></p:sld>