<?xml version="1.0" encoding="UTF-8" standalone="yes"?>
<p:sld xmlns:a="http://schemas.openxmlformats.org/drawingml/2006/main" xmlns:r="http://schemas.openxmlformats.org/officeDocument/2006/relationships" xmlns:p="http://schemas.openxmlformats.org/presentationml/2006/main"><p:cSld><p:spTree><p:nvGrpSpPr><p:cNvPr id="1" name="Shape 311"/><p:cNvGrpSpPr/><p:nvPr/></p:nvGrpSpPr><p:grpSpPr><a:xfrm><a:off x="0" y="0"/><a:ext cx="0" cy="0"/><a:chOff x="0" y="0"/><a:chExt cx="0" cy="0"/></a:xfrm></p:grpSpPr><p:grpSp><p:nvGrpSpPr><p:cNvPr id="312" name="Google Shape;312;p41"/><p:cNvGrpSpPr/><p:nvPr/></p:nvGrpSpPr><p:grpSpPr><a:xfrm><a:off x="1605600" y="1707288"/><a:ext cx="2685600" cy="3626950"/><a:chOff x="1764000" y="1707288"/><a:chExt cx="2527200" cy="3626950"/></a:xfrm></p:grpSpPr><p:sp><p:nvSpPr><p:cNvPr id="313" name="Google Shape;313;p41"/><p:cNvSpPr/><p:nvPr/></p:nvSpPr><p:spPr><a:xfrm rot="10800000"><a:off x="1764000" y="1707288"/><a:ext cx="2527200" cy="577500"/></a:xfrm><a:prstGeom prst="homePlate"><a:avLst><a:gd name="adj" fmla="val 69380"/></a:avLst></a:prstGeom><a:solidFill><a:schemeClr val="accent4"/></a:solidFill><a:ln><a:noFill/></a:ln></p:spPr><p:txBody><a:bodyPr spcFirstLastPara="1" wrap="square" lIns="91425" tIns="91425" rIns="91425" bIns="91425" anchor="ctr" anchorCtr="0"><a:noAutofit/></a:bodyPr><a:lstStyle/><a:p><a:pPr marL="0" lvl="0" indent="0" algn="l" rtl="0"><a:spcBef><a:spcPts val="0"/></a:spcBef><a:spcAft><a:spcPts val="0"/></a:spcAft><a:buNone/></a:pPr><a:endParaRPr/></a:p></p:txBody></p:sp><p:sp><p:nvSpPr><p:cNvPr id="314" name="Google Shape;314;p41"/><p:cNvSpPr/><p:nvPr/></p:nvSpPr><p:spPr><a:xfrm rot="10800000"><a:off x="1764000" y="2571662"/><a:ext cx="2527200" cy="1496337"/></a:xfrm><a:prstGeom prst="homePlate"><a:avLst><a:gd name="adj" fmla="val 34593"/></a:avLst></a:prstGeom><a:solidFill><a:schemeClr val="accent4"/></a:solidFill><a:ln><a:noFill/></a:ln></p:spPr><p:txBody><a:bodyPr spcFirstLastPara="1" wrap="square" lIns="91425" tIns="91425" rIns="91425" bIns="91425" anchor="ctr" anchorCtr="0"><a:noAutofit/></a:bodyPr><a:lstStyle/><a:p><a:pPr marL="0" lvl="0" indent="0" algn="l" rtl="0"><a:spcBef><a:spcPts val="0"/></a:spcBef><a:spcAft><a:spcPts val="0"/></a:spcAft><a:buNone/></a:pPr><a:endParaRPr dirty="0"/></a:p></p:txBody></p:sp><p:sp><p:nvSpPr><p:cNvPr id="315" name="Google Shape;315;p41"/><p:cNvSpPr/><p:nvPr/></p:nvSpPr><p:spPr><a:xfrm><a:off x="3124426" y="1998177"/><a:ext cx="199167" cy="3336061"/></a:xfrm><a:custGeom><a:avLst/><a:gdLst/><a:ahLst/><a:cxnLst/><a:rect l="l" t="t" r="r" b="b"/><a:pathLst><a:path w="2101" h="18076" extrusionOk="0"><a:moveTo><a:pt x="713" y="0"/></a:moveTo><a:cubicBezTo><a:pt x="321" y="0"/><a:pt x="1" y="321"/><a:pt x="1" y="712"/></a:cubicBezTo><a:lnTo><a:pt x="1" y="17364"/></a:lnTo><a:cubicBezTo><a:pt x="1" y="17755"/><a:pt x="321" y="18075"/><a:pt x="713" y="18075"/></a:cubicBezTo><a:lnTo><a:pt x="1424" y="18075"/></a:lnTo><a:cubicBezTo><a:pt x="1780" y="18075"/><a:pt x="2100" y="17755"/><a:pt x="2100" y="17364"/></a:cubicBezTo><a:lnTo><a:pt x="2100" y="712"/></a:lnTo><a:cubicBezTo><a:pt x="2100" y="321"/><a:pt x="1780" y="0"/><a:pt x="1424" y="0"/></a:cubicBezTo><a:close/></a:path></a:pathLst></a:custGeom><a:solidFill><a:schemeClr val="accent5"/></a:solidFill><a:ln><a:noFill/></a:ln></p:spPr><p:txBody><a:bodyPr spcFirstLastPara="1" wrap="square" lIns="91425" tIns="91425" rIns="91425" bIns="91425" anchor="ctr" anchorCtr="0"><a:noAutofit/></a:bodyPr><a:lstStyle/><a:p><a:pPr marL="0" lvl="0" indent="0" algn="l" rtl="0"><a:spcBef><a:spcPts val="0"/></a:spcBef><a:spcAft><a:spcPts val="0"/></a:spcAft><a:buNone/></a:pPr><a:endParaRPr/></a:p></p:txBody></p:sp></p:grpSp><p:grpSp><p:nvGrpSpPr><p:cNvPr id="316" name="Google Shape;316;p41"/><p:cNvGrpSpPr/><p:nvPr/></p:nvGrpSpPr><p:grpSpPr><a:xfrm><a:off x="4852800" y="2282238"/><a:ext cx="2527200" cy="3262567"/><a:chOff x="4852800" y="2282238"/><a:chExt cx="2527200" cy="3262567"/></a:xfrm></p:grpSpPr><p:sp><p:nvSpPr><p:cNvPr id="317" name="Google Shape;317;p41"/><p:cNvSpPr/><p:nvPr/></p:nvSpPr><p:spPr><a:xfrm rot="10800000" flipH="1"><a:off x="4852800" y="2282238"/><a:ext cx="2527200" cy="577500"/></a:xfrm><a:prstGeom prst="homePlate"><a:avLst><a:gd name="adj" fmla="val 69380"/></a:avLst></a:prstGeom><a:solidFill><a:schemeClr val="accent4"/></a:solidFill><a:ln><a:noFill/></a:ln></p:spPr><p:txBody><a:bodyPr spcFirstLastPara="1" wrap="square" lIns="91425" tIns="91425" rIns="91425" bIns="91425" anchor="ctr" anchorCtr="0"><a:noAutofit/></a:bodyPr><a:lstStyle/><a:p><a:pPr marL="0" lvl="0" indent="0" algn="l" rtl="0"><a:spcBef><a:spcPts val="0"/></a:spcBef><a:spcAft><a:spcPts val="0"/></a:spcAft><a:buNone/></a:pPr><a:endParaRPr/></a:p></p:txBody></p:sp><p:sp><p:nvSpPr><p:cNvPr id="318" name="Google Shape;318;p41"/><p:cNvSpPr/><p:nvPr/></p:nvSpPr><p:spPr><a:xfrm rot="10800000" flipH="1"><a:off x="4852800" y="3146613"/><a:ext cx="2527200" cy="1195500"/></a:xfrm><a:prstGeom prst="homePlate"><a:avLst><a:gd name="adj" fmla="val 34593"/></a:avLst></a:prstGeom><a:solidFill><a:schemeClr val="accent4"/></a:solidFill><a:ln><a:noFill/></a:ln></p:spPr><p:txBody><a:bodyPr spcFirstLastPara="1" wrap="square" lIns="91425" tIns="91425" rIns="91425" bIns="91425" anchor="ctr" anchorCtr="0"><a:noAutofit/></a:bodyPr><a:lstStyle/><a:p><a:pPr marL="0" lvl="0" indent="0" algn="l" rtl="0"><a:spcBef><a:spcPts val="0"/></a:spcBef><a:spcAft><a:spcPts val="0"/></a:spcAft><a:buNone/></a:pPr><a:endParaRPr/></a:p></p:txBody></p:sp><p:sp><p:nvSpPr><p:cNvPr id="319" name="Google Shape;319;p41"/><p:cNvSpPr/><p:nvPr/></p:nvSpPr><p:spPr><a:xfrm><a:off x="5807925" y="2351634"/><a:ext cx="211649" cy="3193171"/></a:xfrm><a:custGeom><a:avLst/><a:gdLst/><a:ahLst/><a:cxnLst/><a:rect l="l" t="t" r="r" b="b"/><a:pathLst><a:path w="2101" h="18076" extrusionOk="0"><a:moveTo><a:pt x="713" y="0"/></a:moveTo><a:cubicBezTo><a:pt x="321" y="0"/><a:pt x="1" y="321"/><a:pt x="1" y="712"/></a:cubicBezTo><a:lnTo><a:pt x="1" y="17364"/></a:lnTo><a:cubicBezTo><a:pt x="1" y="17755"/><a:pt x="321" y="18075"/><a:pt x="713" y="18075"/></a:cubicBezTo><a:lnTo><a:pt x="1424" y="18075"/></a:lnTo><a:cubicBezTo><a:pt x="1780" y="18075"/><a:pt x="2100" y="17755"/><a:pt x="2100" y="17364"/></a:cubicBezTo><a:lnTo><a:pt x="2100" y="712"/></a:lnTo><a:cubicBezTo><a:pt x="2100" y="321"/><a:pt x="1780" y="0"/><a:pt x="1424" y="0"/></a:cubicBezTo><a:close/></a:path></a:pathLst></a:custGeom><a:solidFill><a:schemeClr val="accent5"/></a:solidFill><a:ln><a:noFill/></a:ln></p:spPr><p:txBody><a:bodyPr spcFirstLastPara="1" wrap="square" lIns="91425" tIns="91425" rIns="91425" bIns="91425" anchor="ctr" anchorCtr="0"><a:noAutofit/></a:bodyPr><a:lstStyle/><a:p><a:pPr marL="0" lvl="0" indent="0" algn="l" rtl="0"><a:spcBef><a:spcPts val="0"/></a:spcBef><a:spcAft><a:spcPts val="0"/></a:spcAft><a:buNone/></a:pPr><a:endParaRPr/></a:p></p:txBody></p:sp></p:grpSp><p:sp><p:nvSpPr><p:cNvPr id="320" name="Google Shape;320;p41"/><p:cNvSpPr txBox="1"><a:spLocks noGrp="1"/></p:cNvSpPr><p:nvPr><p:ph type="subTitle" idx="1"/></p:nvPr></p:nvSpPr><p:spPr><a:xfrm><a:off x="2147512" y="2569174"/><a:ext cx="2121900" cy="1496338"/></a:xfrm><a:prstGeom prst="rect"><a:avLst/></a:prstGeom></p:spPr><p:txBody><a:bodyPr spcFirstLastPara="1" wrap="square" lIns="137150" tIns="182875" rIns="137150" bIns="0" anchor="ctr" anchorCtr="0"><a:noAutofit/></a:bodyPr><a:lstStyle/><a:p><a:pPr marL="285750" lvl="0" indent="-285750" algn="l" rtl="0"><a:spcBef><a:spcPts val="0"/></a:spcBef><a:spcAft><a:spcPts val="1600"/></a:spcAft><a:buClr><a:schemeClr val="dk1"/></a:buClr><a:buSzPts val="1100"/><a:buFont typeface="Arial" panose="020B0604020202020204" pitchFamily="34" charset="0"/><a:buChar char="•"/></a:pPr><a:r><a:rPr lang="en-IN" sz="1050" dirty="0"><a:solidFill><a:schemeClr val="accent1"><a:lumMod val="50000"/></a:schemeClr></a:solidFill></a:rPr><a:t>2 GB Ram</a:t></a:r></a:p><a:p><a:pPr marL="285750" lvl="0" indent="-285750" algn="l" rtl="0"><a:spcBef><a:spcPts val="0"/></a:spcBef><a:spcAft><a:spcPts val="1600"/></a:spcAft><a:buClr><a:schemeClr val="dk1"/></a:buClr><a:buSzPts val="1100"/><a:buFont typeface="Arial" panose="020B0604020202020204" pitchFamily="34" charset="0"/><a:buChar char="•"/></a:pPr><a:r><a:rPr lang="en-IN" sz="1050" dirty="0"><a:solidFill><a:schemeClr val="accent1"><a:lumMod val="50000"/></a:schemeClr></a:solidFill></a:rPr><a:t>16 GB Internal storage</a:t></a:r></a:p><a:p><a:pPr marL="285750" lvl="0" indent="-285750" algn="l" rtl="0"><a:spcBef><a:spcPts val="0"/></a:spcBef><a:spcAft><a:spcPts val="1600"/></a:spcAft><a:buClr><a:schemeClr val="dk1"/></a:buClr><a:buSzPts val="1100"/><a:buFont typeface="Arial" panose="020B0604020202020204" pitchFamily="34" charset="0"/><a:buChar char="•"/></a:pPr><a:r><a:rPr lang="en-IN" sz="1050" dirty="0"><a:solidFill><a:schemeClr val="accent1"><a:lumMod val="50000"/></a:schemeClr></a:solidFill></a:rPr><a:t>Bluetooth </a:t></a:r></a:p><a:p><a:pPr marL="285750" lvl="0" indent="-285750" algn="l" rtl="0"><a:spcBef><a:spcPts val="0"/></a:spcBef><a:spcAft><a:spcPts val="1600"/></a:spcAft><a:buClr><a:schemeClr val="dk1"/></a:buClr><a:buSzPts val="1100"/><a:buFont typeface="Arial" panose="020B0604020202020204" pitchFamily="34" charset="0"/><a:buChar char="•"/></a:pPr><a:r><a:rPr lang="en-IN" sz="1050" dirty="0" err="1"><a:solidFill><a:schemeClr val="accent1"><a:lumMod val="50000"/></a:schemeClr></a:solidFill></a:rPr><a:t>Wifi</a:t></a:r><a:endParaRPr sz="1050" dirty="0"><a:solidFill><a:schemeClr val="accent1"><a:lumMod val="50000"/></a:schemeClr></a:solidFill></a:endParaRPr></a:p></p:txBody></p:sp><p:sp><p:nvSpPr><p:cNvPr id="321" name="Google Shape;321;p41"/><p:cNvSpPr txBox="1"><a:spLocks noGrp="1"/></p:cNvSpPr><p:nvPr><p:ph type="subTitle" idx="4"/></p:nvPr></p:nvSpPr><p:spPr><a:xfrm><a:off x="4852800" y="3145917"/><a:ext cx="2121900" cy="1200900"/></a:xfrm><a:prstGeom prst="rect"><a:avLst/></a:prstGeom></p:spPr><p:txBody><a:bodyPr spcFirstLastPara="1" wrap="square" lIns="137150" tIns="182875" rIns="137150" bIns="0" anchor="ctr" anchorCtr="0"><a:noAutofit/></a:bodyPr><a:lstStyle/><a:p><a:pPr marL="285750" lvl="0" indent="-285750" algn="ctr" rtl="0"><a:spcBef><a:spcPts val="0"/></a:spcBef><a:spcAft><a:spcPts val="1600"/></a:spcAft><a:buClr><a:schemeClr val="dk1"/></a:buClr><a:buSzPts val="1100"/><a:buFont typeface="Arial" panose="020B0604020202020204" pitchFamily="34" charset="0"/><a:buChar char="•"/></a:pPr><a:r><a:rPr lang="en-IN" dirty="0"><a:solidFill><a:schemeClr val="accent1"><a:lumMod val="50000"/></a:schemeClr></a:solidFill></a:rPr><a:t>Android 10 and above</a:t></a:r><a:endParaRPr dirty="0"><a:solidFill><a:schemeClr val="accent1"><a:lumMod val="50000"/></a:schemeClr></a:solidFill></a:endParaRPr></a:p></p:txBody></p:sp><p:sp><p:nvSpPr><p:cNvPr id="322" name="Google Shape;322;p41"/><p:cNvSpPr txBox="1"><a:spLocks noGrp="1"/></p:cNvSpPr><p:nvPr><p:ph type="title"/></p:nvPr></p:nvSpPr><p:spPr><a:xfrm><a:off x="713225" y="490125"/><a:ext cx="7717500" cy="572700"/></a:xfrm><a:prstGeom prst="rect"><a:avLst/></a:prstGeom></p:spPr><p:txBody><a:bodyPr spcFirstLastPara="1" wrap="square" lIns="91425" tIns="91425" rIns="91425" bIns="91425" anchor="t" anchorCtr="0"><a:noAutofit/></a:bodyPr><a:lstStyle/><a:p><a:pPr marL="0" lvl="0" indent="0" algn="ctr" rtl="0"><a:spcBef><a:spcPts val="0"/></a:spcBef><a:spcAft><a:spcPts val="0"/></a:spcAft><a:buNone/></a:pPr><a:r><a:rPr lang="en" dirty="0"/><a:t>HARDWARE AND SOFTWARE REQUIREMENT</a:t></a:r><a:endParaRPr dirty="0"/></a:p></p:txBody></p:sp><p:sp><p:nvSpPr><p:cNvPr id="323" name="Google Shape;323;p41"/><p:cNvSpPr txBox="1"><a:spLocks noGrp="1"/></p:cNvSpPr><p:nvPr><p:ph type="title" idx="2"/></p:nvPr></p:nvSpPr><p:spPr><a:xfrm><a:off x="2169300" y="1709600"/><a:ext cx="2121900" cy="572700"/></a:xfrm><a:prstGeom prst="rect"><a:avLst/></a:prstGeom></p:spPr><p:txBody><a:bodyPr spcFirstLastPara="1" wrap="square" lIns="91425" tIns="91425" rIns="91425" bIns="91425" anchor="ctr" anchorCtr="0"><a:noAutofit/></a:bodyPr><a:lstStyle/><a:p><a:pPr marL="0" lvl="0" indent="0" algn="ctr" rtl="0"><a:spcBef><a:spcPts val="0"/></a:spcBef><a:spcAft><a:spcPts val="0"/></a:spcAft><a:buNone/></a:pPr><a:r><a:rPr lang="en" dirty="0"/><a:t>HARDWARE</a:t></a:r><a:endParaRPr dirty="0"/></a:p></p:txBody></p:sp><p:sp><p:nvSpPr><p:cNvPr id="324" name="Google Shape;324;p41"/><p:cNvSpPr txBox="1"><a:spLocks noGrp="1"/></p:cNvSpPr><p:nvPr><p:ph type="title" idx="3"/></p:nvPr></p:nvSpPr><p:spPr><a:xfrm><a:off x="4852800" y="2287746"/><a:ext cx="2121900" cy="572700"/></a:xfrm><a:prstGeom prst="rect"><a:avLst/></a:prstGeom></p:spPr><p:txBody><a:bodyPr spcFirstLastPara="1" wrap="square" lIns="91425" tIns="91425" rIns="91425" bIns="91425" anchor="ctr" anchorCtr="0"><a:noAutofit/></a:bodyPr><a:lstStyle/><a:p><a:pPr marL="0" lvl="0" indent="0" algn="ctr" rtl="0"><a:spcBef><a:spcPts val="0"/></a:spcBef><a:spcAft><a:spcPts val="0"/></a:spcAft><a:buClr><a:schemeClr val="dk1"/></a:buClr><a:buSzPts val="1100"/><a:buFont typeface="Arial"/><a:buNone/></a:pPr><a:r><a:rPr lang="en" dirty="0"/><a:t>SOFTWARE</a:t></a:r><a:endParaRPr dirty="0"/></a:p></p:txBody></p:sp></p:spTree></p:cSld><p:clrMapOvr><a:masterClrMapping/></p:clrMapOvr><mc:AlternateContent xmlns:mc="http://schemas.openxmlformats.org/markup-compatibility/2006"><mc:Choice xmlns:p15="http://schemas.microsoft.com/office/powerpoint/2012/main" Requires="p15"><p:transition spd="slow" xmlns:p14="http://schemas.microsoft.com/office/powerpoint/2010/main" p14:dur="1250"><p15:prstTrans prst="pageCurlDouble"/></p:transition></mc:Choice><mc:Fallback><p:transition spd="slow"><p:fade/></p:transition></mc:Fallback></mc:AlternateContent></p:sld>