<?xml version="1.0" encoding="UTF-8" standalone="yes"?>
<p:sld xmlns:a="http://schemas.openxmlformats.org/drawingml/2006/main" xmlns:r="http://schemas.openxmlformats.org/officeDocument/2006/relationships" xmlns:p="http://schemas.openxmlformats.org/presentationml/2006/main"><p:cSld><p:spTree><p:nvGrpSpPr><p:cNvPr id="1" name="Shape 378"/><p:cNvGrpSpPr/><p:nvPr/></p:nvGrpSpPr><p:grpSpPr><a:xfrm><a:off x="0" y="0"/><a:ext cx="0" cy="0"/><a:chOff x="0" y="0"/><a:chExt cx="0" cy="0"/></a:xfrm></p:grpSpPr><p:sp><p:nvSpPr><p:cNvPr id="379" name="Google Shape;379;p46"/><p:cNvSpPr/><p:nvPr/></p:nvSpPr><p:spPr><a:xfrm rot="-543377"><a:off x="2340219" y="3527959"/><a:ext cx="4433163" cy="963039"/></a:xfrm><a:prstGeom prst="rect"><a:avLst/></a:prstGeom><a:solidFill><a:schemeClr val="accent4"/></a:solidFill><a:ln><a:noFill/></a:ln></p:spPr><p:txBody><a:bodyPr spcFirstLastPara="1" wrap="square" lIns="91425" tIns="91425" rIns="91425" bIns="91425" anchor="ctr" anchorCtr="0"><a:noAutofit/></a:bodyPr><a:lstStyle/><a:p><a:pPr marL="0" lvl="0" indent="0" algn="l" rtl="0"><a:spcBef><a:spcPts val="0"/></a:spcBef><a:spcAft><a:spcPts val="0"/></a:spcAft><a:buNone/></a:pPr><a:endParaRPr/></a:p></p:txBody></p:sp><p:sp><p:nvSpPr><p:cNvPr id="380" name="Google Shape;380;p46"/><p:cNvSpPr/><p:nvPr/></p:nvSpPr><p:spPr><a:xfrm><a:off x="1585925" y="1700200"/><a:ext cx="3226500" cy="1812900"/></a:xfrm><a:prstGeom prst="rect"><a:avLst/></a:prstGeom><a:solidFill><a:schemeClr val="accent2"/></a:solidFill><a:ln><a:noFill/></a:ln></p:spPr><p:txBody><a:bodyPr spcFirstLastPara="1" wrap="square" lIns="91425" tIns="91425" rIns="91425" bIns="91425" anchor="ctr" anchorCtr="0"><a:noAutofit/></a:bodyPr><a:lstStyle/><a:p><a:pPr marL="0" lvl="0" indent="0" algn="l" rtl="0"><a:spcBef><a:spcPts val="0"/></a:spcBef><a:spcAft><a:spcPts val="0"/></a:spcAft><a:buNone/></a:pPr><a:endParaRPr/></a:p></p:txBody></p:sp><p:sp><p:nvSpPr><p:cNvPr id="381" name="Google Shape;381;p46"/><p:cNvSpPr txBox="1"><a:spLocks noGrp="1"/></p:cNvSpPr><p:nvPr><p:ph type="title"/></p:nvPr></p:nvSpPr><p:spPr><a:xfrm><a:off x="711275" y="484350"/><a:ext cx="7721400" cy="572700"/></a:xfrm><a:prstGeom prst="rect"><a:avLst/></a:prstGeom></p:spPr><p:txBody><a:bodyPr spcFirstLastPara="1" wrap="square" lIns="91425" tIns="91425" rIns="91425" bIns="91425" anchor="t" anchorCtr="0"><a:noAutofit/></a:bodyPr><a:lstStyle/><a:p><a:pPr marL="0" lvl="0" indent="0" algn="ctr" rtl="0"><a:spcBef><a:spcPts val="0"/></a:spcBef><a:spcAft><a:spcPts val="0"/></a:spcAft><a:buNone/></a:pPr><a:r><a:rPr lang="en-IN" dirty="0"><a:solidFill><a:schemeClr val="accent2"><a:lumMod val="50000"/></a:schemeClr></a:solidFill></a:rPr><a:t>FLUTTER VS DART</a:t></a:r><a:br><a:rPr lang="en-IN" dirty="0"/></a:br><a:endParaRPr dirty="0"/></a:p></p:txBody></p:sp><p:sp><p:nvSpPr><p:cNvPr id="382" name="Google Shape;382;p46"/><p:cNvSpPr/><p:nvPr/></p:nvSpPr><p:spPr><a:xfrm rot="7517900"><a:off x="7458317" y="-1410748"/><a:ext cx="1188395" cy="3306783"/></a:xfrm><a:custGeom><a:avLst/><a:gdLst/><a:ahLst/><a:cxnLst/><a:rect l="l" t="t" r="r" b="b"/><a:pathLst><a:path w="33428" h="111252" extrusionOk="0"><a:moveTo><a:pt x="2286" y="0"/></a:moveTo><a:cubicBezTo><a:pt x="12044" y="4879"/><a:pt x="29864" y="3018"/><a:pt x="32004" y="13716"/></a:cubicBezTo><a:cubicBezTo><a:pt x="33200" y="19694"/><a:pt x="34405" y="26401"/><a:pt x="32004" y="32004"/></a:cubicBezTo><a:cubicBezTo><a:pt x="28757" y="39580"/><a:pt x="21182" y="44861"/><a:pt x="18288" y="52578"/></a:cubicBezTo><a:cubicBezTo><a:pt x="13637" y="64982"/><a:pt x="18726" y="79422"/><a:pt x="15240" y="92202"/></a:cubicBezTo><a:cubicBezTo><a:pt x="13100" y="100047"/><a:pt x="3637" y="103979"/><a:pt x="0" y="111252"/></a:cubicBezTo></a:path></a:pathLst></a:custGeom><a:noFill/><a:ln w="38100" cap="flat" cmpd="sng"><a:solidFill><a:schemeClr val="accent4"/></a:solidFill><a:prstDash val="dash"/><a:round/><a:headEnd type="none" w="med" len="med"/><a:tailEnd type="none" w="med" len="med"/></a:ln></p:spPr></p:sp><p:sp><p:nvSpPr><p:cNvPr id="383" name="Google Shape;383;p46"/><p:cNvSpPr/><p:nvPr/></p:nvSpPr><p:spPr><a:xfrm rot="-4116921"><a:off x="-255918" y="2542524"/><a:ext cx="1188365" cy="3306872"/></a:xfrm><a:custGeom><a:avLst/><a:gdLst/><a:ahLst/><a:cxnLst/><a:rect l="l" t="t" r="r" b="b"/><a:pathLst><a:path w="33428" h="111252" extrusionOk="0"><a:moveTo><a:pt x="2286" y="0"/></a:moveTo><a:cubicBezTo><a:pt x="12044" y="4879"/><a:pt x="29864" y="3018"/><a:pt x="32004" y="13716"/></a:cubicBezTo><a:cubicBezTo><a:pt x="33200" y="19694"/><a:pt x="34405" y="26401"/><a:pt x="32004" y="32004"/></a:cubicBezTo><a:cubicBezTo><a:pt x="28757" y="39580"/><a:pt x="21182" y="44861"/><a:pt x="18288" y="52578"/></a:cubicBezTo><a:cubicBezTo><a:pt x="13637" y="64982"/><a:pt x="18726" y="79422"/><a:pt x="15240" y="92202"/></a:cubicBezTo><a:cubicBezTo><a:pt x="13100" y="100047"/><a:pt x="3637" y="103979"/><a:pt x="0" y="111252"/></a:cubicBezTo></a:path></a:pathLst></a:custGeom><a:noFill/><a:ln w="38100" cap="flat" cmpd="sng"><a:solidFill><a:schemeClr val="accent4"/></a:solidFill><a:prstDash val="dash"/><a:round/><a:headEnd type="none" w="med" len="med"/><a:tailEnd type="none" w="med" len="med"/></a:ln></p:spPr></p:sp><p:grpSp><p:nvGrpSpPr><p:cNvPr id="384" name="Google Shape;384;p46"/><p:cNvGrpSpPr/><p:nvPr/></p:nvGrpSpPr><p:grpSpPr><a:xfrm rot="558357"><a:off x="7738361" y="3155821"/><a:ext cx="1568799" cy="1643853"/><a:chOff x="7072656" y="3051665"/><a:chExt cx="1568861" cy="1643918"/></a:xfrm></p:grpSpPr><p:grpSp><p:nvGrpSpPr><p:cNvPr id="385" name="Google Shape;385;p46"/><p:cNvGrpSpPr/><p:nvPr/></p:nvGrpSpPr><p:grpSpPr><a:xfrm rot="-899921"><a:off x="7227807" y="3191274"/><a:ext cx="1258558" cy="1364700"/><a:chOff x="7112184" y="3019705"/><a:chExt cx="1433586" cy="1554490"/></a:xfrm></p:grpSpPr><p:sp><p:nvSpPr><p:cNvPr id="386" name="Google Shape;386;p46"/><p:cNvSpPr/><p:nvPr/></p:nvSpPr><p:spPr><a:xfrm rot="899853"><a:off x="7261767" y="3144253"/><a:ext cx="1134421" cy="1305392"/></a:xfrm><a:custGeom><a:avLst/><a:gdLst/><a:ahLst/><a:cxnLst/><a:rect l="l" t="t" r="r" b="b"/><a:pathLst><a:path w="23097" h="26578" extrusionOk="0"><a:moveTo><a:pt x="1" y="0"/></a:moveTo><a:lnTo><a:pt x="1" y="896"/></a:lnTo><a:lnTo><a:pt x="80" y="896"/></a:lnTo><a:cubicBezTo><a:pt x="538" y="896"/><a:pt x="916" y="1254"/><a:pt x="916" y="1731"/></a:cubicBezTo><a:cubicBezTo><a:pt x="916" y="2189"/><a:pt x="538" y="2567"/><a:pt x="80" y="2567"/></a:cubicBezTo><a:cubicBezTo><a:pt x="61" y="2567"/><a:pt x="21" y="2567"/><a:pt x="1" y="2547"/></a:cubicBezTo><a:lnTo><a:pt x="1" y="3203"/></a:lnTo><a:lnTo><a:pt x="80" y="3203"/></a:lnTo><a:cubicBezTo><a:pt x="538" y="3203"/><a:pt x="916" y="3581"/><a:pt x="916" y="4039"/></a:cubicBezTo><a:cubicBezTo><a:pt x="916" y="4496"/><a:pt x="538" y="4874"/><a:pt x="80" y="4874"/></a:cubicBezTo><a:lnTo><a:pt x="1" y="4874"/></a:lnTo><a:lnTo><a:pt x="1" y="5531"/></a:lnTo><a:cubicBezTo><a:pt x="21" y="5511"/><a:pt x="61" y="5511"/><a:pt x="80" y="5511"/></a:cubicBezTo><a:cubicBezTo><a:pt x="538" y="5511"/><a:pt x="916" y="5889"/><a:pt x="916" y="6346"/></a:cubicBezTo><a:cubicBezTo><a:pt x="916" y="6824"/><a:pt x="538" y="7182"/><a:pt x="80" y="7182"/></a:cubicBezTo><a:lnTo><a:pt x="1" y="7182"/></a:lnTo><a:lnTo><a:pt x="1" y="7838"/></a:lnTo><a:lnTo><a:pt x="80" y="7838"/></a:lnTo><a:cubicBezTo><a:pt x="538" y="7838"/><a:pt x="916" y="8196"/><a:pt x="916" y="8674"/></a:cubicBezTo><a:cubicBezTo><a:pt x="916" y="9131"/><a:pt x="538" y="9509"/><a:pt x="80" y="9509"/></a:cubicBezTo><a:cubicBezTo><a:pt x="61" y="9509"/><a:pt x="21" y="9489"/><a:pt x="1" y="9489"/></a:cubicBezTo><a:lnTo><a:pt x="1" y="10146"/></a:lnTo><a:lnTo><a:pt x="80" y="10146"/></a:lnTo><a:cubicBezTo><a:pt x="538" y="10146"/><a:pt x="916" y="10524"/><a:pt x="916" y="10981"/></a:cubicBezTo><a:cubicBezTo><a:pt x="916" y="11439"/><a:pt x="538" y="11817"/><a:pt x="80" y="11817"/></a:cubicBezTo><a:lnTo><a:pt x="1" y="11817"/></a:lnTo><a:lnTo><a:pt x="1" y="12453"/></a:lnTo><a:lnTo><a:pt x="80" y="12453"/></a:lnTo><a:cubicBezTo><a:pt x="538" y="12453"/><a:pt x="916" y="12831"/><a:pt x="916" y="13289"/></a:cubicBezTo><a:cubicBezTo><a:pt x="916" y="13746"/><a:pt x="538" y="14124"/><a:pt x="80" y="14124"/></a:cubicBezTo><a:lnTo><a:pt x="1" y="14124"/></a:lnTo><a:lnTo><a:pt x="1" y="14781"/></a:lnTo><a:cubicBezTo><a:pt x="21" y="14761"/><a:pt x="61" y="14761"/><a:pt x="80" y="14761"/></a:cubicBezTo><a:cubicBezTo><a:pt x="538" y="14761"/><a:pt x="916" y="15139"/><a:pt x="916" y="15596"/></a:cubicBezTo><a:cubicBezTo><a:pt x="916" y="16074"/><a:pt x="538" y="16432"/><a:pt x="80" y="16432"/></a:cubicBezTo><a:lnTo><a:pt x="1" y="16432"/></a:lnTo><a:lnTo><a:pt x="1" y="17088"/></a:lnTo><a:lnTo><a:pt x="80" y="17088"/></a:lnTo><a:cubicBezTo><a:pt x="538" y="17088"/><a:pt x="916" y="17446"/><a:pt x="916" y="17924"/></a:cubicBezTo><a:cubicBezTo><a:pt x="916" y="18381"/><a:pt x="538" y="18759"/><a:pt x="80" y="18759"/></a:cubicBezTo><a:cubicBezTo><a:pt x="61" y="18759"/><a:pt x="21" y="18739"/><a:pt x="1" y="18739"/></a:cubicBezTo><a:lnTo><a:pt x="1" y="19396"/></a:lnTo><a:lnTo><a:pt x="80" y="19396"/></a:lnTo><a:cubicBezTo><a:pt x="538" y="19396"/><a:pt x="916" y="19774"/><a:pt x="916" y="20231"/></a:cubicBezTo><a:cubicBezTo><a:pt x="916" y="20689"/><a:pt x="538" y="21067"/><a:pt x="80" y="21067"/></a:cubicBezTo><a:lnTo><a:pt x="1" y="21067"/></a:lnTo><a:lnTo><a:pt x="1" y="21703"/></a:lnTo><a:lnTo><a:pt x="80" y="21703"/></a:lnTo><a:cubicBezTo><a:pt x="538" y="21703"/><a:pt x="916" y="22081"/><a:pt x="916" y="22539"/></a:cubicBezTo><a:cubicBezTo><a:pt x="916" y="22996"/><a:pt x="538" y="23374"/><a:pt x="80" y="23374"/></a:cubicBezTo><a:lnTo><a:pt x="1" y="23374"/></a:lnTo><a:lnTo><a:pt x="1" y="24031"/></a:lnTo><a:cubicBezTo><a:pt x="21" y="24011"/><a:pt x="61" y="24011"/><a:pt x="80" y="24011"/></a:cubicBezTo><a:cubicBezTo><a:pt x="538" y="24011"/><a:pt x="916" y="24389"/><a:pt x="916" y="24847"/></a:cubicBezTo><a:cubicBezTo><a:pt x="916" y="25324"/><a:pt x="538" y="25682"/><a:pt x="80" y="25682"/></a:cubicBezTo><a:lnTo><a:pt x="1" y="25682"/></a:lnTo><a:lnTo><a:pt x="1" y="26577"/></a:lnTo><a:lnTo><a:pt x="1493" y="26577"/></a:lnTo><a:cubicBezTo><a:pt x="1493" y="26120"/><a:pt x="1871" y="25742"/><a:pt x="2328" y="25742"/></a:cubicBezTo><a:cubicBezTo><a:pt x="2786" y="25742"/><a:pt x="3164" y="26120"/><a:pt x="3164" y="26577"/></a:cubicBezTo><a:lnTo><a:pt x="3800" y="26577"/></a:lnTo><a:cubicBezTo><a:pt x="3800" y="26120"/><a:pt x="4178" y="25742"/><a:pt x="4636" y="25742"/></a:cubicBezTo><a:cubicBezTo><a:pt x="5113" y="25742"/><a:pt x="5471" y="26120"/><a:pt x="5471" y="26577"/></a:cubicBezTo><a:lnTo><a:pt x="6128" y="26577"/></a:lnTo><a:cubicBezTo><a:pt x="6128" y="26120"/><a:pt x="6486" y="25742"/><a:pt x="6963" y="25742"/></a:cubicBezTo><a:cubicBezTo><a:pt x="7421" y="25742"/><a:pt x="7799" y="26120"/><a:pt x="7799" y="26577"/></a:cubicBezTo><a:lnTo><a:pt x="8435" y="26577"/></a:lnTo><a:cubicBezTo><a:pt x="8435" y="26120"/><a:pt x="8813" y="25742"/><a:pt x="9271" y="25742"/></a:cubicBezTo><a:cubicBezTo><a:pt x="9728" y="25742"/><a:pt x="10106" y="26120"/><a:pt x="10106" y="26577"/></a:cubicBezTo><a:lnTo><a:pt x="10743" y="26577"/></a:lnTo><a:cubicBezTo><a:pt x="10743" y="26120"/><a:pt x="11121" y="25742"/><a:pt x="11598" y="25742"/></a:cubicBezTo><a:cubicBezTo><a:pt x="12056" y="25742"/><a:pt x="12434" y="26120"/><a:pt x="12434" y="26577"/></a:cubicBezTo><a:lnTo><a:pt x="13070" y="26577"/></a:lnTo><a:cubicBezTo><a:pt x="13070" y="26120"/><a:pt x="13448" y="25742"/><a:pt x="13906" y="25742"/></a:cubicBezTo><a:cubicBezTo><a:pt x="14363" y="25742"/><a:pt x="14741" y="26120"/><a:pt x="14741" y="26577"/></a:cubicBezTo><a:lnTo><a:pt x="15378" y="26577"/></a:lnTo><a:cubicBezTo><a:pt x="15378" y="26120"/><a:pt x="15756" y="25742"/><a:pt x="16213" y="25742"/></a:cubicBezTo><a:cubicBezTo><a:pt x="16691" y="25742"/><a:pt x="17049" y="26120"/><a:pt x="17049" y="26577"/></a:cubicBezTo><a:lnTo><a:pt x="17705" y="26577"/></a:lnTo><a:cubicBezTo><a:pt x="17705" y="26120"/><a:pt x="18063" y="25742"/><a:pt x="18541" y="25742"/></a:cubicBezTo><a:cubicBezTo><a:pt x="18998" y="25742"/><a:pt x="19376" y="26120"/><a:pt x="19376" y="26577"/></a:cubicBezTo><a:lnTo><a:pt x="20013" y="26577"/></a:lnTo><a:cubicBezTo><a:pt x="20013" y="26120"/><a:pt x="20391" y="25742"/><a:pt x="20848" y="25742"/></a:cubicBezTo><a:cubicBezTo><a:pt x="21306" y="25742"/><a:pt x="21684" y="26120"/><a:pt x="21684" y="26577"/></a:cubicBezTo><a:lnTo><a:pt x="23096" y="26577"/></a:lnTo><a:lnTo><a:pt x="23096" y="25682"/></a:lnTo><a:cubicBezTo><a:pt x="22639" y="25682"/><a:pt x="22261" y="25304"/><a:pt x="22261" y="24847"/></a:cubicBezTo><a:cubicBezTo><a:pt x="22261" y="24389"/><a:pt x="22639" y="24011"/><a:pt x="23096" y="24011"/></a:cubicBezTo><a:lnTo><a:pt x="23096" y="23374"/></a:lnTo><a:cubicBezTo><a:pt x="22639" y="23374"/><a:pt x="22261" y="22996"/><a:pt x="22261" y="22539"/></a:cubicBezTo><a:cubicBezTo><a:pt x="22261" y="22081"/><a:pt x="22639" y="21703"/><a:pt x="23096" y="21703"/></a:cubicBezTo><a:lnTo><a:pt x="23096" y="21047"/></a:lnTo><a:cubicBezTo><a:pt x="22639" y="21047"/><a:pt x="22261" y="20689"/><a:pt x="22261" y="20211"/></a:cubicBezTo><a:cubicBezTo><a:pt x="22261" y="19754"/><a:pt x="22639" y="19376"/><a:pt x="23096" y="19376"/></a:cubicBezTo><a:lnTo><a:pt x="23096" y="18739"/></a:lnTo><a:cubicBezTo><a:pt x="22639" y="18739"/><a:pt x="22261" y="18361"/><a:pt x="22261" y="17904"/></a:cubicBezTo><a:cubicBezTo><a:pt x="22261" y="17446"/><a:pt x="22639" y="17068"/><a:pt x="23096" y="17068"/></a:cubicBezTo><a:lnTo><a:pt x="23096" y="16432"/></a:lnTo><a:cubicBezTo><a:pt x="22639" y="16432"/><a:pt x="22261" y="16054"/><a:pt x="22261" y="15596"/></a:cubicBezTo><a:cubicBezTo><a:pt x="22261" y="15119"/><a:pt x="22639" y="14761"/><a:pt x="23096" y="14761"/></a:cubicBezTo><a:lnTo><a:pt x="23096" y="14104"/></a:lnTo><a:cubicBezTo><a:pt x="22639" y="14104"/><a:pt x="22261" y="13746"/><a:pt x="22261" y="13269"/></a:cubicBezTo><a:cubicBezTo><a:pt x="22261" y="12811"/><a:pt x="22639" y="12433"/><a:pt x="23096" y="12433"/></a:cubicBezTo><a:lnTo><a:pt x="23096" y="11797"/></a:lnTo><a:cubicBezTo><a:pt x="22639" y="11797"/><a:pt x="22261" y="11419"/><a:pt x="22261" y="10961"/></a:cubicBezTo><a:cubicBezTo><a:pt x="22261" y="10504"/><a:pt x="22639" y="10126"/><a:pt x="23096" y="10126"/></a:cubicBezTo><a:lnTo><a:pt x="23096" y="9489"/></a:lnTo><a:cubicBezTo><a:pt x="22639" y="9489"/><a:pt x="22261" y="9111"/><a:pt x="22261" y="8654"/></a:cubicBezTo><a:cubicBezTo><a:pt x="22261" y="8176"/><a:pt x="22639" y="7818"/><a:pt x="23096" y="7818"/></a:cubicBezTo><a:lnTo><a:pt x="23096" y="7162"/></a:lnTo><a:cubicBezTo><a:pt x="22639" y="7162"/><a:pt x="22261" y="6784"/><a:pt x="22261" y="6326"/></a:cubicBezTo><a:cubicBezTo><a:pt x="22261" y="5869"/><a:pt x="22639" y="5491"/><a:pt x="23096" y="5491"/></a:cubicBezTo><a:lnTo><a:pt x="23096" y="4854"/></a:lnTo><a:cubicBezTo><a:pt x="23085" y="4855"/><a:pt x="23073" y="4855"/><a:pt x="23062" y="4855"/></a:cubicBezTo><a:cubicBezTo><a:pt x="22620" y="4855"/><a:pt x="22261" y="4485"/><a:pt x="22261" y="4039"/></a:cubicBezTo><a:cubicBezTo><a:pt x="22261" y="3581"/><a:pt x="22639" y="3203"/><a:pt x="23096" y="3203"/></a:cubicBezTo><a:lnTo><a:pt x="23096" y="2567"/></a:lnTo><a:cubicBezTo><a:pt x="22639" y="2567"/><a:pt x="22261" y="2189"/><a:pt x="22261" y="1731"/></a:cubicBezTo><a:cubicBezTo><a:pt x="22261" y="1274"/><a:pt x="22639" y="896"/><a:pt x="23096" y="896"/></a:cubicBezTo><a:lnTo><a:pt x="23096" y="0"/></a:lnTo><a:lnTo><a:pt x="21684" y="0"/></a:lnTo><a:cubicBezTo><a:pt x="21684" y="458"/><a:pt x="21306" y="836"/><a:pt x="20848" y="836"/></a:cubicBezTo><a:cubicBezTo><a:pt x="20391" y="836"/><a:pt x="20013" y="458"/><a:pt x="20013" y="0"/></a:cubicBezTo><a:lnTo><a:pt x="19376" y="0"/></a:lnTo><a:cubicBezTo><a:pt x="19376" y="458"/><a:pt x="18998" y="836"/><a:pt x="18541" y="836"/></a:cubicBezTo><a:cubicBezTo><a:pt x="18063" y="836"/><a:pt x="17705" y="458"/><a:pt x="17705" y="0"/></a:cubicBezTo><a:lnTo><a:pt x="17049" y="0"/></a:lnTo><a:cubicBezTo><a:pt x="17049" y="458"/><a:pt x="16691" y="836"/><a:pt x="16213" y="836"/></a:cubicBezTo><a:cubicBezTo><a:pt x="15756" y="836"/><a:pt x="15378" y="458"/><a:pt x="15378" y="0"/></a:cubicBezTo><a:lnTo><a:pt x="14741" y="0"/></a:lnTo><a:cubicBezTo><a:pt x="14741" y="458"/><a:pt x="14363" y="836"/><a:pt x="13906" y="836"/></a:cubicBezTo><a:cubicBezTo><a:pt x="13448" y="836"/><a:pt x="13070" y="458"/><a:pt x="13070" y="0"/></a:cubicBezTo><a:lnTo><a:pt x="12434" y="0"/></a:lnTo><a:cubicBezTo><a:pt x="12434" y="458"/><a:pt x="12056" y="836"/><a:pt x="11598" y="836"/></a:cubicBezTo><a:cubicBezTo><a:pt x="11121" y="836"/><a:pt x="10743" y="458"/><a:pt x="10743" y="0"/></a:cubicBezTo><a:lnTo><a:pt x="10106" y="0"/></a:lnTo><a:cubicBezTo><a:pt x="10106" y="458"/><a:pt x="9728" y="836"/><a:pt x="9271" y="836"/></a:cubicBezTo><a:cubicBezTo><a:pt x="8813" y="836"/><a:pt x="8435" y="458"/><a:pt x="8435" y="0"/></a:cubicBezTo><a:lnTo><a:pt x="7799" y="0"/></a:lnTo><a:cubicBezTo><a:pt x="7799" y="458"/><a:pt x="7421" y="836"/><a:pt x="6963" y="836"/></a:cubicBezTo><a:cubicBezTo><a:pt x="6486" y="836"/><a:pt x="6128" y="458"/><a:pt x="6128" y="0"/></a:cubicBezTo><a:lnTo><a:pt x="5471" y="0"/></a:lnTo><a:cubicBezTo><a:pt x="5471" y="458"/><a:pt x="5113" y="836"/><a:pt x="4636" y="836"/></a:cubicBezTo><a:cubicBezTo><a:pt x="4178" y="836"/><a:pt x="3800" y="458"/><a:pt x="3800" y="0"/></a:cubicBezTo><a:lnTo><a:pt x="3164" y="0"/></a:lnTo><a:cubicBezTo><a:pt x="3164" y="458"/><a:pt x="2786" y="836"/><a:pt x="2328" y="836"/></a:cubicBezTo><a:cubicBezTo><a:pt x="1871" y="836"/><a:pt x="1493" y="458"/><a:pt x="1493" y="0"/></a:cubicBezTo><a:close/></a:path></a:pathLst></a:custGeom><a:solidFill><a:schemeClr val="accent2"/></a:solidFill><a:ln><a:noFill/></a:ln></p:spPr><p:txBody><a:bodyPr spcFirstLastPara="1" wrap="square" lIns="91425" tIns="91425" rIns="91425" bIns="91425" anchor="ctr" anchorCtr="0"><a:noAutofit/></a:bodyPr><a:lstStyle/><a:p><a:pPr marL="0" lvl="0" indent="0" algn="l" rtl="0"><a:spcBef><a:spcPts val="0"/></a:spcBef><a:spcAft><a:spcPts val="0"/></a:spcAft><a:buNone/></a:pPr><a:endParaRPr/></a:p></p:txBody></p:sp><p:sp><p:nvSpPr><p:cNvPr id="387" name="Google Shape;387;p46"/><p:cNvSpPr/><p:nvPr/></p:nvSpPr><p:spPr><a:xfrm rot="900863"><a:off x="7421885" y="3308880"/><a:ext cx="814092" cy="976439"/></a:xfrm><a:prstGeom prst="rect"><a:avLst/></a:prstGeom><a:solidFill><a:schemeClr val="accent2"/></a:solidFill><a:ln w="28575" cap="flat" cmpd="sng"><a:solidFill><a:schemeClr val="accent3"/></a:solidFill><a:prstDash val="solid"/><a:round/><a:headEnd type="none" w="sm" len="sm"/><a:tailEnd type="none" w="sm" len="sm"/></a:ln></p:spPr><p:txBody><a:bodyPr spcFirstLastPara="1" wrap="square" lIns="91425" tIns="91425" rIns="91425" bIns="91425" anchor="ctr" anchorCtr="0"><a:noAutofit/></a:bodyPr><a:lstStyle/><a:p><a:pPr marL="0" lvl="0" indent="0" algn="l" rtl="0"><a:spcBef><a:spcPts val="0"/></a:spcBef><a:spcAft><a:spcPts val="0"/></a:spcAft><a:buNone/></a:pPr><a:endParaRPr/></a:p></p:txBody></p:sp></p:grpSp><p:grpSp><p:nvGrpSpPr><p:cNvPr id="388" name="Google Shape;388;p46"/><p:cNvGrpSpPr/><p:nvPr/></p:nvGrpSpPr><p:grpSpPr><a:xfrm rot="8623"><a:off x="7595039" y="3587401"/><a:ext cx="524095" cy="572448"/><a:chOff x="2755079" y="2156914"/><a:chExt cx="386642" cy="398170"/></a:xfrm></p:grpSpPr><p:sp><p:nvSpPr><p:cNvPr id="389" name="Google Shape;389;p46"/><p:cNvSpPr/><p:nvPr/></p:nvSpPr><p:spPr><a:xfrm><a:off x="2755079" y="2326419"/><a:ext cx="386642" cy="227869"/></a:xfrm><a:custGeom><a:avLst/><a:gdLst/><a:ahLst/><a:cxnLst/><a:rect l="l" t="t" r="r" b="b"/><a:pathLst><a:path w="17507" h="10319" extrusionOk="0"><a:moveTo><a:pt x="5551" y="0"/></a:moveTo><a:lnTo><a:pt x="179" y="9002"/></a:lnTo><a:cubicBezTo><a:pt x="1" y="9287"/><a:pt x="1" y="9607"/><a:pt x="179" y="9892"/></a:cubicBezTo><a:cubicBezTo><a:pt x="321" y="10177"/><a:pt x="606" y="10319"/><a:pt x="926" y="10319"/></a:cubicBezTo><a:lnTo><a:pt x="3381" y="10319"/></a:lnTo><a:lnTo><a:pt x="8327" y="1957"/></a:lnTo><a:cubicBezTo><a:pt x="8398" y="1779"/><a:pt x="8576" y="1673"/><a:pt x="8754" y="1673"/></a:cubicBezTo><a:cubicBezTo><a:pt x="8932" y="1673"/><a:pt x="9110" y="1779"/><a:pt x="9216" y="1957"/></a:cubicBezTo><a:lnTo><a:pt x="14162" y="10319"/></a:lnTo><a:lnTo><a:pt x="16582" y="10319"/></a:lnTo><a:cubicBezTo><a:pt x="16902" y="10319"/><a:pt x="17186" y="10177"/><a:pt x="17364" y="9892"/></a:cubicBezTo><a:cubicBezTo><a:pt x="17507" y="9607"/><a:pt x="17507" y="9287"/><a:pt x="17329" y="9002"/></a:cubicBezTo><a:lnTo><a:pt x="11992" y="0"/></a:lnTo><a:close/></a:path></a:pathLst></a:custGeom><a:solidFill><a:schemeClr val="accent3"/></a:solidFill><a:ln><a:noFill/></a:ln></p:spPr><p:txBody><a:bodyPr spcFirstLastPara="1" wrap="square" lIns="91425" tIns="91425" rIns="91425" bIns="91425" anchor="ctr" anchorCtr="0"><a:noAutofit/></a:bodyPr><a:lstStyle/><a:p><a:pPr marL="0" lvl="0" indent="0" algn="l" rtl="0"><a:spcBef><a:spcPts val="0"/></a:spcBef><a:spcAft><a:spcPts val="0"/></a:spcAft><a:buNone/></a:pPr><a:endParaRPr/></a:p></p:txBody></p:sp><p:sp><p:nvSpPr><p:cNvPr id="390" name="Google Shape;390;p46"/><p:cNvSpPr/><p:nvPr/></p:nvSpPr><p:spPr><a:xfrm><a:off x="2855676" y="2397922"/><a:ext cx="184675" cy="157161"/></a:xfrm><a:custGeom><a:avLst/><a:gdLst/><a:ahLst/><a:cxnLst/><a:rect l="l" t="t" r="r" b="b"/><a:pathLst><a:path w="8362" h="7117" extrusionOk="0"><a:moveTo><a:pt x="4199" y="0"/></a:moveTo><a:lnTo><a:pt x="0" y="7116"/></a:lnTo><a:lnTo><a:pt x="8362" y="7116"/></a:lnTo><a:lnTo><a:pt x="4199" y="0"/></a:lnTo><a:close/></a:path></a:pathLst></a:custGeom><a:solidFill><a:schemeClr val="accent3"/></a:solidFill><a:ln><a:noFill/></a:ln></p:spPr><p:txBody><a:bodyPr spcFirstLastPara="1" wrap="square" lIns="91425" tIns="91425" rIns="91425" bIns="91425" anchor="ctr" anchorCtr="0"><a:noAutofit/></a:bodyPr><a:lstStyle/><a:p><a:pPr marL="0" lvl="0" indent="0" algn="l" rtl="0"><a:spcBef><a:spcPts val="0"/></a:spcBef><a:spcAft><a:spcPts val="0"/></a:spcAft><a:buNone/></a:pPr><a:endParaRPr/></a:p></p:txBody></p:sp><p:sp><p:nvSpPr><p:cNvPr id="391" name="Google Shape;391;p46"/><p:cNvSpPr/><p:nvPr/></p:nvSpPr><p:spPr><a:xfrm><a:off x="2892603" y="2156914"/><a:ext cx="113186" cy="145965"/></a:xfrm><a:custGeom><a:avLst/><a:gdLst/><a:ahLst/><a:cxnLst/><a:rect l="l" t="t" r="r" b="b"/><a:pathLst><a:path w="5125" h="6610" extrusionOk="0"><a:moveTo><a:pt x="983" y="0"/></a:moveTo><a:cubicBezTo><a:pt x="617" y="0"/><a:pt x="147" y="442"/><a:pt x="427" y="774"/></a:cubicBezTo><a:lnTo><a:pt x="1957" y="3336"/></a:lnTo><a:lnTo><a:pt x="0" y="6609"/></a:lnTo><a:lnTo><a:pt x="5124" y="6609"/></a:lnTo><a:lnTo><a:pt x="3167" y="3336"/></a:lnTo><a:lnTo><a:pt x="4697" y="774"/></a:lnTo><a:cubicBezTo><a:pt x="4847" y="374"/><a:pt x="4540" y="44"/><a:pt x="4209" y="44"/></a:cubicBezTo><a:cubicBezTo><a:pt x="4068" y="44"/><a:pt x="3924" y="103"/><a:pt x="3808" y="240"/></a:cubicBezTo><a:lnTo><a:pt x="2562" y="2304"/></a:lnTo><a:lnTo><a:pt x="1317" y="240"/></a:lnTo><a:cubicBezTo><a:pt x="1257" y="69"/><a:pt x="1128" y="0"/><a:pt x="983" y="0"/></a:cubicBezTo><a:close/></a:path></a:pathLst></a:custGeom><a:solidFill><a:schemeClr val="accent3"/></a:solidFill><a:ln><a:noFill/></a:ln></p:spPr><p:txBody><a:bodyPr spcFirstLastPara="1" wrap="square" lIns="91425" tIns="91425" rIns="91425" bIns="91425" anchor="ctr" anchorCtr="0"><a:noAutofit/></a:bodyPr><a:lstStyle/><a:p><a:pPr marL="0" lvl="0" indent="0" algn="l" rtl="0"><a:spcBef><a:spcPts val="0"/></a:spcBef><a:spcAft><a:spcPts val="0"/></a:spcAft><a:buNone/></a:pPr><a:endParaRPr/></a:p></p:txBody></p:sp></p:grpSp></p:grpSp><p:pic><p:nvPicPr><p:cNvPr id="392" name="Google Shape;392;p46"/><p:cNvPicPr preferRelativeResize="0"/><p:nvPr/></p:nvPicPr><p:blipFill rotWithShape="1"><a:blip r:embed="rId3"><a:alphaModFix/></a:blip><a:srcRect l="13538" t="4560" r="120" b="6551"/><a:stretch/></p:blipFill><p:spPr><a:xfrm rot="-628380"><a:off x="1610336" y="1589057"/><a:ext cx="3078702" cy="1783237"/></a:xfrm><a:prstGeom prst="rect"><a:avLst/></a:prstGeom><a:noFill/><a:ln w="38100" cap="flat" cmpd="sng"><a:solidFill><a:schemeClr val="lt2"/></a:solidFill><a:prstDash val="solid"/><a:round/><a:headEnd type="none" w="sm" len="sm"/><a:tailEnd type="none" w="sm" len="sm"/></a:ln></p:spPr></p:pic><p:sp><p:nvSpPr><p:cNvPr id="393" name="Google Shape;393;p46"/><p:cNvSpPr/><p:nvPr/></p:nvSpPr><p:spPr><a:xfrm rot="-617902"><a:off x="1610892" y="1571545"/><a:ext cx="3086015" cy="1814113"/></a:xfrm><a:prstGeom prst="rect"><a:avLst/></a:prstGeom><a:solidFill><a:schemeClr val="accent3"><a:alpha val="26339"/></a:schemeClr></a:solidFill><a:ln><a:noFill/></a:ln></p:spPr><p:txBody><a:bodyPr spcFirstLastPara="1" wrap="square" lIns="91425" tIns="91425" rIns="91425" bIns="91425" anchor="ctr" anchorCtr="0"><a:noAutofit/></a:bodyPr><a:lstStyle/><a:p><a:pPr marL="0" lvl="0" indent="0" algn="l" rtl="0"><a:spcBef><a:spcPts val="0"/></a:spcBef><a:spcAft><a:spcPts val="0"/></a:spcAft><a:buNone/></a:pPr><a:endParaRPr/></a:p></p:txBody></p:sp><p:pic><p:nvPicPr><p:cNvPr id="394" name="Google Shape;394;p46"/><p:cNvPicPr preferRelativeResize="0"/><p:nvPr/></p:nvPicPr><p:blipFill rotWithShape="1"><a:blip r:embed="rId4"><a:alphaModFix/></a:blip><a:srcRect t="30329" b="11266"/><a:stretch/></p:blipFill><p:spPr><a:xfrm><a:off x="2307400" y="3191775"/><a:ext cx="4351800" cy="1430150"/></a:xfrm><a:prstGeom prst="rect"><a:avLst/></a:prstGeom><a:noFill/><a:ln w="38100" cap="flat" cmpd="sng"><a:solidFill><a:schemeClr val="lt2"/></a:solidFill><a:prstDash val="solid"/><a:round/><a:headEnd type="none" w="sm" len="sm"/><a:tailEnd type="none" w="sm" len="sm"/></a:ln></p:spPr></p:pic><p:sp><p:nvSpPr><p:cNvPr id="395" name="Google Shape;395;p46"/><p:cNvSpPr/><p:nvPr/></p:nvSpPr><p:spPr><a:xfrm><a:off x="2307400" y="3205925"/><a:ext cx="4351800" cy="1416000"/></a:xfrm><a:prstGeom prst="rect"><a:avLst/></a:prstGeom><a:solidFill><a:schemeClr val="accent3"><a:alpha val="26339"/></a:schemeClr></a:solidFill><a:ln><a:noFill/></a:ln></p:spPr><p:txBody><a:bodyPr spcFirstLastPara="1" wrap="square" lIns="91425" tIns="91425" rIns="91425" bIns="91425" anchor="ctr" anchorCtr="0"><a:noAutofit/></a:bodyPr><a:lstStyle/><a:p><a:pPr marL="0" lvl="0" indent="0" algn="l" rtl="0"><a:spcBef><a:spcPts val="0"/></a:spcBef><a:spcAft><a:spcPts val="0"/></a:spcAft><a:buNone/></a:pPr><a:endParaRPr/></a:p></p:txBody></p:sp><p:sp><p:nvSpPr><p:cNvPr id="396" name="Google Shape;396;p46"/><p:cNvSpPr/><p:nvPr/></p:nvSpPr><p:spPr><a:xfrm rot="565751"><a:off x="5047646" y="1732653"/><a:ext cx="2217562" cy="1812795"/></a:xfrm><a:prstGeom prst="rect"><a:avLst/></a:prstGeom><a:solidFill><a:schemeClr val="accent5"/></a:solidFill><a:ln><a:noFill/></a:ln></p:spPr><p:txBody><a:bodyPr spcFirstLastPara="1" wrap="square" lIns="91425" tIns="91425" rIns="91425" bIns="91425" anchor="ctr" anchorCtr="0"><a:noAutofit/></a:bodyPr><a:lstStyle/><a:p><a:pPr marL="0" lvl="0" indent="0" algn="l" rtl="0"><a:spcBef><a:spcPts val="0"/></a:spcBef><a:spcAft><a:spcPts val="0"/></a:spcAft><a:buNone/></a:pPr><a:endParaRPr/></a:p></p:txBody></p:sp><p:pic><p:nvPicPr><p:cNvPr id="397" name="Google Shape;397;p46"/><p:cNvPicPr preferRelativeResize="0"/><p:nvPr/></p:nvPicPr><p:blipFill rotWithShape="1"><a:blip r:embed="rId5"><a:alphaModFix/></a:blip><a:srcRect l="20124" t="15951" r="27604" b="6312"/><a:stretch/></p:blipFill><p:spPr><a:xfrm rot="1032649"><a:off x="5113400" y="1751850"/><a:ext cx="2135914" cy="1786777"/></a:xfrm><a:prstGeom prst="rect"><a:avLst/></a:prstGeom><a:noFill/><a:ln w="38100" cap="flat" cmpd="sng"><a:solidFill><a:schemeClr val="lt2"/></a:solidFill><a:prstDash val="solid"/><a:round/><a:headEnd type="none" w="sm" len="sm"/><a:tailEnd type="none" w="sm" len="sm"/></a:ln></p:spPr></p:pic><p:sp><p:nvSpPr><p:cNvPr id="398" name="Google Shape;398;p46"/><p:cNvSpPr/><p:nvPr/></p:nvSpPr><p:spPr><a:xfrm rot="1030903"><a:off x="5108630" y="1729296"/><a:ext cx="2160099" cy="1830908"/></a:xfrm><a:prstGeom prst="rect"><a:avLst/></a:prstGeom><a:solidFill><a:schemeClr val="accent3"><a:alpha val="26339"/></a:schemeClr></a:solidFill><a:ln><a:noFill/></a:ln></p:spPr><p:txBody><a:bodyPr spcFirstLastPara="1" wrap="square" lIns="91425" tIns="91425" rIns="91425" bIns="91425" anchor="ctr" anchorCtr="0"><a:noAutofit/></a:bodyPr><a:lstStyle/><a:p><a:pPr marL="0" lvl="0" indent="0" algn="l" rtl="0"><a:spcBef><a:spcPts val="0"/></a:spcBef><a:spcAft><a:spcPts val="0"/></a:spcAft><a:buNone/></a:pPr><a:endParaRPr/></a:p></p:txBody></p:sp><p:pic><p:nvPicPr><p:cNvPr id="22" name="Picture 2"><a:extLst><a:ext uri="{FF2B5EF4-FFF2-40B4-BE49-F238E27FC236}"><a16:creationId xmlns:a16="http://schemas.microsoft.com/office/drawing/2014/main" id="{0CB4BF8A-62C7-4ED0-A613-2430929F9303}"/></a:ext></a:extLst></p:cNvPr><p:cNvPicPr><a:picLocks noChangeAspect="1" noChangeArrowheads="1"/></p:cNvPicPr><p:nvPr/></p:nvPicPr><p:blipFill><a:blip r:embed="rId6"><a:extLst><a:ext uri="{28A0092B-C50C-407E-A947-70E740481C1C}"><a14:useLocalDpi xmlns:a14="http://schemas.microsoft.com/office/drawing/2010/main" val="0"/></a:ext></a:extLst></a:blip><a:srcRect/><a:stretch><a:fillRect/></a:stretch></p:blipFill><p:spPr bwMode="auto"><a:xfrm><a:off x="623005" y="1224096"/><a:ext cx="7695949" cy="3609800"/></a:xfrm><a:prstGeom prst="rect"><a:avLst/></a:prstGeom><a:noFill/><a:extLst><a:ext uri="{909E8E84-426E-40DD-AFC4-6F175D3DCCD1}"><a14:hiddenFill xmlns:a14="http://schemas.microsoft.com/office/drawing/2010/main"><a:solidFill><a:srgbClr val="FFFFFF"/></a:solidFill></a14:hiddenFill></a:ext></a:extLst></p:spPr></p:pic></p:spTree></p:cSld><p:clrMapOvr><a:masterClrMapping/></p:clrMapOvr><mc:AlternateContent xmlns:mc="http://schemas.openxmlformats.org/markup-compatibility/2006"><mc:Choice xmlns:p15="http://schemas.microsoft.com/office/powerpoint/2012/main" Requires="p15"><p:transition spd="slow" xmlns:p14="http://schemas.microsoft.com/office/powerpoint/2010/main" p14:dur="1250"><p15:prstTrans prst="peelOff"/></p:transition></mc:Choice><mc:Fallback><p:transition spd="slow"><p:fade/></p:transition></mc:Fallback></mc:AlternateContent></p:sld>