<?xml version="1.0" encoding="UTF-8" standalone="yes"?>
<p:sld xmlns:a="http://schemas.openxmlformats.org/drawingml/2006/main" xmlns:r="http://schemas.openxmlformats.org/officeDocument/2006/relationships" xmlns:p="http://schemas.openxmlformats.org/presentationml/2006/main"><p:cSld><p:spTree><p:nvGrpSpPr><p:cNvPr id="1" name="Shape 658"/><p:cNvGrpSpPr/><p:nvPr/></p:nvGrpSpPr><p:grpSpPr><a:xfrm><a:off x="0" y="0"/><a:ext cx="0" cy="0"/><a:chOff x="0" y="0"/><a:chExt cx="0" cy="0"/></a:xfrm></p:grpSpPr><p:sp><p:nvSpPr><p:cNvPr id="659" name="Google Shape;659;p54"/><p:cNvSpPr txBox="1"><a:spLocks noGrp="1"/></p:cNvSpPr><p:nvPr><p:ph type="title"/></p:nvPr></p:nvSpPr><p:spPr><a:xfrm><a:off x="2626375" y="2073300"/><a:ext cx="3891300" cy="996900"/></a:xfrm><a:prstGeom prst="rect"><a:avLst/></a:prstGeom></p:spPr><p:txBody><a:bodyPr spcFirstLastPara="1" wrap="square" lIns="91425" tIns="91425" rIns="91425" bIns="91425" anchor="b" anchorCtr="0"><a:noAutofit/></a:bodyPr><a:lstStyle/><a:p><a:pPr marL="0" lvl="0" indent="0" algn="ctr" rtl="0"><a:spcBef><a:spcPts val="0"/></a:spcBef><a:spcAft><a:spcPts val="0"/></a:spcAft><a:buNone/></a:pPr><a:r><a:rPr lang="en-IN" dirty="0"/><a:t>SOLUTION</a:t></a:r><a:endParaRPr dirty="0"/></a:p></p:txBody></p:sp><p:sp><p:nvSpPr><p:cNvPr id="660" name="Google Shape;660;p54"/><p:cNvSpPr txBox="1"><a:spLocks noGrp="1"/></p:cNvSpPr><p:nvPr><p:ph type="subTitle" idx="1"/></p:nvPr></p:nvSpPr><p:spPr><a:xfrm><a:off x="2552194" y="2855700"/><a:ext cx="4179075" cy="2450700"/></a:xfrm><a:prstGeom prst="rect"><a:avLst/></a:prstGeom></p:spPr><p:txBody><a:bodyPr spcFirstLastPara="1" wrap="square" lIns="91425" tIns="91425" rIns="91425" bIns="91425" anchor="t" anchorCtr="0"><a:noAutofit/></a:bodyPr><a:lstStyle/><a:p><a:pPr rtl="0"><a:spcBef><a:spcPts val="0"/></a:spcBef><a:spcAft><a:spcPts val="0"/></a:spcAft></a:pPr><a:r><a:rPr lang="en-US" sz="1400" b="0" i="0" u="none" strike="noStrike" dirty="0"><a:solidFill><a:schemeClr val="accent5"><a:lumMod val="50000"/></a:schemeClr></a:solidFill><a:effectLst/><a:latin typeface="Times New Roman" panose="02020603050405020304" pitchFamily="18" charset="0"/><a:cs typeface="Times New Roman" panose="02020603050405020304" pitchFamily="18" charset="0"/></a:rPr><a:t>So, we came up with an idea which comprises of all the above-mentioned features in just a single application. We have created an application using Dart language and Flutter framework.</a:t></a:r><a:endParaRPr lang="en-US" b="0" dirty="0"><a:solidFill><a:schemeClr val="accent5"><a:lumMod val="50000"/></a:schemeClr></a:solidFill><a:effectLst/><a:latin typeface="Times New Roman" panose="02020603050405020304" pitchFamily="18" charset="0"/><a:cs typeface="Times New Roman" panose="02020603050405020304" pitchFamily="18" charset="0"/></a:endParaRPr></a:p><a:p><a:br><a:rPr lang="en-US" b="0" dirty="0"><a:solidFill><a:schemeClr val="accent5"><a:lumMod val="50000"/></a:schemeClr></a:solidFill><a:effectLst/></a:rPr></a:br><a:endParaRPr dirty="0"><a:solidFill><a:schemeClr val="accent5"><a:lumMod val="50000"/></a:schemeClr></a:solidFill></a:endParaRPr></a:p></p:txBody></p:sp><p:grpSp><p:nvGrpSpPr><p:cNvPr id="661" name="Google Shape;661;p54"/><p:cNvGrpSpPr/><p:nvPr/></p:nvGrpSpPr><p:grpSpPr><a:xfrm><a:off x="3628026" y="1581346"/><a:ext cx="1887980" cy="540684"/><a:chOff x="197381" y="477630"/><a:chExt cx="1361982" cy="390048"/></a:xfrm></p:grpSpPr><p:sp><p:nvSpPr><p:cNvPr id="662" name="Google Shape;662;p54"/><p:cNvSpPr/><p:nvPr/></p:nvSpPr><p:spPr><a:xfrm flipH="1"><a:off x="197381" y="477630"/><a:ext cx="265056" cy="390048"/></a:xfrm><a:custGeom><a:avLst/><a:gdLst/><a:ahLst/><a:cxnLst/><a:rect l="l" t="t" r="r" b="b"/><a:pathLst><a:path w="133027" h="195758" extrusionOk="0"><a:moveTo><a:pt x="65846" y="26249"/></a:moveTo><a:cubicBezTo><a:pt x="87201" y="26249"/><a:pt x="104108" y="43156"/><a:pt x="104108" y="64511"/></a:cubicBezTo><a:cubicBezTo><a:pt x="104108" y="85422"/><a:pt x="87201" y="102328"/><a:pt x="65846" y="102328"/></a:cubicBezTo><a:cubicBezTo><a:pt x="44936" y="102328"/><a:pt x="28029" y="85422"/><a:pt x="28029" y="64511"/></a:cubicBezTo><a:cubicBezTo><a:pt x="28029" y="43156"/><a:pt x="44936" y="26249"/><a:pt x="65846" y="26249"/></a:cubicBezTo><a:close/><a:moveTo><a:pt x="66291" y="0"/></a:moveTo><a:cubicBezTo><a:pt x="29809" y="0"/><a:pt x="0" y="29809"/><a:pt x="0" y="66291"/></a:cubicBezTo><a:cubicBezTo><a:pt x="0" y="84977"/><a:pt x="18241" y="118345"/><a:pt x="18241" y="118345"/></a:cubicBezTo><a:lnTo><a:pt x="64066" y="195758"/></a:lnTo><a:lnTo><a:pt x="111671" y="119234"/></a:lnTo><a:cubicBezTo><a:pt x="111671" y="119234"/><a:pt x="133027" y="87201"/><a:pt x="133027" y="66291"/></a:cubicBezTo><a:cubicBezTo><a:pt x="133027" y="29809"/><a:pt x="103218" y="0"/><a:pt x="66291" y="0"/></a:cubicBezTo><a:close/></a:path></a:pathLst></a:custGeom><a:solidFill><a:schemeClr val="accent2"/></a:solidFill><a:ln><a:noFill/></a:ln></p:spPr><p:txBody><a:bodyPr spcFirstLastPara="1" wrap="square" lIns="91425" tIns="91425" rIns="91425" bIns="91425" anchor="ctr" anchorCtr="0"><a:noAutofit/></a:bodyPr><a:lstStyle/><a:p><a:pPr marL="0" lvl="0" indent="0" algn="l" rtl="0"><a:spcBef><a:spcPts val="0"/></a:spcBef><a:spcAft><a:spcPts val="0"/></a:spcAft><a:buNone/></a:pPr><a:endParaRPr/></a:p></p:txBody></p:sp><p:sp><p:nvSpPr><p:cNvPr id="663" name="Google Shape;663;p54"/><p:cNvSpPr/><p:nvPr/></p:nvSpPr><p:spPr><a:xfrm flipH="1"><a:off x="563023" y="477630"/><a:ext cx="265056" cy="390048"/></a:xfrm><a:custGeom><a:avLst/><a:gdLst/><a:ahLst/><a:cxnLst/><a:rect l="l" t="t" r="r" b="b"/><a:pathLst><a:path w="133027" h="195758" extrusionOk="0"><a:moveTo><a:pt x="65846" y="26249"/></a:moveTo><a:cubicBezTo><a:pt x="87201" y="26249"/><a:pt x="104108" y="43156"/><a:pt x="104108" y="64511"/></a:cubicBezTo><a:cubicBezTo><a:pt x="104108" y="85422"/><a:pt x="87201" y="102328"/><a:pt x="65846" y="102328"/></a:cubicBezTo><a:cubicBezTo><a:pt x="44936" y="102328"/><a:pt x="28029" y="85422"/><a:pt x="28029" y="64511"/></a:cubicBezTo><a:cubicBezTo><a:pt x="28029" y="43156"/><a:pt x="44936" y="26249"/><a:pt x="65846" y="26249"/></a:cubicBezTo><a:close/><a:moveTo><a:pt x="66291" y="0"/></a:moveTo><a:cubicBezTo><a:pt x="29809" y="0"/><a:pt x="0" y="29809"/><a:pt x="0" y="66291"/></a:cubicBezTo><a:cubicBezTo><a:pt x="0" y="84977"/><a:pt x="18241" y="118345"/><a:pt x="18241" y="118345"/></a:cubicBezTo><a:lnTo><a:pt x="64066" y="195758"/></a:lnTo><a:lnTo><a:pt x="111671" y="119234"/></a:lnTo><a:cubicBezTo><a:pt x="111671" y="119234"/><a:pt x="133027" y="87201"/><a:pt x="133027" y="66291"/></a:cubicBezTo><a:cubicBezTo><a:pt x="133027" y="29809"/><a:pt x="103218" y="0"/><a:pt x="66291" y="0"/></a:cubicBezTo><a:close/></a:path></a:pathLst></a:custGeom><a:solidFill><a:schemeClr val="accent2"/></a:solidFill><a:ln><a:noFill/></a:ln></p:spPr><p:txBody><a:bodyPr spcFirstLastPara="1" wrap="square" lIns="91425" tIns="91425" rIns="91425" bIns="91425" anchor="ctr" anchorCtr="0"><a:noAutofit/></a:bodyPr><a:lstStyle/><a:p><a:pPr marL="0" lvl="0" indent="0" algn="l" rtl="0"><a:spcBef><a:spcPts val="0"/></a:spcBef><a:spcAft><a:spcPts val="0"/></a:spcAft><a:buNone/></a:pPr><a:endParaRPr/></a:p></p:txBody></p:sp><p:sp><p:nvSpPr><p:cNvPr id="664" name="Google Shape;664;p54"/><p:cNvSpPr/><p:nvPr/></p:nvSpPr><p:spPr><a:xfrm flipH="1"><a:off x="928665" y="477630"/><a:ext cx="265056" cy="390048"/></a:xfrm><a:custGeom><a:avLst/><a:gdLst/><a:ahLst/><a:cxnLst/><a:rect l="l" t="t" r="r" b="b"/><a:pathLst><a:path w="133027" h="195758" extrusionOk="0"><a:moveTo><a:pt x="65846" y="26249"/></a:moveTo><a:cubicBezTo><a:pt x="87201" y="26249"/><a:pt x="104108" y="43156"/><a:pt x="104108" y="64511"/></a:cubicBezTo><a:cubicBezTo><a:pt x="104108" y="85422"/><a:pt x="87201" y="102328"/><a:pt x="65846" y="102328"/></a:cubicBezTo><a:cubicBezTo><a:pt x="44936" y="102328"/><a:pt x="28029" y="85422"/><a:pt x="28029" y="64511"/></a:cubicBezTo><a:cubicBezTo><a:pt x="28029" y="43156"/><a:pt x="44936" y="26249"/><a:pt x="65846" y="26249"/></a:cubicBezTo><a:close/><a:moveTo><a:pt x="66291" y="0"/></a:moveTo><a:cubicBezTo><a:pt x="29809" y="0"/><a:pt x="0" y="29809"/><a:pt x="0" y="66291"/></a:cubicBezTo><a:cubicBezTo><a:pt x="0" y="84977"/><a:pt x="18241" y="118345"/><a:pt x="18241" y="118345"/></a:cubicBezTo><a:lnTo><a:pt x="64066" y="195758"/></a:lnTo><a:lnTo><a:pt x="111671" y="119234"/></a:lnTo><a:cubicBezTo><a:pt x="111671" y="119234"/><a:pt x="133027" y="87201"/><a:pt x="133027" y="66291"/></a:cubicBezTo><a:cubicBezTo><a:pt x="133027" y="29809"/><a:pt x="103218" y="0"/><a:pt x="66291" y="0"/></a:cubicBezTo><a:close/></a:path></a:pathLst></a:custGeom><a:solidFill><a:schemeClr val="dk1"/></a:solidFill><a:ln><a:noFill/></a:ln></p:spPr><p:txBody><a:bodyPr spcFirstLastPara="1" wrap="square" lIns="91425" tIns="91425" rIns="91425" bIns="91425" anchor="ctr" anchorCtr="0"><a:noAutofit/></a:bodyPr><a:lstStyle/><a:p><a:pPr marL="0" lvl="0" indent="0" algn="l" rtl="0"><a:spcBef><a:spcPts val="0"/></a:spcBef><a:spcAft><a:spcPts val="0"/></a:spcAft><a:buNone/></a:pPr><a:endParaRPr/></a:p></p:txBody></p:sp><p:sp><p:nvSpPr><p:cNvPr id="665" name="Google Shape;665;p54"/><p:cNvSpPr/><p:nvPr/></p:nvSpPr><p:spPr><a:xfrm flipH="1"><a:off x="1294307" y="477630"/><a:ext cx="265056" cy="390048"/></a:xfrm><a:custGeom><a:avLst/><a:gdLst/><a:ahLst/><a:cxnLst/><a:rect l="l" t="t" r="r" b="b"/><a:pathLst><a:path w="133027" h="195758" extrusionOk="0"><a:moveTo><a:pt x="65846" y="26249"/></a:moveTo><a:cubicBezTo><a:pt x="87201" y="26249"/><a:pt x="104108" y="43156"/><a:pt x="104108" y="64511"/></a:cubicBezTo><a:cubicBezTo><a:pt x="104108" y="85422"/><a:pt x="87201" y="102328"/><a:pt x="65846" y="102328"/></a:cubicBezTo><a:cubicBezTo><a:pt x="44936" y="102328"/><a:pt x="28029" y="85422"/><a:pt x="28029" y="64511"/></a:cubicBezTo><a:cubicBezTo><a:pt x="28029" y="43156"/><a:pt x="44936" y="26249"/><a:pt x="65846" y="26249"/></a:cubicBezTo><a:close/><a:moveTo><a:pt x="66291" y="0"/></a:moveTo><a:cubicBezTo><a:pt x="29809" y="0"/><a:pt x="0" y="29809"/><a:pt x="0" y="66291"/></a:cubicBezTo><a:cubicBezTo><a:pt x="0" y="84977"/><a:pt x="18241" y="118345"/><a:pt x="18241" y="118345"/></a:cubicBezTo><a:lnTo><a:pt x="64066" y="195758"/></a:lnTo><a:lnTo><a:pt x="111671" y="119234"/></a:lnTo><a:cubicBezTo><a:pt x="111671" y="119234"/><a:pt x="133027" y="87201"/><a:pt x="133027" y="66291"/></a:cubicBezTo><a:cubicBezTo><a:pt x="133027" y="29809"/><a:pt x="103218" y="0"/><a:pt x="66291" y="0"/></a:cubicBezTo><a:close/></a:path></a:pathLst></a:custGeom><a:solidFill><a:schemeClr val="accent2"/></a:solidFill><a:ln><a:noFill/></a:ln></p:spPr><p:txBody><a:bodyPr spcFirstLastPara="1" wrap="square" lIns="91425" tIns="91425" rIns="91425" bIns="91425" anchor="ctr" anchorCtr="0"><a:noAutofit/></a:bodyPr><a:lstStyle/><a:p><a:pPr marL="0" lvl="0" indent="0" algn="l" rtl="0"><a:spcBef><a:spcPts val="0"/></a:spcBef><a:spcAft><a:spcPts val="0"/></a:spcAft><a:buNone/></a:pPr><a:endParaRPr/></a:p></p:txBody></p:sp></p:grpSp></p:spTree></p:cSld><p:clrMapOvr><a:masterClrMapping/></p:clrMapOvr><mc:AlternateContent xmlns:mc="http://schemas.openxmlformats.org/markup-compatibility/2006"><mc:Choice xmlns:p15="http://schemas.microsoft.com/office/powerpoint/2012/main" Requires="p15"><p:transition spd="slow" xmlns:p14="http://schemas.microsoft.com/office/powerpoint/2010/main" p14:dur="1250"><p15:prstTrans prst="peelOff"/></p:transition></mc:Choice><mc:Fallback><p:transition spd="slow"><p:fade/></p:transition></mc:Fallback></mc:AlternateContent><p:timing><p:tnLst><p:par><p:cTn id="1" dur="indefinite" restart="never" nodeType="tmRoot"><p:childTnLst><p:seq concurrent="1" nextAc="seek"><p:cTn id="2" dur="indefinite" nodeType="mainSeq"><p:childTnLst><p:par><p:cTn id="3" fill="hold"><p:stCondLst><p:cond delay="indefinite"/></p:stCondLst><p:childTnLst><p:par><p:cTn id="4" fill="hold"><p:stCondLst><p:cond delay="0"/></p:stCondLst><p:childTnLst><p:par><p:cTn id="5" presetID="2" presetClass="entr" presetSubtype="4" fill="hold" grpId="0" nodeType="clickEffect"><p:stCondLst><p:cond delay="0"/></p:stCondLst><p:childTnLst><p:set><p:cBhvr><p:cTn id="6" dur="1" fill="hold"><p:stCondLst><p:cond delay="0"/></p:stCondLst></p:cTn><p:tgtEl><p:spTgt spid="659"/></p:tgtEl><p:attrNameLst><p:attrName>style.visibility</p:attrName></p:attrNameLst></p:cBhvr><p:to><p:strVal val="visible"/></p:to></p:set><p:anim calcmode="lin" valueType="num"><p:cBhvr additive="base"><p:cTn id="7" dur="500" fill="hold"/><p:tgtEl><p:spTgt spid="659"/></p:tgtEl><p:attrNameLst><p:attrName>ppt_x</p:attrName></p:attrNameLst></p:cBhvr><p:tavLst><p:tav tm="0"><p:val><p:strVal val="#ppt_x"/></p:val></p:tav><p:tav tm="100000"><p:val><p:strVal val="#ppt_x"/></p:val></p:tav></p:tavLst></p:anim><p:anim calcmode="lin" valueType="num"><p:cBhvr additive="base"><p:cTn id="8" dur="500" fill="hold"/><p:tgtEl><p:spTgt spid="659"/></p:tgtEl><p:attrNameLst><p:attrName>ppt_y</p:attrName></p:attrNameLst></p:cBhvr><p:tavLst><p:tav tm="0"><p:val><p:strVal val="1+#ppt_h/2"/></p:val></p:tav><p:tav tm="100000"><p:val><p:strVal val="#ppt_y"/></p:val></p:tav></p:tavLst></p:anim></p:childTnLst></p:cTn></p:par></p:childTnLst></p:cTn></p:par></p:childTnLst></p:cTn></p:par><p:par><p:cTn id="9" fill="hold"><p:stCondLst><p:cond delay="indefinite"/></p:stCondLst><p:childTnLst><p:par><p:cTn id="10" fill="hold"><p:stCondLst><p:cond delay="0"/></p:stCondLst><p:childTnLst><p:par><p:cTn id="11" presetID="2" presetClass="entr" presetSubtype="4" fill="hold" grpId="0" nodeType="clickEffect"><p:stCondLst><p:cond delay="0"/></p:stCondLst><p:childTnLst><p:set><p:cBhvr><p:cTn id="12" dur="1" fill="hold"><p:stCondLst><p:cond delay="0"/></p:stCondLst></p:cTn><p:tgtEl><p:spTgt spid="660"><p:txEl><p:pRg st="0" end="0"/></p:txEl></p:spTgt></p:tgtEl><p:attrNameLst><p:attrName>style.visibility</p:attrName></p:attrNameLst></p:cBhvr><p:to><p:strVal val="visible"/></p:to></p:set><p:anim calcmode="lin" valueType="num"><p:cBhvr additive="base"><p:cTn id="13" dur="500" fill="hold"/><p:tgtEl><p:spTgt spid="660"><p:txEl><p:pRg st="0" end="0"/></p:txEl></p:spTgt></p:tgtEl><p:attrNameLst><p:attrName>ppt_x</p:attrName></p:attrNameLst></p:cBhvr><p:tavLst><p:tav tm="0"><p:val><p:strVal val="#ppt_x"/></p:val></p:tav><p:tav tm="100000"><p:val><p:strVal val="#ppt_x"/></p:val></p:tav></p:tavLst></p:anim><p:anim calcmode="lin" valueType="num"><p:cBhvr additive="base"><p:cTn id="14" dur="500" fill="hold"/><p:tgtEl><p:spTgt spid="660"><p:txEl><p:pRg st="0" end="0"/></p:txEl></p:spTgt></p:tgtEl><p:attrNameLst><p:attrName>ppt_y</p:attrName></p:attrNameLst></p:cBhvr><p:tavLst><p:tav tm="0"><p:val><p:strVal val="1+#ppt_h/2"/></p:val></p:tav><p:tav tm="100000"><p:val><p:strVal val="#ppt_y"/></p:val></p:tav></p:tavLst></p:anim></p:childTnLst></p:cTn></p:par></p:childTnLst></p:cTn></p:par></p:childTnLst></p:cTn></p:par><p:par><p:cTn id="15" fill="hold"><p:stCondLst><p:cond delay="indefinite"/></p:stCondLst><p:childTnLst><p:par><p:cTn id="16" fill="hold"><p:stCondLst><p:cond delay="0"/></p:stCondLst><p:childTnLst><p:par><p:cTn id="17" presetID="2" presetClass="entr" presetSubtype="4" fill="hold" grpId="0" nodeType="clickEffect"><p:stCondLst><p:cond delay="0"/></p:stCondLst><p:childTnLst><p:set><p:cBhvr><p:cTn id="18" dur="1" fill="hold"><p:stCondLst><p:cond delay="0"/></p:stCondLst></p:cTn><p:tgtEl><p:spTgt spid="660"><p:txEl><p:pRg st="1" end="1"/></p:txEl></p:spTgt></p:tgtEl><p:attrNameLst><p:attrName>style.visibility</p:attrName></p:attrNameLst></p:cBhvr><p:to><p:strVal val="visible"/></p:to></p:set><p:anim calcmode="lin" valueType="num"><p:cBhvr additive="base"><p:cTn id="19" dur="500" fill="hold"/><p:tgtEl><p:spTgt spid="660"><p:txEl><p:pRg st="1" end="1"/></p:txEl></p:spTgt></p:tgtEl><p:attrNameLst><p:attrName>ppt_x</p:attrName></p:attrNameLst></p:cBhvr><p:tavLst><p:tav tm="0"><p:val><p:strVal val="#ppt_x"/></p:val></p:tav><p:tav tm="100000"><p:val><p:strVal val="#ppt_x"/></p:val></p:tav></p:tavLst></p:anim><p:anim calcmode="lin" valueType="num"><p:cBhvr additive="base"><p:cTn id="20" dur="500" fill="hold"/><p:tgtEl><p:spTgt spid="660"><p:txEl><p:pRg st="1" end="1"/></p:txEl></p:spTgt></p:tgtEl><p:attrNameLst><p:attrName>ppt_y</p:attrName></p:attrNameLst></p:cBhvr><p:tavLst><p:tav tm="0"><p:val><p:strVal val="1+#ppt_h/2"/></p:val></p:tav><p:tav tm="100000"><p:val><p:strVal val="#ppt_y"/></p:val></p:tav></p:tavLst></p:anim></p:childTnLst></p:cTn></p:par></p:childTnLst></p:cTn></p:par></p:childTnLst></p:cTn></p:par></p:childTnLst></p:cTn><p:prevCondLst><p:cond evt="onPrev" delay="0"><p:tgtEl><p:sldTgt/></p:tgtEl></p:cond></p:prevCondLst><p:nextCondLst><p:cond evt="onNext" delay="0"><p:tgtEl><p:sldTgt/></p:tgtEl></p:cond></p:nextCondLst></p:seq></p:childTnLst></p:cTn></p:par></p:tnLst><p:bldLst><p:bldP spid="659" grpId="0"/><p:bldP spid="660" grpId="0" build="p"/></p:bldLst></p:timing></p:sld>