<?xml version="1.0" encoding="UTF-8" standalone="yes"?>
<p:sld xmlns:a="http://schemas.openxmlformats.org/drawingml/2006/main" xmlns:r="http://schemas.openxmlformats.org/officeDocument/2006/relationships" xmlns:p="http://schemas.openxmlformats.org/presentationml/2006/main"><p:cSld><p:spTree><p:nvGrpSpPr><p:cNvPr id="1" name="Shape 262"/><p:cNvGrpSpPr/><p:nvPr/></p:nvGrpSpPr><p:grpSpPr><a:xfrm><a:off x="0" y="0"/><a:ext cx="0" cy="0"/><a:chOff x="0" y="0"/><a:chExt cx="0" cy="0"/></a:xfrm></p:grpSpPr><p:sp><p:nvSpPr><p:cNvPr id="263" name="Google Shape;263;p37"/><p:cNvSpPr txBox="1"><a:spLocks noGrp="1"/></p:cNvSpPr><p:nvPr><p:ph type="title"/></p:nvPr></p:nvSpPr><p:spPr><a:xfrm><a:off x="583849" y="489050"/><a:ext cx="7968600" cy="572700"/></a:xfrm><a:prstGeom prst="rect"><a:avLst/></a:prstGeom></p:spPr><p:txBody><a:bodyPr spcFirstLastPara="1" wrap="square" lIns="91425" tIns="91425" rIns="91425" bIns="91425" anchor="t" anchorCtr="0"><a:noAutofit/></a:bodyPr><a:lstStyle/><a:p><a:pPr rtl="0"><a:spcBef><a:spcPts val="0"/></a:spcBef><a:spcAft><a:spcPts val="0"/></a:spcAft></a:pPr><a:r><a:rPr lang="en-US" sz="4000" b="1" i="0" u="none" strike="noStrike" dirty="0"><a:solidFill><a:schemeClr val="accent2"><a:lumMod val="50000"/></a:schemeClr></a:solidFill><a:effectLst/><a:latin typeface="Just Another Hand" panose="020B0604020202020204" charset="0"/></a:rPr><a:t>INTRODUCTION TO FLUTTER AND DART</a:t></a:r><a:br><a:rPr lang="en-US" sz="3200" b="1" dirty="0"><a:solidFill><a:schemeClr val="accent2"><a:lumMod val="50000"/></a:schemeClr></a:solidFill><a:effectLst/><a:latin typeface="Just Another Hand" panose="020B0604020202020204" charset="0"/></a:rPr></a:br><a:br><a:rPr lang="en-US" sz="3200" b="1" dirty="0"><a:solidFill><a:schemeClr val="accent2"><a:lumMod val="50000"/></a:schemeClr></a:solidFill><a:latin typeface="Just Another Hand" panose="020B0604020202020204" charset="0"/></a:rPr></a:br><a:br><a:rPr lang="en-IN" sz="3200" b="1" dirty="0"><a:solidFill><a:schemeClr val="accent2"><a:lumMod val="50000"/></a:schemeClr></a:solidFill><a:latin typeface="Just Another Hand" panose="020B0604020202020204" charset="0"/></a:rPr></a:br><a:endParaRPr dirty="0"><a:latin typeface="Just Another Hand" panose="020B0604020202020204" charset="0"/></a:endParaRPr></a:p></p:txBody></p:sp><p:sp><p:nvSpPr><p:cNvPr id="264" name="Google Shape;264;p37"/><p:cNvSpPr txBox="1"><a:spLocks noGrp="1"/></p:cNvSpPr><p:nvPr><p:ph type="body" idx="1"/></p:nvPr></p:nvSpPr><p:spPr><a:xfrm><a:off x="614425" y="1370125"/><a:ext cx="7919400" cy="2831100"/></a:xfrm><a:prstGeom prst="rect"><a:avLst/></a:prstGeom></p:spPr><p:txBody><a:bodyPr spcFirstLastPara="1" wrap="square" lIns="91425" tIns="91425" rIns="91425" bIns="91425" anchor="t" anchorCtr="0"><a:noAutofit/></a:bodyPr><a:lstStyle/><a:p><a:pPr rtl="0"><a:spcBef><a:spcPts val="0"/></a:spcBef><a:spcAft><a:spcPts val="0"/></a:spcAft></a:pPr><a:r><a:rPr lang="en-US" sz="3600" b="1" i="0" strike="noStrike" dirty="0"><a:solidFill><a:schemeClr val="accent2"><a:lumMod val="50000"/></a:schemeClr></a:solidFill><a:effectLst/><a:latin typeface="Just Another Hand" panose="020B0604020202020204" charset="0"/></a:rPr><a:t>FLUTTER</a:t></a:r><a:endParaRPr lang="en-US" sz="3600" b="1" dirty="0"><a:solidFill><a:schemeClr val="accent2"><a:lumMod val="50000"/></a:schemeClr></a:solidFill><a:effectLst/><a:latin typeface="Just Another Hand" panose="020B0604020202020204" charset="0"/></a:endParaRPr></a:p><a:p><a:pPr rtl="0" fontAlgn="base"><a:spcBef><a:spcPts val="0"/></a:spcBef><a:spcAft><a:spcPts val="0"/></a:spcAft><a:buFont typeface="Arial" panose="020B0604020202020204" pitchFamily="34" charset="0"/><a:buChar char="•"/></a:pPr><a:r><a:rPr lang="en-US" sz="1800" b="0" i="0" u="none" strike="noStrike" dirty="0"><a:solidFill><a:schemeClr val="accent2"><a:lumMod val="50000"/></a:schemeClr></a:solidFill><a:effectLst/><a:latin typeface="Lato" panose="020F0502020204030203" pitchFamily="34" charset="0"/><a:ea typeface="Lato" panose="020F0502020204030203" pitchFamily="34" charset="0"/><a:cs typeface="Lato" panose="020F0502020204030203" pitchFamily="34" charset="0"/></a:rPr><a:t>A “tool” that allows you to build native cross-platform</a:t></a:r></a:p><a:p><a:pPr marL="139700" indent="0" rtl="0" fontAlgn="base"><a:spcBef><a:spcPts val="0"/></a:spcBef><a:spcAft><a:spcPts val="0"/></a:spcAft><a:buNone/></a:pPr><a:r><a:rPr lang="en-US" sz="1800" b="0" i="0" u="none" strike="noStrike" dirty="0"><a:solidFill><a:schemeClr val="accent2"><a:lumMod val="50000"/></a:schemeClr></a:solidFill><a:effectLst/><a:latin typeface="Lato" panose="020F0502020204030203" pitchFamily="34" charset="0"/><a:ea typeface="Lato" panose="020F0502020204030203" pitchFamily="34" charset="0"/><a:cs typeface="Lato" panose="020F0502020204030203" pitchFamily="34" charset="0"/></a:rPr><a:t>     (iOS, Android) apps with one programming language and codebase.</a:t></a:r></a:p><a:p><a:pPr rtl="0" fontAlgn="base"><a:spcBef><a:spcPts val="0"/></a:spcBef><a:spcAft><a:spcPts val="0"/></a:spcAft><a:buFont typeface="Arial" panose="020B0604020202020204" pitchFamily="34" charset="0"/><a:buChar char="•"/></a:pPr><a:r><a:rPr lang="en-US" sz="1800" b="0" i="0" u="none" strike="noStrike" dirty="0"><a:solidFill><a:schemeClr val="accent2"><a:lumMod val="50000"/></a:schemeClr></a:solidFill><a:effectLst/><a:latin typeface="Lato" panose="020F0502020204030203" pitchFamily="34" charset="0"/><a:ea typeface="Lato" panose="020F0502020204030203" pitchFamily="34" charset="0"/><a:cs typeface="Lato" panose="020F0502020204030203" pitchFamily="34" charset="0"/></a:rPr><a:t>It was created and released by Google on May, 2017.</a:t></a:r></a:p><a:p><a:pPr rtl="0" fontAlgn="base"><a:spcBef><a:spcPts val="0"/></a:spcBef><a:spcAft><a:spcPts val="0"/></a:spcAft><a:buFont typeface="Arial" panose="020B0604020202020204" pitchFamily="34" charset="0"/><a:buChar char="•"/></a:pPr><a:r><a:rPr lang="en-US" sz="1800" b="0" i="0" u="none" strike="noStrike" dirty="0"><a:solidFill><a:schemeClr val="accent2"><a:lumMod val="50000"/></a:schemeClr></a:solidFill><a:effectLst/><a:latin typeface="Lato" panose="020F0502020204030203" pitchFamily="34" charset="0"/><a:ea typeface="Lato" panose="020F0502020204030203" pitchFamily="34" charset="0"/><a:cs typeface="Lato" panose="020F0502020204030203" pitchFamily="34" charset="0"/></a:rPr><a:t>It uses Dart programming language.</a:t></a:r></a:p><a:p><a:pPr rtl="0" fontAlgn="base"><a:spcBef><a:spcPts val="0"/></a:spcBef><a:spcAft><a:spcPts val="0"/></a:spcAft><a:buFont typeface="Arial" panose="020B0604020202020204" pitchFamily="34" charset="0"/><a:buChar char="•"/></a:pPr><a:r><a:rPr lang="en-US" sz="1800" b="0" i="0" u="none" strike="noStrike" dirty="0"><a:solidFill><a:schemeClr val="accent2"><a:lumMod val="50000"/></a:schemeClr></a:solidFill><a:effectLst/><a:latin typeface="Lato" panose="020F0502020204030203" pitchFamily="34" charset="0"/><a:ea typeface="Lato" panose="020F0502020204030203" pitchFamily="34" charset="0"/><a:cs typeface="Lato" panose="020F0502020204030203" pitchFamily="34" charset="0"/></a:rPr><a:t>An SDK(Software Development Kit) -  a tool to compile your         code to native machine language + develop with ease.</a:t></a:r></a:p><a:p><a:pPr rtl="0" fontAlgn="base"><a:spcBef><a:spcPts val="0"/></a:spcBef><a:spcAft><a:spcPts val="0"/></a:spcAft><a:buFont typeface="Arial" panose="020B0604020202020204" pitchFamily="34" charset="0"/><a:buChar char="•"/></a:pPr><a:r><a:rPr lang="en-US" sz="1800" b="0" i="0" u="none" strike="noStrike" dirty="0"><a:solidFill><a:schemeClr val="accent2"><a:lumMod val="50000"/></a:schemeClr></a:solidFill><a:effectLst/><a:latin typeface="Lato" panose="020F0502020204030203" pitchFamily="34" charset="0"/><a:ea typeface="Lato" panose="020F0502020204030203" pitchFamily="34" charset="0"/><a:cs typeface="Lato" panose="020F0502020204030203" pitchFamily="34" charset="0"/></a:rPr><a:t>A framework/Widget library - Re - usable UI building blocks (= widgets), utility functions, packages.</a:t></a:r></a:p><a:p><a:endParaRPr lang="en-IN" dirty="0"><a:solidFill><a:schemeClr val="accent2"><a:lumMod val="50000"/></a:schemeClr></a:solidFill></a:endParaRPr></a:p><a:p><a:pPr marL="0" lvl="0" indent="0" algn="l" rtl="0"><a:spcBef><a:spcPts val="0"/></a:spcBef><a:spcAft><a:spcPts val="0"/></a:spcAft><a:buNone/></a:pPr><a:endParaRPr dirty="0"/></a:p></p:txBody></p:sp><p:sp><p:nvSpPr><p:cNvPr id="266" name="Google Shape;266;p37"/><p:cNvSpPr/><p:nvPr/></p:nvSpPr><p:spPr><a:xfrm><a:off x="0" y="4782000"/><a:ext cx="9144000" cy="361500"/></a:xfrm><a:prstGeom prst="rect"><a:avLst/></a:prstGeom><a:solidFill><a:schemeClr val="accent2"/></a:solidFill><a:ln><a:noFill/></a:ln></p:spPr><p:txBody><a:bodyPr spcFirstLastPara="1" wrap="square" lIns="91425" tIns="91425" rIns="91425" bIns="91425" anchor="ctr" anchorCtr="0"><a:noAutofit/></a:bodyPr><a:lstStyle/><a:p><a:pPr marL="0" lvl="0" indent="0" algn="l" rtl="0"><a:spcBef><a:spcPts val="0"/></a:spcBef><a:spcAft><a:spcPts val="0"/></a:spcAft><a:buNone/></a:pPr><a:endParaRPr/></a:p></p:txBody></p:sp></p:spTree></p:cSld><p:clrMapOvr><a:masterClrMapping/></p:clrMapOvr><mc:AlternateContent xmlns:mc="http://schemas.openxmlformats.org/markup-compatibility/2006"><mc:Choice xmlns:p15="http://schemas.microsoft.com/office/powerpoint/2012/main" Requires="p15"><p:transition spd="slow" xmlns:p14="http://schemas.microsoft.com/office/powerpoint/2010/main" p14:dur="1250"><p15:prstTrans prst="peelOff"/></p:transition></mc:Choice><mc:Fallback><p:transition spd="slow"><p:fade/></p:transition></mc:Fallback></mc:AlternateContent></p:sld>