<?xml version="1.0" encoding="UTF-8" standalone="yes"?>
<p:sld xmlns:a="http://schemas.openxmlformats.org/drawingml/2006/main" xmlns:r="http://schemas.openxmlformats.org/officeDocument/2006/relationships" xmlns:p="http://schemas.openxmlformats.org/presentationml/2006/main"><p:cSld><p:spTree><p:nvGrpSpPr><p:cNvPr id="1" name="Shape 360"/><p:cNvGrpSpPr/><p:nvPr/></p:nvGrpSpPr><p:grpSpPr><a:xfrm><a:off x="0" y="0"/><a:ext cx="0" cy="0"/><a:chOff x="0" y="0"/><a:chExt cx="0" cy="0"/></a:xfrm></p:grpSpPr><p:sp><p:nvSpPr><p:cNvPr id="362" name="Google Shape;362;p44"/><p:cNvSpPr txBox="1"><a:spLocks noGrp="1"/></p:cNvSpPr><p:nvPr><p:ph type="subTitle" idx="1"/></p:nvPr></p:nvSpPr><p:spPr><a:xfrm><a:off x="1687200" y="583200"/><a:ext cx="6153600" cy="4010400"/></a:xfrm><a:prstGeom prst="rect"><a:avLst/></a:prstGeom></p:spPr><p:txBody><a:bodyPr spcFirstLastPara="1" wrap="square" lIns="91425" tIns="91425" rIns="91425" bIns="91425" anchor="t" anchorCtr="0"><a:noAutofit/></a:bodyPr><a:lstStyle/><a:p><a:pPr marL="38100" indent="0" algn="l" rtl="0"><a:spcBef><a:spcPts val="0"/></a:spcBef><a:spcAft><a:spcPts val="0"/></a:spcAft><a:buNone/></a:pPr><a:r><a:rPr lang="en-US" sz="4400" b="1" i="0" u="none" strike="noStrike" dirty="0"><a:solidFill><a:schemeClr val="accent2"><a:lumMod val="50000"/></a:schemeClr></a:solidFill><a:effectLst/><a:latin typeface="Just Another Hand" panose="020B0604020202020204" charset="0"/></a:rPr><a:t>DART</a:t></a:r><a:endParaRPr lang="en-US" sz="6000" b="0" dirty="0"><a:solidFill><a:schemeClr val="accent2"><a:lumMod val="50000"/></a:schemeClr></a:solidFill><a:effectLst/><a:latin typeface="Just Another Hand" panose="020B0604020202020204" charset="0"/></a:endParaRPr></a:p><a:p><a:pPr marL="482600" indent="-342900" algn="l" rtl="0"><a:spcBef><a:spcPts val="0"/></a:spcBef><a:spcAft><a:spcPts val="0"/></a:spcAft><a:buFont typeface="Arial" panose="020B0604020202020204" pitchFamily="34" charset="0"/><a:buChar char="•"/></a:pPr><a:r><a:rPr lang="en-US" sz="2000" b="0" i="0" u="none" strike="noStrike" dirty="0"><a:solidFill><a:schemeClr val="accent2"><a:lumMod val="50000"/></a:schemeClr></a:solidFill><a:effectLst/><a:latin typeface="Lato" panose="020F0502020204030203" pitchFamily="34" charset="0"/><a:ea typeface="Lato" panose="020F0502020204030203" pitchFamily="34" charset="0"/><a:cs typeface="Lato" panose="020F0502020204030203" pitchFamily="34" charset="0"/></a:rPr><a:t>It is a programming language developed by Google.</a:t></a:r><a:endParaRPr lang="en-US" sz="2000" b="0" dirty="0"><a:solidFill><a:schemeClr val="accent2"><a:lumMod val="50000"/></a:schemeClr></a:solidFill><a:effectLst/><a:latin typeface="Lato" panose="020F0502020204030203" pitchFamily="34" charset="0"/><a:ea typeface="Lato" panose="020F0502020204030203" pitchFamily="34" charset="0"/><a:cs typeface="Lato" panose="020F0502020204030203" pitchFamily="34" charset="0"/></a:endParaRPr></a:p><a:p><a:pPr marL="482600" indent="-342900" algn="l" rtl="0"><a:spcBef><a:spcPts val="0"/></a:spcBef><a:spcAft><a:spcPts val="0"/></a:spcAft><a:buFont typeface="Arial" panose="020B0604020202020204" pitchFamily="34" charset="0"/><a:buChar char="•"/></a:pPr><a:r><a:rPr lang="en-US" sz="2000" b="0" i="0" u="none" strike="noStrike" dirty="0"><a:solidFill><a:schemeClr val="accent2"><a:lumMod val="50000"/></a:schemeClr></a:solidFill><a:effectLst/><a:latin typeface="Lato" panose="020F0502020204030203" pitchFamily="34" charset="0"/><a:ea typeface="Lato" panose="020F0502020204030203" pitchFamily="34" charset="0"/><a:cs typeface="Lato" panose="020F0502020204030203" pitchFamily="34" charset="0"/></a:rPr><a:t>It is an object-oriented programming language which is mostly used on frontend(mobile apps, web) user interface (UI) development.</a:t></a:r><a:endParaRPr lang="en-US" sz="2000" b="0" dirty="0"><a:solidFill><a:schemeClr val="accent2"><a:lumMod val="50000"/></a:schemeClr></a:solidFill><a:effectLst/><a:latin typeface="Lato" panose="020F0502020204030203" pitchFamily="34" charset="0"/><a:ea typeface="Lato" panose="020F0502020204030203" pitchFamily="34" charset="0"/><a:cs typeface="Lato" panose="020F0502020204030203" pitchFamily="34" charset="0"/></a:endParaRPr></a:p><a:p><a:pPr marL="482600" indent="-342900" algn="l" rtl="0"><a:spcBef><a:spcPts val="0"/></a:spcBef><a:spcAft><a:spcPts val="0"/></a:spcAft><a:buFont typeface="Arial" panose="020B0604020202020204" pitchFamily="34" charset="0"/><a:buChar char="•"/></a:pPr><a:r><a:rPr lang="en-US" sz="2000" b="0" i="0" u="none" strike="noStrike" dirty="0"><a:solidFill><a:schemeClr val="accent2"><a:lumMod val="50000"/></a:schemeClr></a:solidFill><a:effectLst/><a:latin typeface="Lato" panose="020F0502020204030203" pitchFamily="34" charset="0"/><a:ea typeface="Lato" panose="020F0502020204030203" pitchFamily="34" charset="0"/><a:cs typeface="Lato" panose="020F0502020204030203" pitchFamily="34" charset="0"/></a:rPr><a:t>It’s syntax is like a mixture of JavaScript, Java, C#.</a:t></a:r><a:br><a:rPr lang="en-US" sz="2000" b="0" dirty="0"><a:solidFill><a:schemeClr val="tx2"><a:lumMod val="10000"/></a:schemeClr></a:solidFill><a:effectLst/></a:rPr></a:br><a:br><a:rPr lang="en-US" sz="2000" b="0" dirty="0"><a:solidFill><a:schemeClr val="tx2"><a:lumMod val="10000"/></a:schemeClr></a:solidFill><a:effectLst/></a:rPr></a:br><a:endParaRPr lang="en-US" sz="2000" dirty="0"><a:solidFill><a:schemeClr val="tx2"><a:lumMod val="10000"/></a:schemeClr></a:solidFill></a:endParaRPr></a:p><a:p><a:pPr marL="0" lvl="0" indent="0" algn="ctr" rtl="0"><a:spcBef><a:spcPts val="0"/></a:spcBef><a:spcAft><a:spcPts val="0"/></a:spcAft><a:buNone/></a:pPr><a:endParaRPr sz="2000" dirty="0"/></a:p></p:txBody></p:sp><p:sp><p:nvSpPr><p:cNvPr id="363" name="Google Shape;363;p44"/><p:cNvSpPr txBox="1"><a:spLocks noGrp="1"/></p:cNvSpPr><p:nvPr><p:ph type="title"/></p:nvPr></p:nvSpPr><p:spPr><a:xfrm rot="-3390743"><a:off x="707290" y="3377738"/><a:ext cx="1365819" cy="1771530"/></a:xfrm><a:prstGeom prst="rect"><a:avLst/></a:prstGeom></p:spPr><p:txBody><a:bodyPr spcFirstLastPara="1" wrap="square" lIns="91425" tIns="91425" rIns="91425" bIns="91425" anchor="ctr" anchorCtr="0"><a:noAutofit/></a:bodyPr><a:lstStyle/><a:p><a:pPr marL="0" lvl="0" indent="0" algn="r" rtl="0"><a:lnSpc><a:spcPct val="115000"/></a:lnSpc><a:spcBef><a:spcPts val="0"/></a:spcBef><a:spcAft><a:spcPts val="0"/></a:spcAft><a:buNone/></a:pPr><a:r><a:rPr lang="en" sz="17000" dirty="0"><a:solidFill><a:schemeClr val="accent5"/></a:solidFill><a:latin typeface="Gloria Hallelujah"/><a:ea typeface="Gloria Hallelujah"/><a:cs typeface="Gloria Hallelujah"/><a:sym typeface="Gloria Hallelujah"/></a:rPr><a:t>x</a:t></a:r><a:endParaRPr sz="17000" dirty="0"><a:solidFill><a:schemeClr val="accent5"/></a:solidFill><a:latin typeface="Gloria Hallelujah"/><a:ea typeface="Gloria Hallelujah"/><a:cs typeface="Gloria Hallelujah"/><a:sym typeface="Gloria Hallelujah"/></a:endParaRPr></a:p></p:txBody></p:sp></p:spTree></p:cSld><p:clrMapOvr><a:masterClrMapping/></p:clrMapOvr><mc:AlternateContent xmlns:mc="http://schemas.openxmlformats.org/markup-compatibility/2006"><mc:Choice xmlns:p15="http://schemas.microsoft.com/office/powerpoint/2012/main" Requires="p15"><p:transition spd="slow" xmlns:p14="http://schemas.microsoft.com/office/powerpoint/2010/main" p14:dur="1250"><p15:prstTrans prst="peelOff"/></p:transition></mc:Choice><mc:Fallback><p:transition spd="slow"><p:fade/></p:transition></mc:Fallback></mc:AlternateContent></p:sld>