<?xml version="1.0" encoding="UTF-8" standalone="yes"?>
<p:sldLayout xmlns:a="http://schemas.openxmlformats.org/drawingml/2006/main" xmlns:r="http://schemas.openxmlformats.org/officeDocument/2006/relationships" xmlns:p="http://schemas.openxmlformats.org/presentationml/2006/main" matchingName="Section title and description"><p:cSld name="SECTION_TITLE_AND_DESCRIPTION"><p:spTree><p:nvGrpSpPr><p:cNvPr id="1" name="Shape 38"/><p:cNvGrpSpPr/><p:nvPr/></p:nvGrpSpPr><p:grpSpPr><a:xfrm><a:off x="0" y="0"/><a:ext cx="0" cy="0"/><a:chOff x="0" y="0"/><a:chExt cx="0" cy="0"/></a:xfrm></p:grpSpPr><p:sp><p:nvSpPr><p:cNvPr id="39" name="Google Shape;39;p9"/><p:cNvSpPr/><p:nvPr/></p:nvSpPr><p:spPr><a:xfrm rot="-5400000"><a:off x="1623583" y="-933600"/><a:ext cx="1382275" cy="2619375"/></a:xfrm><a:custGeom><a:avLst/><a:gdLst/><a:ahLst/><a:cxnLst/><a:rect l="l" t="t" r="r" b="b"/><a:pathLst><a:path w="55291" h="104775" extrusionOk="0"><a:moveTo><a:pt x="53767" y="0"/></a:moveTo><a:cubicBezTo><a:pt x="52109" y="11606"/><a:pt x="37989" y="19258"/><a:pt x="26716" y="22479"/></a:cubicBezTo><a:cubicBezTo><a:pt x="17320" y="25163"/><a:pt x="4147" y="27012"/><a:pt x="808" y="36195"/></a:cubicBezTo><a:cubicBezTo><a:pt x="-3391" y="47742"/><a:pt x="10039" y="59896"/><a:pt x="19096" y="68199"/></a:cubicBezTo><a:cubicBezTo><a:pt x="28194" y="76539"/><a:pt x="34372" y="87666"/><a:pt x="43099" y="96393"/></a:cubicBezTo><a:cubicBezTo><a:pt x="46586" y="99880"/><a:pt x="51804" y="101288"/><a:pt x="55291" y="104775"/></a:cubicBezTo></a:path></a:pathLst></a:custGeom><a:noFill/><a:ln w="38100" cap="flat" cmpd="sng"><a:solidFill><a:schemeClr val="accent4"/></a:solidFill><a:prstDash val="dash"/><a:round/><a:headEnd type="none" w="med" len="med"/><a:tailEnd type="none" w="med" len="med"/></a:ln></p:spPr></p:sp><p:sp><p:nvSpPr><p:cNvPr id="40" name="Google Shape;40;p9"/><p:cNvSpPr txBox="1"><a:spLocks noGrp="1"/></p:cNvSpPr><p:nvPr><p:ph type="title"/></p:nvPr></p:nvSpPr><p:spPr><a:xfrm><a:off x="593125" y="1660350"/><a:ext cx="3443400" cy="862800"/></a:xfrm><a:prstGeom prst="rect"><a:avLst/></a:prstGeom></p:spPr><p:txBody><a:bodyPr spcFirstLastPara="1" wrap="square" lIns="91425" tIns="91425" rIns="91425" bIns="91425" anchor="b" anchorCtr="0"><a:noAutofit/></a:bodyPr><a:lstStyle><a:lvl1pPr lvl="0" algn="ctr"><a:lnSpc><a:spcPct val="90000"/></a:lnSpc><a:spcBef><a:spcPts val="0"/></a:spcBef><a:spcAft><a:spcPts val="0"/></a:spcAft><a:buSzPts val="4000"/><a:buNone/><a:defRPr/></a:lvl1pPr><a:lvl2pPr lvl="1" algn="ctr"><a:spcBef><a:spcPts val="0"/></a:spcBef><a:spcAft><a:spcPts val="0"/></a:spcAft><a:buSzPts val="4200"/><a:buNone/><a:defRPr sz="4200"/></a:lvl2pPr><a:lvl3pPr lvl="2" algn="ctr"><a:spcBef><a:spcPts val="0"/></a:spcBef><a:spcAft><a:spcPts val="0"/></a:spcAft><a:buSzPts val="4200"/><a:buNone/><a:defRPr sz="4200"/></a:lvl3pPr><a:lvl4pPr lvl="3" algn="ctr"><a:spcBef><a:spcPts val="0"/></a:spcBef><a:spcAft><a:spcPts val="0"/></a:spcAft><a:buSzPts val="4200"/><a:buNone/><a:defRPr sz="4200"/></a:lvl4pPr><a:lvl5pPr lvl="4" algn="ctr"><a:spcBef><a:spcPts val="0"/></a:spcBef><a:spcAft><a:spcPts val="0"/></a:spcAft><a:buSzPts val="4200"/><a:buNone/><a:defRPr sz="4200"/></a:lvl5pPr><a:lvl6pPr lvl="5" algn="ctr"><a:spcBef><a:spcPts val="0"/></a:spcBef><a:spcAft><a:spcPts val="0"/></a:spcAft><a:buSzPts val="4200"/><a:buNone/><a:defRPr sz="4200"/></a:lvl6pPr><a:lvl7pPr lvl="6" algn="ctr"><a:spcBef><a:spcPts val="0"/></a:spcBef><a:spcAft><a:spcPts val="0"/></a:spcAft><a:buSzPts val="4200"/><a:buNone/><a:defRPr sz="4200"/></a:lvl7pPr><a:lvl8pPr lvl="7" algn="ctr"><a:spcBef><a:spcPts val="0"/></a:spcBef><a:spcAft><a:spcPts val="0"/></a:spcAft><a:buSzPts val="4200"/><a:buNone/><a:defRPr sz="4200"/></a:lvl8pPr><a:lvl9pPr lvl="8" algn="ctr"><a:spcBef><a:spcPts val="0"/></a:spcBef><a:spcAft><a:spcPts val="0"/></a:spcAft><a:buSzPts val="4200"/><a:buNone/><a:defRPr sz="4200"/></a:lvl9pPr></a:lstStyle><a:p><a:endParaRPr/></a:p></p:txBody></p:sp><p:sp><p:nvSpPr><p:cNvPr id="41" name="Google Shape;41;p9"/><p:cNvSpPr txBox="1"><a:spLocks noGrp="1"/></p:cNvSpPr><p:nvPr><p:ph type="subTitle" idx="1"/></p:nvPr></p:nvSpPr><p:spPr><a:xfrm><a:off x="599025" y="2510350"/><a:ext cx="3431400" cy="1507500"/></a:xfrm><a:prstGeom prst="rect"><a:avLst/></a:prstGeom></p:spPr><p:txBody><a:bodyPr spcFirstLastPara="1" wrap="square" lIns="91425" tIns="91425" rIns="91425" bIns="91425" anchor="t" anchorCtr="0"><a:noAutofit/></a:bodyPr><a:lstStyle><a:lvl1pPr lvl="0" algn="ctr"><a:lnSpc><a:spcPct val="100000"/></a:lnSpc><a:spcBef><a:spcPts val="0"/></a:spcBef><a:spcAft><a:spcPts val="0"/></a:spcAft><a:buSzPts val="1600"/><a:buNone/><a:defRPr sz="1600"/></a:lvl1pPr><a:lvl2pPr lvl="1" algn="ctr"><a:lnSpc><a:spcPct val="100000"/></a:lnSpc><a:spcBef><a:spcPts val="0"/></a:spcBef><a:spcAft><a:spcPts val="0"/></a:spcAft><a:buSzPts val="2100"/><a:buNone/><a:defRPr sz="2100"/></a:lvl2pPr><a:lvl3pPr lvl="2" algn="ctr"><a:lnSpc><a:spcPct val="100000"/></a:lnSpc><a:spcBef><a:spcPts val="0"/></a:spcBef><a:spcAft><a:spcPts val="0"/></a:spcAft><a:buSzPts val="2100"/><a:buNone/><a:defRPr sz="2100"/></a:lvl3pPr><a:lvl4pPr lvl="3" algn="ctr"><a:lnSpc><a:spcPct val="100000"/></a:lnSpc><a:spcBef><a:spcPts val="0"/></a:spcBef><a:spcAft><a:spcPts val="0"/></a:spcAft><a:buSzPts val="2100"/><a:buNone/><a:defRPr sz="2100"/></a:lvl4pPr><a:lvl5pPr lvl="4" algn="ctr"><a:lnSpc><a:spcPct val="100000"/></a:lnSpc><a:spcBef><a:spcPts val="0"/></a:spcBef><a:spcAft><a:spcPts val="0"/></a:spcAft><a:buSzPts val="2100"/><a:buNone/><a:defRPr sz="2100"/></a:lvl5pPr><a:lvl6pPr lvl="5" algn="ctr"><a:lnSpc><a:spcPct val="100000"/></a:lnSpc><a:spcBef><a:spcPts val="0"/></a:spcBef><a:spcAft><a:spcPts val="0"/></a:spcAft><a:buSzPts val="2100"/><a:buNone/><a:defRPr sz="2100"/></a:lvl6pPr><a:lvl7pPr lvl="6" algn="ctr"><a:lnSpc><a:spcPct val="100000"/></a:lnSpc><a:spcBef><a:spcPts val="0"/></a:spcBef><a:spcAft><a:spcPts val="0"/></a:spcAft><a:buSzPts val="2100"/><a:buNone/><a:defRPr sz="2100"/></a:lvl7pPr><a:lvl8pPr lvl="7" algn="ctr"><a:lnSpc><a:spcPct val="100000"/></a:lnSpc><a:spcBef><a:spcPts val="0"/></a:spcBef><a:spcAft><a:spcPts val="0"/></a:spcAft><a:buSzPts val="2100"/><a:buNone/><a:defRPr sz="2100"/></a:lvl8pPr><a:lvl9pPr lvl="8" algn="ctr"><a:lnSpc><a:spcPct val="100000"/></a:lnSpc><a:spcBef><a:spcPts val="0"/></a:spcBef><a:spcAft><a:spcPts val="0"/></a:spcAft><a:buSzPts val="2100"/><a:buNone/><a:defRPr sz="2100"/></a:lvl9pPr></a:lstStyle><a:p><a:endParaRPr/></a:p></p:txBody></p:sp><p:sp><p:nvSpPr><p:cNvPr id="42" name="Google Shape;42;p9"/><p:cNvSpPr/><p:nvPr/></p:nvSpPr><p:spPr><a:xfrm><a:off x="8069275" y="0"/><a:ext cx="361500" cy="5143500"/></a:xfrm><a:prstGeom prst="rect"><a:avLst/></a:prstGeom><a:solidFill><a:schemeClr val="accent2"/></a:solidFill><a:ln><a:noFill/></a:ln></p:spPr><p:txBody><a:bodyPr spcFirstLastPara="1" wrap="square" lIns="91425" tIns="91425" rIns="91425" bIns="91425" anchor="ctr" anchorCtr="0"><a:noAutofit/></a:bodyPr><a:lstStyle/><a:p><a:pPr marL="0" lvl="0" indent="0" algn="l" rtl="0"><a:spcBef><a:spcPts val="0"/></a:spcBef><a:spcAft><a:spcPts val="0"/></a:spcAft><a:buNone/></a:pPr><a:endParaRPr/></a:p></p:txBody></p:sp></p:spTree></p:cSld><p:clrMapOvr><a:masterClrMapping/></p:clrMapOvr></p:sldLayout>