<?xml version="1.0" encoding="UTF-8" standalone="yes"?>
<p:sldLayout xmlns:a="http://schemas.openxmlformats.org/drawingml/2006/main" xmlns:r="http://schemas.openxmlformats.org/officeDocument/2006/relationships" xmlns:p="http://schemas.openxmlformats.org/presentationml/2006/main" matchingName="Background 1"><p:cSld name="CUSTOM_17_1"><p:spTree><p:nvGrpSpPr><p:cNvPr id="1" name="Shape 237"/><p:cNvGrpSpPr/><p:nvPr/></p:nvGrpSpPr><p:grpSpPr><a:xfrm><a:off x="0" y="0"/><a:ext cx="0" cy="0"/><a:chOff x="0" y="0"/><a:chExt cx="0" cy="0"/></a:xfrm></p:grpSpPr><p:sp><p:nvSpPr><p:cNvPr id="238" name="Google Shape;238;p33"/><p:cNvSpPr/><p:nvPr/></p:nvSpPr><p:spPr><a:xfrm><a:off x="1794675" y="-649108"/><a:ext cx="9260933" cy="5856100"/></a:xfrm><a:custGeom><a:avLst/><a:gdLst/><a:ahLst/><a:cxnLst/><a:rect l="l" t="t" r="r" b="b"/><a:pathLst><a:path w="360839" h="234244" extrusionOk="0"><a:moveTo><a:pt x="14271" y="0"/></a:moveTo><a:cubicBezTo><a:pt x="9159" y="5110"/><a:pt x="3956" y="10467"/><a:pt x="724" y="16933"/></a:cubicBezTo><a:cubicBezTo><a:pt x="-1174" y="20730"/><a:pt x="1079" y="25896"/><a:pt x="3546" y="29351"/></a:cubicBezTo><a:cubicBezTo><a:pt x="17231" y="48515"/><a:pt x="48412" y="49757"/><a:pt x="71844" y="47413"/></a:cubicBezTo><a:cubicBezTo><a:pt x="95930" y="45004"/><a:pt x="118758" y="32737"/><a:pt x="142964" y="32737"/></a:cubicBezTo><a:cubicBezTo><a:pt x="150902" y="32737"/><a:pt x="158777" y="34164"/><a:pt x="166671" y="34995"/></a:cubicBezTo><a:cubicBezTo><a:pt x="170671" y="35416"/><a:pt x="176725" y="33656"/><a:pt x="178524" y="37253"/></a:cubicBezTo><a:cubicBezTo><a:pt x="182480" y="45164"/><a:pt x="174344" y="55574"/><a:pt x="167799" y="61524"/></a:cubicBezTo><a:cubicBezTo><a:pt x="162071" y="66732"/><a:pt x="153356" y="67390"/><a:pt x="146915" y="71684"/></a:cubicBezTo><a:cubicBezTo><a:pt x="142224" y="74812"/><a:pt x="135590" y="82937"/><a:pt x="139577" y="86924"/></a:cubicBezTo><a:cubicBezTo><a:pt x="142868" y="90215"/><a:pt x="148469" y="90311"/><a:pt x="153124" y="90311"/></a:cubicBezTo><a:cubicBezTo><a:pt x="169655" y="90311"/><a:pt x="185546" y="83814"/><a:pt x="201666" y="80151"/></a:cubicBezTo><a:cubicBezTo><a:pt x="216400" y="76803"/><a:pt x="232719" y="78679"/><a:pt x="246822" y="84102"/></a:cubicBezTo><a:cubicBezTo><a:pt x="254440" y="87032"/><a:pt x="263736" y="88452"/><a:pt x="268835" y="94826"/></a:cubicBezTo><a:cubicBezTo><a:pt x="276197" y="104030"/><a:pt x="280372" y="116988"/><a:pt x="278995" y="128693"/></a:cubicBezTo><a:cubicBezTo><a:pt x="277854" y="138390"/><a:pt x="272784" y="147685"/><a:pt x="266577" y="155222"/></a:cubicBezTo><a:cubicBezTo><a:pt x="255412" y="168780"/><a:pt x="223199" y="175251"/><a:pt x="228759" y="191911"/></a:cubicBezTo><a:cubicBezTo><a:pt x="231004" y="198639"/><a:pt x="241436" y="199371"/><a:pt x="248515" y="199813"/></a:cubicBezTo><a:cubicBezTo><a:pt x="264111" y="200787"/><a:pt x="279858" y="199566"/><a:pt x="295364" y="201506"/></a:cubicBezTo><a:cubicBezTo><a:pt x="311061" y="203470"/><a:pt x="324738" y="213883"/><a:pt x="337697" y="222955"/></a:cubicBezTo><a:cubicBezTo><a:pt x="344728" y="227877"/><a:pt x="352256" y="234244"/><a:pt x="360839" y="234244"/></a:cubicBezTo></a:path></a:pathLst></a:custGeom><a:noFill/><a:ln w="38100" cap="flat" cmpd="sng"><a:solidFill><a:schemeClr val="accent4"/></a:solidFill><a:prstDash val="dash"/><a:round/><a:headEnd type="none" w="med" len="med"/><a:tailEnd type="none" w="med" len="med"/></a:ln></p:spPr></p:sp><p:sp><p:nvSpPr><p:cNvPr id="239" name="Google Shape;239;p33"/><p:cNvSpPr/><p:nvPr/></p:nvSpPr><p:spPr><a:xfrm rot="10800000"><a:off x="-1660625" y="225659"/><a:ext cx="9020975" cy="6265441"/></a:xfrm><a:custGeom><a:avLst/><a:gdLst/><a:ahLst/><a:cxnLst/><a:rect l="l" t="t" r="r" b="b"/><a:pathLst><a:path w="360839" h="234244" extrusionOk="0"><a:moveTo><a:pt x="14271" y="0"/></a:moveTo><a:cubicBezTo><a:pt x="9159" y="5110"/><a:pt x="3956" y="10467"/><a:pt x="724" y="16933"/></a:cubicBezTo><a:cubicBezTo><a:pt x="-1174" y="20730"/><a:pt x="1079" y="25896"/><a:pt x="3546" y="29351"/></a:cubicBezTo><a:cubicBezTo><a:pt x="17231" y="48515"/><a:pt x="48412" y="49757"/><a:pt x="71844" y="47413"/></a:cubicBezTo><a:cubicBezTo><a:pt x="95930" y="45004"/><a:pt x="118758" y="32737"/><a:pt x="142964" y="32737"/></a:cubicBezTo><a:cubicBezTo><a:pt x="150902" y="32737"/><a:pt x="158777" y="34164"/><a:pt x="166671" y="34995"/></a:cubicBezTo><a:cubicBezTo><a:pt x="170671" y="35416"/><a:pt x="176725" y="33656"/><a:pt x="178524" y="37253"/></a:cubicBezTo><a:cubicBezTo><a:pt x="182480" y="45164"/><a:pt x="174344" y="55574"/><a:pt x="167799" y="61524"/></a:cubicBezTo><a:cubicBezTo><a:pt x="162071" y="66732"/><a:pt x="153356" y="67390"/><a:pt x="146915" y="71684"/></a:cubicBezTo><a:cubicBezTo><a:pt x="142224" y="74812"/><a:pt x="135590" y="82937"/><a:pt x="139577" y="86924"/></a:cubicBezTo><a:cubicBezTo><a:pt x="142868" y="90215"/><a:pt x="148469" y="90311"/><a:pt x="153124" y="90311"/></a:cubicBezTo><a:cubicBezTo><a:pt x="169655" y="90311"/><a:pt x="185546" y="83814"/><a:pt x="201666" y="80151"/></a:cubicBezTo><a:cubicBezTo><a:pt x="216400" y="76803"/><a:pt x="232719" y="78679"/><a:pt x="246822" y="84102"/></a:cubicBezTo><a:cubicBezTo><a:pt x="254440" y="87032"/><a:pt x="263736" y="88452"/><a:pt x="268835" y="94826"/></a:cubicBezTo><a:cubicBezTo><a:pt x="276197" y="104030"/><a:pt x="280372" y="116988"/><a:pt x="278995" y="128693"/></a:cubicBezTo><a:cubicBezTo><a:pt x="277854" y="138390"/><a:pt x="272784" y="147685"/><a:pt x="266577" y="155222"/></a:cubicBezTo><a:cubicBezTo><a:pt x="255412" y="168780"/><a:pt x="223199" y="175251"/><a:pt x="228759" y="191911"/></a:cubicBezTo><a:cubicBezTo><a:pt x="231004" y="198639"/><a:pt x="241436" y="199371"/><a:pt x="248515" y="199813"/></a:cubicBezTo><a:cubicBezTo><a:pt x="264111" y="200787"/><a:pt x="279858" y="199566"/><a:pt x="295364" y="201506"/></a:cubicBezTo><a:cubicBezTo><a:pt x="311061" y="203470"/><a:pt x="324738" y="213883"/><a:pt x="337697" y="222955"/></a:cubicBezTo><a:cubicBezTo><a:pt x="344728" y="227877"/><a:pt x="352256" y="234244"/><a:pt x="360839" y="234244"/></a:cubicBezTo></a:path></a:pathLst></a:custGeom><a:noFill/><a:ln w="38100" cap="flat" cmpd="sng"><a:solidFill><a:schemeClr val="accent4"/></a:solidFill><a:prstDash val="dash"/><a:round/><a:headEnd type="none" w="med" len="med"/><a:tailEnd type="none" w="med" len="med"/></a:ln></p:spPr></p:sp></p:spTree></p:cSld><p:clrMapOvr><a:masterClrMapping/></p:clrMapOvr></p:sldLayout>