<?xml version="1.0" encoding="UTF-8" standalone="yes"?>
<p:sldLayout xmlns:a="http://schemas.openxmlformats.org/drawingml/2006/main" xmlns:r="http://schemas.openxmlformats.org/officeDocument/2006/relationships" xmlns:p="http://schemas.openxmlformats.org/presentationml/2006/main" matchingName="Title 2"><p:cSld name="CUSTOM_13"><p:bg><p:bgPr><a:solidFill><a:schemeClr val="accent2"/></a:solidFill><a:effectLst/></p:bgPr></p:bg><p:spTree><p:nvGrpSpPr><p:cNvPr id="1" name="Shape 185"/><p:cNvGrpSpPr/><p:nvPr/></p:nvGrpSpPr><p:grpSpPr><a:xfrm><a:off x="0" y="0"/><a:ext cx="0" cy="0"/><a:chOff x="0" y="0"/><a:chExt cx="0" cy="0"/></a:xfrm></p:grpSpPr><p:grpSp><p:nvGrpSpPr><p:cNvPr id="186" name="Google Shape;186;p27"/><p:cNvGrpSpPr/><p:nvPr/></p:nvGrpSpPr><p:grpSpPr><a:xfrm><a:off x="6862297" y="-847850"/><a:ext cx="3437685" cy="2622329"/><a:chOff x="6862297" y="-847850"/><a:chExt cx="3437685" cy="2622329"/></a:xfrm></p:grpSpPr><p:sp><p:nvSpPr><p:cNvPr id="187" name="Google Shape;187;p27"/><p:cNvSpPr/><p:nvPr/></p:nvSpPr><p:spPr><a:xfrm><a:off x="6862297" y="-847850"/><a:ext cx="3437685" cy="2622329"/></a:xfrm><a:custGeom><a:avLst/><a:gdLst/><a:ahLst/><a:cxnLst/><a:rect l="l" t="t" r="r" b="b"/><a:pathLst><a:path w="190348" h="124591" extrusionOk="0"><a:moveTo><a:pt x="69386" y="0"/></a:moveTo><a:cubicBezTo><a:pt x="65514" y="0"/><a:pt x="62125" y="2698"/><a:pt x="58530" y="4136"/></a:cubicBezTo><a:cubicBezTo><a:pt x="47037" y="8733"/><a:pt x="34495" y="10244"/><a:pt x="22862" y="14475"/></a:cubicBezTo><a:cubicBezTo><a:pt x="16185" y="16903"/><a:pt x="8243" y="17724"/><a:pt x="3218" y="22746"/></a:cubicBezTo><a:cubicBezTo><a:pt x="230" y="25732"/><a:pt x="-702" y="31144"/><a:pt x="633" y="35152"/></a:cubicBezTo><a:cubicBezTo><a:pt x="2252" y="40013"/><a:pt x="8680" y="41943"/><a:pt x="10972" y="46525"/></a:cubicBezTo><a:cubicBezTo><a:pt x="13834" y="52245"/><a:pt x="14642" y="59747"/><a:pt x="19760" y="63583"/></a:cubicBezTo><a:cubicBezTo><a:pt x="24878" y="67419"/><a:pt x="32296" y="67848"/><a:pt x="36819" y="72371"/></a:cubicBezTo><a:cubicBezTo><a:pt x="48197" y="83749"/><a:pt x="55511" y="100327"/><a:pt x="69903" y="107523"/></a:cubicBezTo><a:cubicBezTo><a:pt x="88885" y="117014"/><a:pt x="111442" y="116411"/><a:pt x="132452" y="119412"/></a:cubicBezTo><a:cubicBezTo><a:pt x="137108" y="120077"/><a:pt x="141887" y="120188"/><a:pt x="146409" y="121480"/></a:cubicBezTo><a:cubicBezTo><a:pt x="150633" y="122687"/><a:pt x="155253" y="125697"/><a:pt x="159332" y="124065"/></a:cubicBezTo><a:cubicBezTo><a:pt x="171725" y="119106"/><a:pt x="178411" y="104709"/><a:pt x="190348" y="98735"/></a:cubicBezTo></a:path></a:pathLst></a:custGeom><a:noFill/><a:ln w="38100" cap="flat" cmpd="sng"><a:solidFill><a:schemeClr val="accent3"/></a:solidFill><a:prstDash val="dash"/><a:round/><a:headEnd type="none" w="med" len="med"/><a:tailEnd type="none" w="med" len="med"/></a:ln></p:spPr></p:sp><p:sp><p:nvSpPr><p:cNvPr id="188" name="Google Shape;188;p27"/><p:cNvSpPr/><p:nvPr/></p:nvSpPr><p:spPr><a:xfrm><a:off x="7385213" y="-612757"/><a:ext cx="2606816" cy="1988472"/></a:xfrm><a:custGeom><a:avLst/><a:gdLst/><a:ahLst/><a:cxnLst/><a:rect l="l" t="t" r="r" b="b"/><a:pathLst><a:path w="190348" h="124591" extrusionOk="0"><a:moveTo><a:pt x="69386" y="0"/></a:moveTo><a:cubicBezTo><a:pt x="65514" y="0"/><a:pt x="62125" y="2698"/><a:pt x="58530" y="4136"/></a:cubicBezTo><a:cubicBezTo><a:pt x="47037" y="8733"/><a:pt x="34495" y="10244"/><a:pt x="22862" y="14475"/></a:cubicBezTo><a:cubicBezTo><a:pt x="16185" y="16903"/><a:pt x="8243" y="17724"/><a:pt x="3218" y="22746"/></a:cubicBezTo><a:cubicBezTo><a:pt x="230" y="25732"/><a:pt x="-702" y="31144"/><a:pt x="633" y="35152"/></a:cubicBezTo><a:cubicBezTo><a:pt x="2252" y="40013"/><a:pt x="8680" y="41943"/><a:pt x="10972" y="46525"/></a:cubicBezTo><a:cubicBezTo><a:pt x="13834" y="52245"/><a:pt x="14642" y="59747"/><a:pt x="19760" y="63583"/></a:cubicBezTo><a:cubicBezTo><a:pt x="24878" y="67419"/><a:pt x="32296" y="67848"/><a:pt x="36819" y="72371"/></a:cubicBezTo><a:cubicBezTo><a:pt x="48197" y="83749"/><a:pt x="55511" y="100327"/><a:pt x="69903" y="107523"/></a:cubicBezTo><a:cubicBezTo><a:pt x="88885" y="117014"/><a:pt x="111442" y="116411"/><a:pt x="132452" y="119412"/></a:cubicBezTo><a:cubicBezTo><a:pt x="137108" y="120077"/><a:pt x="141887" y="120188"/><a:pt x="146409" y="121480"/></a:cubicBezTo><a:cubicBezTo><a:pt x="150633" y="122687"/><a:pt x="155253" y="125697"/><a:pt x="159332" y="124065"/></a:cubicBezTo><a:cubicBezTo><a:pt x="171725" y="119106"/><a:pt x="178411" y="104709"/><a:pt x="190348" y="98735"/></a:cubicBezTo></a:path></a:pathLst></a:custGeom><a:noFill/><a:ln w="38100" cap="flat" cmpd="sng"><a:solidFill><a:schemeClr val="accent3"/></a:solidFill><a:prstDash val="dash"/><a:round/><a:headEnd type="none" w="med" len="med"/><a:tailEnd type="none" w="med" len="med"/></a:ln></p:spPr></p:sp><p:sp><p:nvSpPr><p:cNvPr id="189" name="Google Shape;189;p27"/><p:cNvSpPr/><p:nvPr/></p:nvSpPr><p:spPr><a:xfrm><a:off x="7939373" y="-278323"/><a:ext cx="1697904" cy="1295123"/></a:xfrm><a:custGeom><a:avLst/><a:gdLst/><a:ahLst/><a:cxnLst/><a:rect l="l" t="t" r="r" b="b"/><a:pathLst><a:path w="190348" h="124591" extrusionOk="0"><a:moveTo><a:pt x="69386" y="0"/></a:moveTo><a:cubicBezTo><a:pt x="65514" y="0"/><a:pt x="62125" y="2698"/><a:pt x="58530" y="4136"/></a:cubicBezTo><a:cubicBezTo><a:pt x="47037" y="8733"/><a:pt x="34495" y="10244"/><a:pt x="22862" y="14475"/></a:cubicBezTo><a:cubicBezTo><a:pt x="16185" y="16903"/><a:pt x="8243" y="17724"/><a:pt x="3218" y="22746"/></a:cubicBezTo><a:cubicBezTo><a:pt x="230" y="25732"/><a:pt x="-702" y="31144"/><a:pt x="633" y="35152"/></a:cubicBezTo><a:cubicBezTo><a:pt x="2252" y="40013"/><a:pt x="8680" y="41943"/><a:pt x="10972" y="46525"/></a:cubicBezTo><a:cubicBezTo><a:pt x="13834" y="52245"/><a:pt x="14642" y="59747"/><a:pt x="19760" y="63583"/></a:cubicBezTo><a:cubicBezTo><a:pt x="24878" y="67419"/><a:pt x="32296" y="67848"/><a:pt x="36819" y="72371"/></a:cubicBezTo><a:cubicBezTo><a:pt x="48197" y="83749"/><a:pt x="55511" y="100327"/><a:pt x="69903" y="107523"/></a:cubicBezTo><a:cubicBezTo><a:pt x="88885" y="117014"/><a:pt x="111442" y="116411"/><a:pt x="132452" y="119412"/></a:cubicBezTo><a:cubicBezTo><a:pt x="137108" y="120077"/><a:pt x="141887" y="120188"/><a:pt x="146409" y="121480"/></a:cubicBezTo><a:cubicBezTo><a:pt x="150633" y="122687"/><a:pt x="155253" y="125697"/><a:pt x="159332" y="124065"/></a:cubicBezTo><a:cubicBezTo><a:pt x="171725" y="119106"/><a:pt x="178411" y="104709"/><a:pt x="190348" y="98735"/></a:cubicBezTo></a:path></a:pathLst></a:custGeom><a:noFill/><a:ln w="38100" cap="flat" cmpd="sng"><a:solidFill><a:schemeClr val="accent3"/></a:solidFill><a:prstDash val="dash"/><a:round/><a:headEnd type="none" w="med" len="med"/><a:tailEnd type="none" w="med" len="med"/></a:ln></p:spPr></p:sp><p:sp><p:nvSpPr><p:cNvPr id="190" name="Google Shape;190;p27"/><p:cNvSpPr/><p:nvPr/></p:nvSpPr><p:spPr><a:xfrm><a:off x="8443509" y="-136867"/><a:ext cx="1144467" cy="873071"/></a:xfrm><a:custGeom><a:avLst/><a:gdLst/><a:ahLst/><a:cxnLst/><a:rect l="l" t="t" r="r" b="b"/><a:pathLst><a:path w="190348" h="124591" extrusionOk="0"><a:moveTo><a:pt x="69386" y="0"/></a:moveTo><a:cubicBezTo><a:pt x="65514" y="0"/><a:pt x="62125" y="2698"/><a:pt x="58530" y="4136"/></a:cubicBezTo><a:cubicBezTo><a:pt x="47037" y="8733"/><a:pt x="34495" y="10244"/><a:pt x="22862" y="14475"/></a:cubicBezTo><a:cubicBezTo><a:pt x="16185" y="16903"/><a:pt x="8243" y="17724"/><a:pt x="3218" y="22746"/></a:cubicBezTo><a:cubicBezTo><a:pt x="230" y="25732"/><a:pt x="-702" y="31144"/><a:pt x="633" y="35152"/></a:cubicBezTo><a:cubicBezTo><a:pt x="2252" y="40013"/><a:pt x="8680" y="41943"/><a:pt x="10972" y="46525"/></a:cubicBezTo><a:cubicBezTo><a:pt x="13834" y="52245"/><a:pt x="14642" y="59747"/><a:pt x="19760" y="63583"/></a:cubicBezTo><a:cubicBezTo><a:pt x="24878" y="67419"/><a:pt x="32296" y="67848"/><a:pt x="36819" y="72371"/></a:cubicBezTo><a:cubicBezTo><a:pt x="48197" y="83749"/><a:pt x="55511" y="100327"/><a:pt x="69903" y="107523"/></a:cubicBezTo><a:cubicBezTo><a:pt x="88885" y="117014"/><a:pt x="111442" y="116411"/><a:pt x="132452" y="119412"/></a:cubicBezTo><a:cubicBezTo><a:pt x="137108" y="120077"/><a:pt x="141887" y="120188"/><a:pt x="146409" y="121480"/></a:cubicBezTo><a:cubicBezTo><a:pt x="150633" y="122687"/><a:pt x="155253" y="125697"/><a:pt x="159332" y="124065"/></a:cubicBezTo><a:cubicBezTo><a:pt x="171725" y="119106"/><a:pt x="178411" y="104709"/><a:pt x="190348" y="98735"/></a:cubicBezTo></a:path></a:pathLst></a:custGeom><a:noFill/><a:ln w="38100" cap="flat" cmpd="sng"><a:solidFill><a:schemeClr val="accent3"/></a:solidFill><a:prstDash val="dash"/><a:round/><a:headEnd type="none" w="med" len="med"/><a:tailEnd type="none" w="med" len="med"/></a:ln></p:spPr></p:sp><p:sp><p:nvSpPr><p:cNvPr id="191" name="Google Shape;191;p27"/><p:cNvSpPr/><p:nvPr/></p:nvSpPr><p:spPr><a:xfrm><a:off x="8887042" y="-3915"/><a:ext cx="612445" cy="467216"/></a:xfrm><a:custGeom><a:avLst/><a:gdLst/><a:ahLst/><a:cxnLst/><a:rect l="l" t="t" r="r" b="b"/><a:pathLst><a:path w="190348" h="124591" extrusionOk="0"><a:moveTo><a:pt x="69386" y="0"/></a:moveTo><a:cubicBezTo><a:pt x="65514" y="0"/><a:pt x="62125" y="2698"/><a:pt x="58530" y="4136"/></a:cubicBezTo><a:cubicBezTo><a:pt x="47037" y="8733"/><a:pt x="34495" y="10244"/><a:pt x="22862" y="14475"/></a:cubicBezTo><a:cubicBezTo><a:pt x="16185" y="16903"/><a:pt x="8243" y="17724"/><a:pt x="3218" y="22746"/></a:cubicBezTo><a:cubicBezTo><a:pt x="230" y="25732"/><a:pt x="-702" y="31144"/><a:pt x="633" y="35152"/></a:cubicBezTo><a:cubicBezTo><a:pt x="2252" y="40013"/><a:pt x="8680" y="41943"/><a:pt x="10972" y="46525"/></a:cubicBezTo><a:cubicBezTo><a:pt x="13834" y="52245"/><a:pt x="14642" y="59747"/><a:pt x="19760" y="63583"/></a:cubicBezTo><a:cubicBezTo><a:pt x="24878" y="67419"/><a:pt x="32296" y="67848"/><a:pt x="36819" y="72371"/></a:cubicBezTo><a:cubicBezTo><a:pt x="48197" y="83749"/><a:pt x="55511" y="100327"/><a:pt x="69903" y="107523"/></a:cubicBezTo><a:cubicBezTo><a:pt x="88885" y="117014"/><a:pt x="111442" y="116411"/><a:pt x="132452" y="119412"/></a:cubicBezTo><a:cubicBezTo><a:pt x="137108" y="120077"/><a:pt x="141887" y="120188"/><a:pt x="146409" y="121480"/></a:cubicBezTo><a:cubicBezTo><a:pt x="150633" y="122687"/><a:pt x="155253" y="125697"/><a:pt x="159332" y="124065"/></a:cubicBezTo><a:cubicBezTo><a:pt x="171725" y="119106"/><a:pt x="178411" y="104709"/><a:pt x="190348" y="98735"/></a:cubicBezTo></a:path></a:pathLst></a:custGeom><a:noFill/><a:ln w="38100" cap="flat" cmpd="sng"><a:solidFill><a:schemeClr val="accent3"/></a:solidFill><a:prstDash val="dash"/><a:round/><a:headEnd type="none" w="med" len="med"/><a:tailEnd type="none" w="med" len="med"/></a:ln></p:spPr></p:sp></p:grpSp><p:grpSp><p:nvGrpSpPr><p:cNvPr id="192" name="Google Shape;192;p27"/><p:cNvGrpSpPr/><p:nvPr/></p:nvGrpSpPr><p:grpSpPr><a:xfrm><a:off x="-1151059" y="1500434"/><a:ext cx="4837690" cy="4712235"/><a:chOff x="-1151052" y="1194281"/><a:chExt cx="5151960" cy="5018355"/></a:xfrm></p:grpSpPr><p:sp><p:nvSpPr><p:cNvPr id="193" name="Google Shape;193;p27"/><p:cNvSpPr/><p:nvPr/></p:nvSpPr><p:spPr><a:xfrm rot="1207038"><a:off x="-617053" y="1779785"/><a:ext cx="4083964" cy="3829507"/></a:xfrm><a:custGeom><a:avLst/><a:gdLst/><a:ahLst/><a:cxnLst/><a:rect l="l" t="t" r="r" b="b"/><a:pathLst><a:path w="188165" h="180742" extrusionOk="0"><a:moveTo><a:pt x="0" y="52542"/></a:moveTo><a:cubicBezTo><a:pt x="8351" y="52542"/><a:pt x="17358" y="49144"/><a:pt x="23262" y="43237"/></a:cubicBezTo><a:cubicBezTo><a:pt x="29261" y="37235"/><a:pt x="29806" y="27565"/><a:pt x="33601" y="19975"/></a:cubicBezTo><a:cubicBezTo><a:pt x="36380" y="14416"/><a:pt x="41771" y="10347"/><a:pt x="47041" y="7052"/></a:cubicBezTo><a:cubicBezTo><a:pt x="51684" y="4149"/><a:pt x="56719" y="-994"/><a:pt x="62032" y="332"/></a:cubicBezTo><a:cubicBezTo><a:pt x="70060" y="2336"/><a:pt x="72051" y="13778"/><a:pt x="74956" y="21526"/></a:cubicBezTo><a:cubicBezTo><a:pt x="77825" y="29175"/><a:pt x="82676" y="35929"/><a:pt x="86328" y="43237"/></a:cubicBezTo><a:cubicBezTo><a:pt x="89023" y="48630"/><a:pt x="91002" y="54886"/><a:pt x="95633" y="58745"/></a:cubicBezTo><a:cubicBezTo><a:pt x="106865" y="68105"/><a:pt x="124435" y="64948"/><a:pt x="139056" y="64948"/></a:cubicBezTo><a:cubicBezTo><a:pt x="145319" y="64948"/><a:pt x="152655" y="63775"/><a:pt x="157665" y="67533"/></a:cubicBezTo><a:cubicBezTo><a:pt x="163989" y="72277"/><a:pt x="162400" y="82690"/><a:pt x="165936" y="89761"/></a:cubicBezTo><a:cubicBezTo><a:pt x="170186" y="98262"/><a:pt x="182352" y="101187"/><a:pt x="186097" y="109922"/></a:cubicBezTo><a:cubicBezTo><a:pt x="189367" y="117550"/><a:pt x="185514" y="126569"/><a:pt x="184029" y="134735"/></a:cubicBezTo><a:cubicBezTo><a:pt x="182965" y="140588"/><a:pt x="182809" y="146667"/><a:pt x="180927" y="152310"/></a:cubicBezTo><a:cubicBezTo><a:pt x="177834" y="161588"/><a:pt x="188165" y="170962"/><a:pt x="188165" y="180742"/></a:cubicBezTo></a:path></a:pathLst></a:custGeom><a:noFill/><a:ln w="38100" cap="flat" cmpd="sng"><a:solidFill><a:schemeClr val="accent3"/></a:solidFill><a:prstDash val="dash"/><a:round/><a:headEnd type="none" w="med" len="med"/><a:tailEnd type="none" w="med" len="med"/></a:ln></p:spPr></p:sp><p:sp><p:nvSpPr><p:cNvPr id="194" name="Google Shape;194;p27"/><p:cNvSpPr/><p:nvPr/></p:nvSpPr><p:spPr><a:xfrm rot="1207337"><a:off x="-622045" y="2438312"/><a:ext cx="3490918" cy="3273716"/></a:xfrm><a:custGeom><a:avLst/><a:gdLst/><a:ahLst/><a:cxnLst/><a:rect l="l" t="t" r="r" b="b"/><a:pathLst><a:path w="188165" h="180742" extrusionOk="0"><a:moveTo><a:pt x="0" y="52542"/></a:moveTo><a:cubicBezTo><a:pt x="8351" y="52542"/><a:pt x="17358" y="49144"/><a:pt x="23262" y="43237"/></a:cubicBezTo><a:cubicBezTo><a:pt x="29261" y="37235"/><a:pt x="29806" y="27565"/><a:pt x="33601" y="19975"/></a:cubicBezTo><a:cubicBezTo><a:pt x="36380" y="14416"/><a:pt x="41771" y="10347"/><a:pt x="47041" y="7052"/></a:cubicBezTo><a:cubicBezTo><a:pt x="51684" y="4149"/><a:pt x="56719" y="-994"/><a:pt x="62032" y="332"/></a:cubicBezTo><a:cubicBezTo><a:pt x="70060" y="2336"/><a:pt x="72051" y="13778"/><a:pt x="74956" y="21526"/></a:cubicBezTo><a:cubicBezTo><a:pt x="77825" y="29175"/><a:pt x="82676" y="35929"/><a:pt x="86328" y="43237"/></a:cubicBezTo><a:cubicBezTo><a:pt x="89023" y="48630"/><a:pt x="91002" y="54886"/><a:pt x="95633" y="58745"/></a:cubicBezTo><a:cubicBezTo><a:pt x="106865" y="68105"/><a:pt x="124435" y="64948"/><a:pt x="139056" y="64948"/></a:cubicBezTo><a:cubicBezTo><a:pt x="145319" y="64948"/><a:pt x="152655" y="63775"/><a:pt x="157665" y="67533"/></a:cubicBezTo><a:cubicBezTo><a:pt x="163989" y="72277"/><a:pt x="162400" y="82690"/><a:pt x="165936" y="89761"/></a:cubicBezTo><a:cubicBezTo><a:pt x="170186" y="98262"/><a:pt x="182352" y="101187"/><a:pt x="186097" y="109922"/></a:cubicBezTo><a:cubicBezTo><a:pt x="189367" y="117550"/><a:pt x="185514" y="126569"/><a:pt x="184029" y="134735"/></a:cubicBezTo><a:cubicBezTo><a:pt x="182965" y="140588"/><a:pt x="182809" y="146667"/><a:pt x="180927" y="152310"/></a:cubicBezTo><a:cubicBezTo><a:pt x="177834" y="161588"/><a:pt x="188165" y="170962"/><a:pt x="188165" y="180742"/></a:cubicBezTo></a:path></a:pathLst></a:custGeom><a:noFill/><a:ln w="38100" cap="flat" cmpd="sng"><a:solidFill><a:schemeClr val="accent3"/></a:solidFill><a:prstDash val="dash"/><a:round/><a:headEnd type="none" w="med" len="med"/><a:tailEnd type="none" w="med" len="med"/></a:ln></p:spPr></p:sp><p:sp><p:nvSpPr><p:cNvPr id="195" name="Google Shape;195;p27"/><p:cNvSpPr/><p:nvPr/></p:nvSpPr><p:spPr><a:xfrm rot="1206910"><a:off x="-541272" y="3043661"/><a:ext cx="2912139" cy="2730934"/></a:xfrm><a:custGeom><a:avLst/><a:gdLst/><a:ahLst/><a:cxnLst/><a:rect l="l" t="t" r="r" b="b"/><a:pathLst><a:path w="188165" h="180742" extrusionOk="0"><a:moveTo><a:pt x="0" y="52542"/></a:moveTo><a:cubicBezTo><a:pt x="8351" y="52542"/><a:pt x="17358" y="49144"/><a:pt x="23262" y="43237"/></a:cubicBezTo><a:cubicBezTo><a:pt x="29261" y="37235"/><a:pt x="29806" y="27565"/><a:pt x="33601" y="19975"/></a:cubicBezTo><a:cubicBezTo><a:pt x="36380" y="14416"/><a:pt x="41771" y="10347"/><a:pt x="47041" y="7052"/></a:cubicBezTo><a:cubicBezTo><a:pt x="51684" y="4149"/><a:pt x="56719" y="-994"/><a:pt x="62032" y="332"/></a:cubicBezTo><a:cubicBezTo><a:pt x="70060" y="2336"/><a:pt x="72051" y="13778"/><a:pt x="74956" y="21526"/></a:cubicBezTo><a:cubicBezTo><a:pt x="77825" y="29175"/><a:pt x="82676" y="35929"/><a:pt x="86328" y="43237"/></a:cubicBezTo><a:cubicBezTo><a:pt x="89023" y="48630"/><a:pt x="91002" y="54886"/><a:pt x="95633" y="58745"/></a:cubicBezTo><a:cubicBezTo><a:pt x="106865" y="68105"/><a:pt x="124435" y="64948"/><a:pt x="139056" y="64948"/></a:cubicBezTo><a:cubicBezTo><a:pt x="145319" y="64948"/><a:pt x="152655" y="63775"/><a:pt x="157665" y="67533"/></a:cubicBezTo><a:cubicBezTo><a:pt x="163989" y="72277"/><a:pt x="162400" y="82690"/><a:pt x="165936" y="89761"/></a:cubicBezTo><a:cubicBezTo><a:pt x="170186" y="98262"/><a:pt x="182352" y="101187"/><a:pt x="186097" y="109922"/></a:cubicBezTo><a:cubicBezTo><a:pt x="189367" y="117550"/><a:pt x="185514" y="126569"/><a:pt x="184029" y="134735"/></a:cubicBezTo><a:cubicBezTo><a:pt x="182965" y="140588"/><a:pt x="182809" y="146667"/><a:pt x="180927" y="152310"/></a:cubicBezTo><a:cubicBezTo><a:pt x="177834" y="161588"/><a:pt x="188165" y="170962"/><a:pt x="188165" y="180742"/></a:cubicBezTo></a:path></a:pathLst></a:custGeom><a:noFill/><a:ln w="38100" cap="flat" cmpd="sng"><a:solidFill><a:schemeClr val="accent3"/></a:solidFill><a:prstDash val="dash"/><a:round/><a:headEnd type="none" w="med" len="med"/><a:tailEnd type="none" w="med" len="med"/></a:ln></p:spPr></p:sp><p:sp><p:nvSpPr><p:cNvPr id="196" name="Google Shape;196;p27"/><p:cNvSpPr/><p:nvPr/></p:nvSpPr><p:spPr><a:xfrm rot="1206983"><a:off x="-352152" y="3703893"/><a:ext cx="2159699" cy="2025048"/></a:xfrm><a:custGeom><a:avLst/><a:gdLst/><a:ahLst/><a:cxnLst/><a:rect l="l" t="t" r="r" b="b"/><a:pathLst><a:path w="188165" h="180742" extrusionOk="0"><a:moveTo><a:pt x="0" y="52542"/></a:moveTo><a:cubicBezTo><a:pt x="8351" y="52542"/><a:pt x="17358" y="49144"/><a:pt x="23262" y="43237"/></a:cubicBezTo><a:cubicBezTo><a:pt x="29261" y="37235"/><a:pt x="29806" y="27565"/><a:pt x="33601" y="19975"/></a:cubicBezTo><a:cubicBezTo><a:pt x="36380" y="14416"/><a:pt x="41771" y="10347"/><a:pt x="47041" y="7052"/></a:cubicBezTo><a:cubicBezTo><a:pt x="51684" y="4149"/><a:pt x="56719" y="-994"/><a:pt x="62032" y="332"/></a:cubicBezTo><a:cubicBezTo><a:pt x="70060" y="2336"/><a:pt x="72051" y="13778"/><a:pt x="74956" y="21526"/></a:cubicBezTo><a:cubicBezTo><a:pt x="77825" y="29175"/><a:pt x="82676" y="35929"/><a:pt x="86328" y="43237"/></a:cubicBezTo><a:cubicBezTo><a:pt x="89023" y="48630"/><a:pt x="91002" y="54886"/><a:pt x="95633" y="58745"/></a:cubicBezTo><a:cubicBezTo><a:pt x="106865" y="68105"/><a:pt x="124435" y="64948"/><a:pt x="139056" y="64948"/></a:cubicBezTo><a:cubicBezTo><a:pt x="145319" y="64948"/><a:pt x="152655" y="63775"/><a:pt x="157665" y="67533"/></a:cubicBezTo><a:cubicBezTo><a:pt x="163989" y="72277"/><a:pt x="162400" y="82690"/><a:pt x="165936" y="89761"/></a:cubicBezTo><a:cubicBezTo><a:pt x="170186" y="98262"/><a:pt x="182352" y="101187"/><a:pt x="186097" y="109922"/></a:cubicBezTo><a:cubicBezTo><a:pt x="189367" y="117550"/><a:pt x="185514" y="126569"/><a:pt x="184029" y="134735"/></a:cubicBezTo><a:cubicBezTo><a:pt x="182965" y="140588"/><a:pt x="182809" y="146667"/><a:pt x="180927" y="152310"/></a:cubicBezTo><a:cubicBezTo><a:pt x="177834" y="161588"/><a:pt x="188165" y="170962"/><a:pt x="188165" y="180742"/></a:cubicBezTo></a:path></a:pathLst></a:custGeom><a:noFill/><a:ln w="38100" cap="flat" cmpd="sng"><a:solidFill><a:schemeClr val="accent3"/></a:solidFill><a:prstDash val="dash"/><a:round/><a:headEnd type="none" w="med" len="med"/><a:tailEnd type="none" w="med" len="med"/></a:ln></p:spPr></p:sp><p:sp><p:nvSpPr><p:cNvPr id="197" name="Google Shape;197;p27"/><p:cNvSpPr/><p:nvPr/></p:nvSpPr><p:spPr><a:xfrm rot="1207124"><a:off x="-162265" y="4283467"/><a:ext cx="1392227" cy="1305572"/></a:xfrm><a:custGeom><a:avLst/><a:gdLst/><a:ahLst/><a:cxnLst/><a:rect l="l" t="t" r="r" b="b"/><a:pathLst><a:path w="188165" h="180742" extrusionOk="0"><a:moveTo><a:pt x="0" y="52542"/></a:moveTo><a:cubicBezTo><a:pt x="8351" y="52542"/><a:pt x="17358" y="49144"/><a:pt x="23262" y="43237"/></a:cubicBezTo><a:cubicBezTo><a:pt x="29261" y="37235"/><a:pt x="29806" y="27565"/><a:pt x="33601" y="19975"/></a:cubicBezTo><a:cubicBezTo><a:pt x="36380" y="14416"/><a:pt x="41771" y="10347"/><a:pt x="47041" y="7052"/></a:cubicBezTo><a:cubicBezTo><a:pt x="51684" y="4149"/><a:pt x="56719" y="-994"/><a:pt x="62032" y="332"/></a:cubicBezTo><a:cubicBezTo><a:pt x="70060" y="2336"/><a:pt x="72051" y="13778"/><a:pt x="74956" y="21526"/></a:cubicBezTo><a:cubicBezTo><a:pt x="77825" y="29175"/><a:pt x="82676" y="35929"/><a:pt x="86328" y="43237"/></a:cubicBezTo><a:cubicBezTo><a:pt x="89023" y="48630"/><a:pt x="91002" y="54886"/><a:pt x="95633" y="58745"/></a:cubicBezTo><a:cubicBezTo><a:pt x="106865" y="68105"/><a:pt x="124435" y="64948"/><a:pt x="139056" y="64948"/></a:cubicBezTo><a:cubicBezTo><a:pt x="145319" y="64948"/><a:pt x="152655" y="63775"/><a:pt x="157665" y="67533"/></a:cubicBezTo><a:cubicBezTo><a:pt x="163989" y="72277"/><a:pt x="162400" y="82690"/><a:pt x="165936" y="89761"/></a:cubicBezTo><a:cubicBezTo><a:pt x="170186" y="98262"/><a:pt x="182352" y="101187"/><a:pt x="186097" y="109922"/></a:cubicBezTo><a:cubicBezTo><a:pt x="189367" y="117550"/><a:pt x="185514" y="126569"/><a:pt x="184029" y="134735"/></a:cubicBezTo><a:cubicBezTo><a:pt x="182965" y="140588"/><a:pt x="182809" y="146667"/><a:pt x="180927" y="152310"/></a:cubicBezTo><a:cubicBezTo><a:pt x="177834" y="161588"/><a:pt x="188165" y="170962"/><a:pt x="188165" y="180742"/></a:cubicBezTo></a:path></a:pathLst></a:custGeom><a:noFill/><a:ln w="38100" cap="flat" cmpd="sng"><a:solidFill><a:schemeClr val="accent3"/></a:solidFill><a:prstDash val="dash"/><a:round/><a:headEnd type="none" w="med" len="med"/><a:tailEnd type="none" w="med" len="med"/></a:ln></p:spPr></p:sp><p:sp><p:nvSpPr><p:cNvPr id="198" name="Google Shape;198;p27"/><p:cNvSpPr/><p:nvPr/></p:nvSpPr><p:spPr><a:xfrm rot="1207247"><a:off x="-49132" y="4731085"/><a:ext cx="869715" cy="815679"/></a:xfrm><a:custGeom><a:avLst/><a:gdLst/><a:ahLst/><a:cxnLst/><a:rect l="l" t="t" r="r" b="b"/><a:pathLst><a:path w="188165" h="180742" extrusionOk="0"><a:moveTo><a:pt x="0" y="52542"/></a:moveTo><a:cubicBezTo><a:pt x="8351" y="52542"/><a:pt x="17358" y="49144"/><a:pt x="23262" y="43237"/></a:cubicBezTo><a:cubicBezTo><a:pt x="29261" y="37235"/><a:pt x="29806" y="27565"/><a:pt x="33601" y="19975"/></a:cubicBezTo><a:cubicBezTo><a:pt x="36380" y="14416"/><a:pt x="41771" y="10347"/><a:pt x="47041" y="7052"/></a:cubicBezTo><a:cubicBezTo><a:pt x="51684" y="4149"/><a:pt x="56719" y="-994"/><a:pt x="62032" y="332"/></a:cubicBezTo><a:cubicBezTo><a:pt x="70060" y="2336"/><a:pt x="72051" y="13778"/><a:pt x="74956" y="21526"/></a:cubicBezTo><a:cubicBezTo><a:pt x="77825" y="29175"/><a:pt x="82676" y="35929"/><a:pt x="86328" y="43237"/></a:cubicBezTo><a:cubicBezTo><a:pt x="89023" y="48630"/><a:pt x="91002" y="54886"/><a:pt x="95633" y="58745"/></a:cubicBezTo><a:cubicBezTo><a:pt x="106865" y="68105"/><a:pt x="124435" y="64948"/><a:pt x="139056" y="64948"/></a:cubicBezTo><a:cubicBezTo><a:pt x="145319" y="64948"/><a:pt x="152655" y="63775"/><a:pt x="157665" y="67533"/></a:cubicBezTo><a:cubicBezTo><a:pt x="163989" y="72277"/><a:pt x="162400" y="82690"/><a:pt x="165936" y="89761"/></a:cubicBezTo><a:cubicBezTo><a:pt x="170186" y="98262"/><a:pt x="182352" y="101187"/><a:pt x="186097" y="109922"/></a:cubicBezTo><a:cubicBezTo><a:pt x="189367" y="117550"/><a:pt x="185514" y="126569"/><a:pt x="184029" y="134735"/></a:cubicBezTo><a:cubicBezTo><a:pt x="182965" y="140588"/><a:pt x="182809" y="146667"/><a:pt x="180927" y="152310"/></a:cubicBezTo><a:cubicBezTo><a:pt x="177834" y="161588"/><a:pt x="188165" y="170962"/><a:pt x="188165" y="180742"/></a:cubicBezTo></a:path></a:pathLst></a:custGeom><a:noFill/><a:ln w="38100" cap="flat" cmpd="sng"><a:solidFill><a:schemeClr val="accent3"/></a:solidFill><a:prstDash val="dash"/><a:round/><a:headEnd type="none" w="med" len="med"/><a:tailEnd type="none" w="med" len="med"/></a:ln></p:spPr></p:sp></p:grpSp><p:grpSp><p:nvGrpSpPr><p:cNvPr id="199" name="Google Shape;199;p27"/><p:cNvGrpSpPr/><p:nvPr/></p:nvGrpSpPr><p:grpSpPr><a:xfrm rot="-557284"><a:off x="1590778" y="-450440"/><a:ext cx="2977141" cy="2183499"/><a:chOff x="1590761" y="-450442"/><a:chExt cx="2977109" cy="2183475"/></a:xfrm></p:grpSpPr><p:sp><p:nvSpPr><p:cNvPr id="200" name="Google Shape;200;p27"/><p:cNvSpPr/><p:nvPr/></p:nvSpPr><p:spPr><a:xfrm><a:off x="1878935" y="-65875"/><a:ext cx="2400725" cy="1210725"/></a:xfrm><a:custGeom><a:avLst/><a:gdLst/><a:ahLst/><a:cxnLst/><a:rect l="l" t="t" r="r" b="b"/><a:pathLst><a:path w="96029" h="48429" extrusionOk="0"><a:moveTo><a:pt x="50458" y="2762"/></a:moveTo><a:cubicBezTo><a:pt x="44136" y="-1455"/><a:pt x="35236" y="136"/><a:pt x="27713" y="1211"/></a:cubicBezTo><a:cubicBezTo><a:pt x="17408" y="2683"/><a:pt x="-2209" y="6103"/><a:pt x="316" y="16202"/></a:cubicBezTo><a:cubicBezTo><a:pt x="1413" y="20590"/><a:pt x="4643" y="25797"/><a:pt x="9104" y="26541"/></a:cubicBezTo><a:cubicBezTo><a:pt x="16760" y="27817"/><a:pt x="25710" y="23581"/><a:pt x="32366" y="27574"/></a:cubicBezTo><a:cubicBezTo><a:pt x="39134" y="31634"/><a:pt x="44724" y="37471"/><a:pt x="51492" y="41532"/></a:cubicBezTo><a:cubicBezTo><a:pt x="63460" y="48713"/><a:pt x="84645" y="52431"/><a:pt x="93364" y="41532"/></a:cubicBezTo><a:cubicBezTo><a:pt x="97703" y="36108"/><a:pt x="96336" y="25022"/><a:pt x="90779" y="20854"/></a:cubicBezTo><a:cubicBezTo><a:pt x="82143" y="14377"/><a:pt x="70571" y="12968"/><a:pt x="61314" y="7414"/></a:cubicBezTo><a:cubicBezTo><a:pt x="57143" y="4911"/><a:pt x="52738" y="1728"/><a:pt x="47874" y="1728"/></a:cubicBezTo></a:path></a:pathLst></a:custGeom><a:noFill/><a:ln w="38100" cap="flat" cmpd="sng"><a:solidFill><a:schemeClr val="accent3"/></a:solidFill><a:prstDash val="dash"/><a:round/><a:headEnd type="none" w="med" len="med"/><a:tailEnd type="none" w="med" len="med"/></a:ln></p:spPr></p:sp><p:sp><p:nvSpPr><p:cNvPr id="201" name="Google Shape;201;p27"/><p:cNvSpPr/><p:nvPr/></p:nvSpPr><p:spPr><a:xfrm rot="680343"><a:off x="2206863" y="240906"/><a:ext cx="1760729" cy="504043"/></a:xfrm><a:custGeom><a:avLst/><a:gdLst/><a:ahLst/><a:cxnLst/><a:rect l="l" t="t" r="r" b="b"/><a:pathLst><a:path w="96029" h="48429" extrusionOk="0"><a:moveTo><a:pt x="50458" y="2762"/></a:moveTo><a:cubicBezTo><a:pt x="44136" y="-1455"/><a:pt x="35236" y="136"/><a:pt x="27713" y="1211"/></a:cubicBezTo><a:cubicBezTo><a:pt x="17408" y="2683"/><a:pt x="-2209" y="6103"/><a:pt x="316" y="16202"/></a:cubicBezTo><a:cubicBezTo><a:pt x="1413" y="20590"/><a:pt x="4643" y="25797"/><a:pt x="9104" y="26541"/></a:cubicBezTo><a:cubicBezTo><a:pt x="16760" y="27817"/><a:pt x="25710" y="23581"/><a:pt x="32366" y="27574"/></a:cubicBezTo><a:cubicBezTo><a:pt x="39134" y="31634"/><a:pt x="44724" y="37471"/><a:pt x="51492" y="41532"/></a:cubicBezTo><a:cubicBezTo><a:pt x="63460" y="48713"/><a:pt x="84645" y="52431"/><a:pt x="93364" y="41532"/></a:cubicBezTo><a:cubicBezTo><a:pt x="97703" y="36108"/><a:pt x="96336" y="25022"/><a:pt x="90779" y="20854"/></a:cubicBezTo><a:cubicBezTo><a:pt x="82143" y="14377"/><a:pt x="70571" y="12968"/><a:pt x="61314" y="7414"/></a:cubicBezTo><a:cubicBezTo><a:pt x="57143" y="4911"/><a:pt x="52738" y="1728"/><a:pt x="47874" y="1728"/></a:cubicBezTo></a:path></a:pathLst></a:custGeom><a:noFill/><a:ln w="38100" cap="flat" cmpd="sng"><a:solidFill><a:schemeClr val="accent3"/></a:solidFill><a:prstDash val="dash"/><a:round/><a:headEnd type="none" w="med" len="med"/><a:tailEnd type="none" w="med" len="med"/></a:ln></p:spPr></p:sp><p:sp><p:nvSpPr><p:cNvPr id="202" name="Google Shape;202;p27"/><p:cNvSpPr/><p:nvPr/></p:nvSpPr><p:spPr><a:xfrm rot="-318791"><a:off x="1674135" y="-324471"/><a:ext cx="2810360" cy="1931532"/></a:xfrm><a:custGeom><a:avLst/><a:gdLst/><a:ahLst/><a:cxnLst/><a:rect l="l" t="t" r="r" b="b"/><a:pathLst><a:path w="96029" h="48429" extrusionOk="0"><a:moveTo><a:pt x="50458" y="2762"/></a:moveTo><a:cubicBezTo><a:pt x="44136" y="-1455"/><a:pt x="35236" y="136"/><a:pt x="27713" y="1211"/></a:cubicBezTo><a:cubicBezTo><a:pt x="17408" y="2683"/><a:pt x="-2209" y="6103"/><a:pt x="316" y="16202"/></a:cubicBezTo><a:cubicBezTo><a:pt x="1413" y="20590"/><a:pt x="4643" y="25797"/><a:pt x="9104" y="26541"/></a:cubicBezTo><a:cubicBezTo><a:pt x="16760" y="27817"/><a:pt x="25710" y="23581"/><a:pt x="32366" y="27574"/></a:cubicBezTo><a:cubicBezTo><a:pt x="39134" y="31634"/><a:pt x="44724" y="37471"/><a:pt x="51492" y="41532"/></a:cubicBezTo><a:cubicBezTo><a:pt x="63460" y="48713"/><a:pt x="84645" y="52431"/><a:pt x="93364" y="41532"/></a:cubicBezTo><a:cubicBezTo><a:pt x="97703" y="36108"/><a:pt x="96336" y="25022"/><a:pt x="90779" y="20854"/></a:cubicBezTo><a:cubicBezTo><a:pt x="82143" y="14377"/><a:pt x="70571" y="12968"/><a:pt x="61314" y="7414"/></a:cubicBezTo><a:cubicBezTo><a:pt x="57143" y="4911"/><a:pt x="52738" y="1728"/><a:pt x="47874" y="1728"/></a:cubicBezTo></a:path></a:pathLst></a:custGeom><a:noFill/><a:ln w="38100" cap="flat" cmpd="sng"><a:solidFill><a:schemeClr val="accent3"/></a:solidFill><a:prstDash val="dash"/><a:round/><a:headEnd type="none" w="med" len="med"/><a:tailEnd type="none" w="med" len="med"/></a:ln></p:spPr></p:sp></p:grpSp><p:grpSp><p:nvGrpSpPr><p:cNvPr id="203" name="Google Shape;203;p27"/><p:cNvGrpSpPr/><p:nvPr/></p:nvGrpSpPr><p:grpSpPr><a:xfrm><a:off x="6357166" y="2572127"/><a:ext cx="2311909" cy="2156088"/><a:chOff x="6118779" y="2543626"/><a:chExt cx="2790475" cy="2602400"/></a:xfrm></p:grpSpPr><p:sp><p:nvSpPr><p:cNvPr id="204" name="Google Shape;204;p27"/><p:cNvSpPr/><p:nvPr/></p:nvSpPr><p:spPr><a:xfrm><a:off x="6557266" y="2894825"/><a:ext cx="2017525" cy="1855275"/></a:xfrm><a:custGeom><a:avLst/><a:gdLst/><a:ahLst/><a:cxnLst/><a:rect l="l" t="t" r="r" b="b"/><a:pathLst><a:path w="80701" h="74211" extrusionOk="0"><a:moveTo><a:pt x="59759" y="1551"/></a:moveTo><a:cubicBezTo><a:pt x="51895" y="-1070"/><a:pt x="40762" y="3231"/><a:pt x="36497" y="10339"/></a:cubicBezTo><a:cubicBezTo><a:pt x="32446" y="17091"/><a:pt x="33491" y="27326"/><a:pt x="27192" y="32050"/></a:cubicBezTo><a:cubicBezTo><a:pt x="21019" y="36679"/><a:pt x="12023" y="36535"/><a:pt x="5998" y="41355"/></a:cubicBezTo><a:cubicBezTo><a:pt x="289" y="45922"/><a:pt x="-2273" y="57897"/><a:pt x="2896" y="63066"/></a:cubicBezTo><a:cubicBezTo><a:pt x="14895" y="75065"/><a:pt x="36577" y="75970"/><a:pt x="53039" y="71854"/></a:cubicBezTo><a:cubicBezTo><a:pt x="60151" y="70076"/><a:pt x="69132" y="69165"/><a:pt x="73200" y="63066"/></a:cubicBezTo><a:cubicBezTo><a:pt x="79239" y="54014"/><a:pt x="77864" y="41788"/><a:pt x="79403" y="31016"/></a:cubicBezTo><a:cubicBezTo><a:pt x="80281" y="24873"/><a:pt x="81965" y="17795"/><a:pt x="78886" y="12407"/></a:cubicBezTo><a:cubicBezTo><a:pt x="74898" y="5428"/><a:pt x="66246" y="0"/><a:pt x="58208" y="0"/></a:cubicBezTo></a:path></a:pathLst></a:custGeom><a:noFill/><a:ln w="38100" cap="flat" cmpd="sng"><a:solidFill><a:schemeClr val="accent3"/></a:solidFill><a:prstDash val="dash"/><a:round/><a:headEnd type="none" w="med" len="med"/><a:tailEnd type="none" w="med" len="med"/></a:ln></p:spPr></p:sp><p:sp><p:nvSpPr><p:cNvPr id="205" name="Google Shape;205;p27"/><p:cNvSpPr/><p:nvPr/></p:nvSpPr><p:spPr><a:xfrm><a:off x="7017649" y="3220483"/><a:ext cx="1345025" cy="1376200"/></a:xfrm><a:custGeom><a:avLst/><a:gdLst/><a:ahLst/><a:cxnLst/><a:rect l="l" t="t" r="r" b="b"/><a:pathLst><a:path w="53801" h="55048" extrusionOk="0"><a:moveTo><a:pt x="51166" y="5584"/></a:moveTo><a:cubicBezTo><a:pt x="47481" y="980"/><a:pt x="38020" y="-2203"/><a:pt x="33849" y="1965"/></a:cubicBezTo><a:cubicBezTo><a:pt x="28886" y="6925"/><a:pt x="30341" y="16471"/><a:pt x="25061" y="21092"/></a:cubicBezTo><a:cubicBezTo><a:pt x="18421" y="26904"/><a:pt x="7054" y="26350"/><a:pt x="1540" y="33240"/></a:cubicBezTo><a:cubicBezTo><a:pt x="-1691" y="37277"/><a:pt x="1017" y="44564"/><a:pt x="4383" y="48490"/></a:cubicBezTo><a:cubicBezTo><a:pt x="13364" y="58965"/><a:pt x="35260" y="55658"/><a:pt x="45738" y="46680"/></a:cubicBezTo><a:cubicBezTo><a:pt x="49545" y="43418"/><a:pt x="49561" y="37359"/><a:pt x="50649" y="32465"/></a:cubicBezTo><a:cubicBezTo><a:pt x="52558" y="23876"/><a:pt x="55876" y="13971"/><a:pt x="51941" y="6101"/></a:cubicBezTo></a:path></a:pathLst></a:custGeom><a:noFill/><a:ln w="38100" cap="flat" cmpd="sng"><a:solidFill><a:schemeClr val="accent3"/></a:solidFill><a:prstDash val="dash"/><a:round/><a:headEnd type="none" w="med" len="med"/><a:tailEnd type="none" w="med" len="med"/></a:ln></p:spPr></p:sp><p:sp><p:nvSpPr><p:cNvPr id="206" name="Google Shape;206;p27"/><p:cNvSpPr/><p:nvPr/></p:nvSpPr><p:spPr><a:xfrm rot="279846"><a:off x="7476096" y="3504941"/><a:ext cx="659173" cy="845784"/></a:xfrm><a:custGeom><a:avLst/><a:gdLst/><a:ahLst/><a:cxnLst/><a:rect l="l" t="t" r="r" b="b"/><a:pathLst><a:path w="28285" h="33831" extrusionOk="0"><a:moveTo><a:pt x="25333" y="2476"/></a:moveTo><a:cubicBezTo><a:pt x="24237" y="284"/><a:pt x="19192" y="-1008"/><a:pt x="18096" y="1184"/></a:cubicBezTo><a:cubicBezTo><a:pt x="15476" y="6425"/><a:pt x="16741" y="13536"/><a:pt x="12927" y="17984"/></a:cubicBezTo><a:cubicBezTo><a:pt x="10569" y="20734"/><a:pt x="5933" y="20372"/><a:pt x="3105" y="22636"/></a:cubicBezTo><a:cubicBezTo><a:pt x="690" y="24569"/><a:pt x="-1150" y="29496"/><a:pt x="1037" y="31683"/></a:cubicBezTo><a:cubicBezTo><a:pt x="5080" y="35726"/><a:pt x="13631" y="33447"/><a:pt x="18096" y="29874"/></a:cubicBezTo><a:cubicBezTo><a:pt x="25351" y="24068"/><a:pt x="31519" y="10985"/><a:pt x="26367" y="3251"/></a:cubicBezTo></a:path></a:pathLst></a:custGeom><a:noFill/><a:ln w="38100" cap="flat" cmpd="sng"><a:solidFill><a:schemeClr val="accent3"/></a:solidFill><a:prstDash val="dash"/><a:round/><a:headEnd type="none" w="med" len="med"/><a:tailEnd type="none" w="med" len="med"/></a:ln></p:spPr></p:sp><p:sp><p:nvSpPr><p:cNvPr id="207" name="Google Shape;207;p27"/><p:cNvSpPr/><p:nvPr/></p:nvSpPr><p:spPr><a:xfrm><a:off x="6118779" y="2543626"/><a:ext cx="2790475" cy="2602400"/></a:xfrm><a:custGeom><a:avLst/><a:gdLst/><a:ahLst/><a:cxnLst/><a:rect l="l" t="t" r="r" b="b"/><a:pathLst><a:path w="111619" h="104096" extrusionOk="0"><a:moveTo><a:pt x="91257" y="5777"/></a:moveTo><a:cubicBezTo><a:pt x="81743" y="-3731"/><a:pt x="62127" y="-133"/><a:pt x="50936" y="7328"/></a:cubicBezTo><a:cubicBezTo><a:pt x="40977" y="13967"/><a:pt x="42327" y="29704"/><a:pt x="36978" y="40412"/></a:cubicBezTo><a:cubicBezTo><a:pt x="34671" y="45031"/><a:pt x="27739" y="45035"/><a:pt x="23021" y="47132"/></a:cubicBezTo><a:cubicBezTo><a:pt x="15422" y="50509"/><a:pt x="7669" y="54702"/><a:pt x="2344" y="61089"/></a:cubicBezTo><a:cubicBezTo><a:pt x="-3437" y="68024"/><a:pt x="3130" y="80231"/><a:pt x="8547" y="87453"/></a:cubicBezTo><a:cubicBezTo><a:pt x="12395" y="92583"/><a:pt x="19229" y="94671"/><a:pt x="25089" y="97275"/></a:cubicBezTo><a:cubicBezTo><a:pt x="40148" y="103968"/><a:pt x="57885" y="105292"/><a:pt x="74198" y="102961"/></a:cubicBezTo><a:cubicBezTo><a:pt x="84609" y="101473"/><a:pt x="97869" y="101552"/><a:pt x="104180" y="93139"/></a:cubicBezTo><a:cubicBezTo><a:pt x="120447" y="71455"/><a:pt x="105589" y="38278"/><a:pt x="99011" y="11981"/></a:cubicBezTo><a:cubicBezTo><a:pt x="98149" y="8535"/><a:pt x="93879" y="6887"/><a:pt x="92290" y="3710"/></a:cubicBezTo></a:path></a:pathLst></a:custGeom><a:noFill/><a:ln w="38100" cap="flat" cmpd="sng"><a:solidFill><a:schemeClr val="accent3"/></a:solidFill><a:prstDash val="dash"/><a:round/><a:headEnd type="none" w="med" len="med"/><a:tailEnd type="none" w="med" len="med"/></a:ln></p:spPr></p:sp></p:grpSp><p:sp><p:nvSpPr><p:cNvPr id="208" name="Google Shape;208;p27"/><p:cNvSpPr txBox="1"><a:spLocks noGrp="1"/></p:cNvSpPr><p:nvPr><p:ph type="title"/></p:nvPr></p:nvSpPr><p:spPr><a:xfrm><a:off x="2414250" y="1652817"/><a:ext cx="4315500" cy="1384500"/></a:xfrm><a:prstGeom prst="rect"><a:avLst/></a:prstGeom></p:spPr><p:txBody><a:bodyPr spcFirstLastPara="1" wrap="square" lIns="91425" tIns="91425" rIns="91425" bIns="91425" anchor="ctr" anchorCtr="0"><a:noAutofit/></a:bodyPr><a:lstStyle><a:lvl1pPr lvl="0" algn="ctr" rtl="0"><a:spcBef><a:spcPts val="0"/></a:spcBef><a:spcAft><a:spcPts val="0"/></a:spcAft><a:buClr><a:schemeClr val="dk1"/></a:buClr><a:buSzPts val="4500"/><a:buNone/><a:defRPr sz="12000"><a:solidFill><a:schemeClr val="dk1"/></a:solidFill></a:defRPr></a:lvl1pPr><a:lvl2pPr lvl="1" rtl="0"><a:spcBef><a:spcPts val="0"/></a:spcBef><a:spcAft><a:spcPts val="0"/></a:spcAft><a:buSzPts val="4500"/><a:buNone/><a:defRPr sz="4500"/></a:lvl2pPr><a:lvl3pPr lvl="2" rtl="0"><a:spcBef><a:spcPts val="0"/></a:spcBef><a:spcAft><a:spcPts val="0"/></a:spcAft><a:buSzPts val="4500"/><a:buNone/><a:defRPr sz="4500"/></a:lvl3pPr><a:lvl4pPr lvl="3" rtl="0"><a:spcBef><a:spcPts val="0"/></a:spcBef><a:spcAft><a:spcPts val="0"/></a:spcAft><a:buSzPts val="4500"/><a:buNone/><a:defRPr sz="4500"/></a:lvl4pPr><a:lvl5pPr lvl="4" rtl="0"><a:spcBef><a:spcPts val="0"/></a:spcBef><a:spcAft><a:spcPts val="0"/></a:spcAft><a:buSzPts val="4500"/><a:buNone/><a:defRPr sz="4500"/></a:lvl5pPr><a:lvl6pPr lvl="5" rtl="0"><a:spcBef><a:spcPts val="0"/></a:spcBef><a:spcAft><a:spcPts val="0"/></a:spcAft><a:buSzPts val="4500"/><a:buNone/><a:defRPr sz="4500"/></a:lvl6pPr><a:lvl7pPr lvl="6" rtl="0"><a:spcBef><a:spcPts val="0"/></a:spcBef><a:spcAft><a:spcPts val="0"/></a:spcAft><a:buSzPts val="4500"/><a:buNone/><a:defRPr sz="4500"/></a:lvl7pPr><a:lvl8pPr lvl="7" rtl="0"><a:spcBef><a:spcPts val="0"/></a:spcBef><a:spcAft><a:spcPts val="0"/></a:spcAft><a:buSzPts val="4500"/><a:buNone/><a:defRPr sz="4500"/></a:lvl8pPr><a:lvl9pPr lvl="8" rtl="0"><a:spcBef><a:spcPts val="0"/></a:spcBef><a:spcAft><a:spcPts val="0"/></a:spcAft><a:buSzPts val="4500"/><a:buNone/><a:defRPr sz="4500"/></a:lvl9pPr></a:lstStyle><a:p><a:endParaRPr/></a:p></p:txBody></p:sp><p:sp><p:nvSpPr><p:cNvPr id="209" name="Google Shape;209;p27"/><p:cNvSpPr txBox="1"><a:spLocks noGrp="1"/></p:cNvSpPr><p:nvPr><p:ph type="subTitle" idx="1"/></p:nvPr></p:nvSpPr><p:spPr><a:xfrm><a:off x="2500400" y="2978917"/><a:ext cx="4143300" cy="630300"/></a:xfrm><a:prstGeom prst="rect"><a:avLst/></a:prstGeom></p:spPr><p:txBody><a:bodyPr spcFirstLastPara="1" wrap="square" lIns="91425" tIns="91425" rIns="91425" bIns="91425" anchor="t" anchorCtr="0"><a:noAutofit/></a:bodyPr><a:lstStyle><a:lvl1pPr lvl="0" algn="ctr" rtl="0"><a:spcBef><a:spcPts val="0"/></a:spcBef><a:spcAft><a:spcPts val="0"/></a:spcAft><a:buSzPts val="1600"/><a:buNone/><a:defRPr><a:solidFill><a:schemeClr val="dk1"/></a:solidFill></a:defRPr></a:lvl1pPr><a:lvl2pPr lvl="1" algn="ctr" rtl="0"><a:lnSpc><a:spcPct val="100000"/></a:lnSpc><a:spcBef><a:spcPts val="1600"/></a:spcBef><a:spcAft><a:spcPts val="0"/></a:spcAft><a:buSzPts val="2100"/><a:buNone/><a:defRPr sz="2100"/></a:lvl2pPr><a:lvl3pPr lvl="2" algn="ctr" rtl="0"><a:lnSpc><a:spcPct val="100000"/></a:lnSpc><a:spcBef><a:spcPts val="0"/></a:spcBef><a:spcAft><a:spcPts val="0"/></a:spcAft><a:buSzPts val="2100"/><a:buNone/><a:defRPr sz="2100"/></a:lvl3pPr><a:lvl4pPr lvl="3" algn="ctr" rtl="0"><a:lnSpc><a:spcPct val="100000"/></a:lnSpc><a:spcBef><a:spcPts val="0"/></a:spcBef><a:spcAft><a:spcPts val="0"/></a:spcAft><a:buSzPts val="2100"/><a:buNone/><a:defRPr sz="2100"/></a:lvl4pPr><a:lvl5pPr lvl="4" algn="ctr" rtl="0"><a:lnSpc><a:spcPct val="100000"/></a:lnSpc><a:spcBef><a:spcPts val="0"/></a:spcBef><a:spcAft><a:spcPts val="0"/></a:spcAft><a:buSzPts val="2100"/><a:buNone/><a:defRPr sz="2100"/></a:lvl5pPr><a:lvl6pPr lvl="5" algn="ctr" rtl="0"><a:lnSpc><a:spcPct val="100000"/></a:lnSpc><a:spcBef><a:spcPts val="0"/></a:spcBef><a:spcAft><a:spcPts val="0"/></a:spcAft><a:buSzPts val="2100"/><a:buNone/><a:defRPr sz="2100"/></a:lvl6pPr><a:lvl7pPr lvl="6" algn="ctr" rtl="0"><a:lnSpc><a:spcPct val="100000"/></a:lnSpc><a:spcBef><a:spcPts val="0"/></a:spcBef><a:spcAft><a:spcPts val="0"/></a:spcAft><a:buSzPts val="2100"/><a:buNone/><a:defRPr sz="2100"/></a:lvl7pPr><a:lvl8pPr lvl="7" algn="ctr" rtl="0"><a:lnSpc><a:spcPct val="100000"/></a:lnSpc><a:spcBef><a:spcPts val="0"/></a:spcBef><a:spcAft><a:spcPts val="0"/></a:spcAft><a:buSzPts val="2100"/><a:buNone/><a:defRPr sz="2100"/></a:lvl8pPr><a:lvl9pPr lvl="8" algn="ctr" rtl="0"><a:lnSpc><a:spcPct val="100000"/></a:lnSpc><a:spcBef><a:spcPts val="0"/></a:spcBef><a:spcAft><a:spcPts val="0"/></a:spcAft><a:buSzPts val="2100"/><a:buNone/><a:defRPr sz="2100"/></a:lvl9pPr></a:lstStyle><a:p><a:endParaRPr/></a:p></p:txBody></p:sp></p:spTree></p:cSld><p:clrMapOvr><a:masterClrMapping/></p:clrMapOvr></p:sldLayout>