<?xml version="1.0" encoding="UTF-8" standalone="yes"?>
<p:sldLayout xmlns:a="http://schemas.openxmlformats.org/drawingml/2006/main" xmlns:r="http://schemas.openxmlformats.org/officeDocument/2006/relationships" xmlns:p="http://schemas.openxmlformats.org/presentationml/2006/main" matchingName="Title and body" type="tx"><p:cSld name="TITLE_AND_BODY"><p:spTree><p:nvGrpSpPr><p:cNvPr id="1" name="Shape 21"/><p:cNvGrpSpPr/><p:nvPr/></p:nvGrpSpPr><p:grpSpPr><a:xfrm><a:off x="0" y="0"/><a:ext cx="0" cy="0"/><a:chOff x="0" y="0"/><a:chExt cx="0" cy="0"/></a:xfrm></p:grpSpPr><p:sp><p:nvSpPr><p:cNvPr id="22" name="Google Shape;22;p4"/><p:cNvSpPr/><p:nvPr/></p:nvSpPr><p:spPr><a:xfrm rot="391151"><a:off x="5855051" y="-44364"/><a:ext cx="3599018" cy="1290927"/></a:xfrm><a:custGeom><a:avLst/><a:gdLst/><a:ahLst/><a:cxnLst/><a:rect l="l" t="t" r="r" b="b"/><a:pathLst><a:path w="135304" h="48532" extrusionOk="0"><a:moveTo><a:pt x="15360" y="0"/></a:moveTo><a:cubicBezTo><a:pt x="4729" y="3190"/><a:pt x="-5930" y="26512"/><a:pt x="4071" y="31327"/></a:cubicBezTo><a:cubicBezTo><a:pt x="15728" y="36940"/><a:pt x="30668" y="28358"/><a:pt x="41606" y="21449"/></a:cubicBezTo><a:cubicBezTo><a:pt x="46689" y="18238"/><a:pt x="53538" y="11904"/><a:pt x="58540" y="15240"/></a:cubicBezTo><a:cubicBezTo><a:pt x="67690" y="21342"/><a:pt x="42079" y="44536"/><a:pt x="52613" y="47696"/></a:cubicBezTo><a:cubicBezTo><a:pt x="64984" y="51408"/><a:pt x="78020" y="41201"/><a:pt x="89020" y="34431"/></a:cubicBezTo><a:cubicBezTo><a:pt x="96646" y="29738"/><a:pt x="105926" y="28517"/><a:pt x="114420" y="25682"/></a:cubicBezTo><a:cubicBezTo><a:pt x="119376" y="24028"/><a:pt x="124703" y="20363"/><a:pt x="129660" y="22014"/></a:cubicBezTo><a:cubicBezTo><a:pt x="132952" y="23111"/><a:pt x="132850" y="28308"/><a:pt x="135304" y="30762"/></a:cubicBezTo></a:path></a:pathLst></a:custGeom><a:noFill/><a:ln w="38100" cap="flat" cmpd="sng"><a:solidFill><a:schemeClr val="accent4"/></a:solidFill><a:prstDash val="dash"/><a:round/><a:headEnd type="none" w="med" len="med"/><a:tailEnd type="none" w="med" len="med"/></a:ln></p:spPr></p:sp><p:sp><p:nvSpPr><p:cNvPr id="23" name="Google Shape;23;p4"/><p:cNvSpPr txBox="1"><a:spLocks noGrp="1"/></p:cNvSpPr><p:nvPr><p:ph type="title"/></p:nvPr></p:nvSpPr><p:spPr><a:xfrm><a:off x="583849" y="489050"/><a:ext cx="7968600" cy="572700"/></a:xfrm><a:prstGeom prst="rect"><a:avLst/></a:prstGeom></p:spPr><p:txBody><a:bodyPr spcFirstLastPara="1" wrap="square" lIns="91425" tIns="91425" rIns="91425" bIns="91425" anchor="t" anchorCtr="0"><a:noAutofit/></a:bodyPr><a:lstStyle><a:lvl1pPr lvl="0"><a:spcBef><a:spcPts val="0"/></a:spcBef><a:spcAft><a:spcPts val="0"/></a:spcAft><a:buSzPts val="4000"/><a:buNone/><a:defRPr/></a:lvl1pPr><a:lvl2pPr lvl="1"><a:spcBef><a:spcPts val="0"/></a:spcBef><a:spcAft><a:spcPts val="0"/></a:spcAft><a:buSzPts val="3800"/><a:buNone/><a:defRPr/></a:lvl2pPr><a:lvl3pPr lvl="2"><a:spcBef><a:spcPts val="0"/></a:spcBef><a:spcAft><a:spcPts val="0"/></a:spcAft><a:buSzPts val="3800"/><a:buNone/><a:defRPr/></a:lvl3pPr><a:lvl4pPr lvl="3"><a:spcBef><a:spcPts val="0"/></a:spcBef><a:spcAft><a:spcPts val="0"/></a:spcAft><a:buSzPts val="3800"/><a:buNone/><a:defRPr/></a:lvl4pPr><a:lvl5pPr lvl="4"><a:spcBef><a:spcPts val="0"/></a:spcBef><a:spcAft><a:spcPts val="0"/></a:spcAft><a:buSzPts val="3800"/><a:buNone/><a:defRPr/></a:lvl5pPr><a:lvl6pPr lvl="5"><a:spcBef><a:spcPts val="0"/></a:spcBef><a:spcAft><a:spcPts val="0"/></a:spcAft><a:buSzPts val="3800"/><a:buNone/><a:defRPr/></a:lvl6pPr><a:lvl7pPr lvl="6"><a:spcBef><a:spcPts val="0"/></a:spcBef><a:spcAft><a:spcPts val="0"/></a:spcAft><a:buSzPts val="3800"/><a:buNone/><a:defRPr/></a:lvl7pPr><a:lvl8pPr lvl="7"><a:spcBef><a:spcPts val="0"/></a:spcBef><a:spcAft><a:spcPts val="0"/></a:spcAft><a:buSzPts val="3800"/><a:buNone/><a:defRPr/></a:lvl8pPr><a:lvl9pPr lvl="8"><a:spcBef><a:spcPts val="0"/></a:spcBef><a:spcAft><a:spcPts val="0"/></a:spcAft><a:buSzPts val="3800"/><a:buNone/><a:defRPr/></a:lvl9pPr></a:lstStyle><a:p><a:endParaRPr/></a:p></p:txBody></p:sp><p:sp><p:nvSpPr><p:cNvPr id="24" name="Google Shape;24;p4"/><p:cNvSpPr txBox="1"><a:spLocks noGrp="1"/></p:cNvSpPr><p:nvPr><p:ph type="body" idx="1"/></p:nvPr></p:nvSpPr><p:spPr><a:xfrm><a:off x="614425" y="1446325"/><a:ext cx="7919400" cy="2831100"/></a:xfrm><a:prstGeom prst="rect"><a:avLst/></a:prstGeom></p:spPr><p:txBody><a:bodyPr spcFirstLastPara="1" wrap="square" lIns="91425" tIns="91425" rIns="91425" bIns="91425" anchor="t" anchorCtr="0"><a:noAutofit/></a:bodyPr><a:lstStyle><a:lvl1pPr marL="457200" marR="50800" lvl="0" indent="-317500"><a:lnSpc><a:spcPct val="100000"/></a:lnSpc><a:spcBef><a:spcPts val="0"/></a:spcBef><a:spcAft><a:spcPts val="0"/></a:spcAft><a:buClr><a:schemeClr val="dk1"/></a:buClr><a:buSzPts val="1400"/><a:buChar char="●"/><a:defRPr sz="1050"><a:solidFill><a:srgbClr val="000000"/></a:solidFill></a:defRPr></a:lvl1pPr><a:lvl2pPr marL="914400" lvl="1" indent="-317500"><a:spcBef><a:spcPts val="0"/></a:spcBef><a:spcAft><a:spcPts val="0"/></a:spcAft><a:buClr><a:srgbClr val="000000"/></a:buClr><a:buSzPts val="1400"/><a:buChar char="○"/><a:defRPr><a:solidFill><a:srgbClr val="000000"/></a:solidFill></a:defRPr></a:lvl2pPr><a:lvl3pPr marL="1371600" lvl="2" indent="-317500"><a:spcBef><a:spcPts val="1600"/></a:spcBef><a:spcAft><a:spcPts val="0"/></a:spcAft><a:buClr><a:srgbClr val="000000"/></a:buClr><a:buSzPts val="1400"/><a:buChar char="■"/><a:defRPr><a:solidFill><a:srgbClr val="000000"/></a:solidFill></a:defRPr></a:lvl3pPr><a:lvl4pPr marL="1828800" lvl="3" indent="-317500"><a:spcBef><a:spcPts val="1600"/></a:spcBef><a:spcAft><a:spcPts val="0"/></a:spcAft><a:buClr><a:srgbClr val="000000"/></a:buClr><a:buSzPts val="1400"/><a:buChar char="●"/><a:defRPr><a:solidFill><a:srgbClr val="000000"/></a:solidFill></a:defRPr></a:lvl4pPr><a:lvl5pPr marL="2286000" lvl="4" indent="-317500"><a:spcBef><a:spcPts val="1600"/></a:spcBef><a:spcAft><a:spcPts val="0"/></a:spcAft><a:buClr><a:srgbClr val="000000"/></a:buClr><a:buSzPts val="1400"/><a:buChar char="○"/><a:defRPr><a:solidFill><a:srgbClr val="000000"/></a:solidFill></a:defRPr></a:lvl5pPr><a:lvl6pPr marL="2743200" lvl="5" indent="-317500"><a:spcBef><a:spcPts val="1600"/></a:spcBef><a:spcAft><a:spcPts val="0"/></a:spcAft><a:buClr><a:srgbClr val="000000"/></a:buClr><a:buSzPts val="1400"/><a:buChar char="■"/><a:defRPr><a:solidFill><a:srgbClr val="000000"/></a:solidFill></a:defRPr></a:lvl6pPr><a:lvl7pPr marL="3200400" lvl="6" indent="-317500"><a:spcBef><a:spcPts val="1600"/></a:spcBef><a:spcAft><a:spcPts val="0"/></a:spcAft><a:buClr><a:srgbClr val="000000"/></a:buClr><a:buSzPts val="1400"/><a:buChar char="●"/><a:defRPr><a:solidFill><a:srgbClr val="000000"/></a:solidFill></a:defRPr></a:lvl7pPr><a:lvl8pPr marL="3657600" lvl="7" indent="-317500"><a:spcBef><a:spcPts val="1600"/></a:spcBef><a:spcAft><a:spcPts val="0"/></a:spcAft><a:buClr><a:srgbClr val="000000"/></a:buClr><a:buSzPts val="1400"/><a:buChar char="○"/><a:defRPr><a:solidFill><a:srgbClr val="000000"/></a:solidFill></a:defRPr></a:lvl8pPr><a:lvl9pPr marL="4114800" lvl="8" indent="-317500"><a:spcBef><a:spcPts val="1600"/></a:spcBef><a:spcAft><a:spcPts val="1600"/></a:spcAft><a:buClr><a:srgbClr val="000000"/></a:buClr><a:buSzPts val="1400"/><a:buChar char="■"/><a:defRPr><a:solidFill><a:srgbClr val="000000"/></a:solidFill></a:defRPr></a:lvl9pPr></a:lstStyle><a:p><a:endParaRPr/></a:p></p:txBody></p:sp></p:spTree></p:cSld><p:clrMapOvr><a:masterClrMapping/></p:clrMapOvr></p:sldLayout>