<?xml version="1.0" encoding="UTF-8" standalone="yes"?>
<p:sldLayout xmlns:a="http://schemas.openxmlformats.org/drawingml/2006/main" xmlns:r="http://schemas.openxmlformats.org/officeDocument/2006/relationships" xmlns:p="http://schemas.openxmlformats.org/presentationml/2006/main" matchingName="Title only" type="titleOnly"><p:cSld name="TITLE_ONLY"><p:spTree><p:nvGrpSpPr><p:cNvPr id="1" name="Shape 30"/><p:cNvGrpSpPr/><p:nvPr/></p:nvGrpSpPr><p:grpSpPr><a:xfrm><a:off x="0" y="0"/><a:ext cx="0" cy="0"/><a:chOff x="0" y="0"/><a:chExt cx="0" cy="0"/></a:xfrm></p:grpSpPr><p:sp><p:nvSpPr><p:cNvPr id="31" name="Google Shape;31;p6"/><p:cNvSpPr txBox="1"><a:spLocks noGrp="1"/></p:cNvSpPr><p:nvPr><p:ph type="title"/></p:nvPr></p:nvSpPr><p:spPr><a:xfrm><a:off x="583849" y="484350"/><a:ext cx="7968600" cy="572700"/></a:xfrm><a:prstGeom prst="rect"><a:avLst/></a:prstGeom></p:spPr><p:txBody><a:bodyPr spcFirstLastPara="1" wrap="square" lIns="91425" tIns="91425" rIns="91425" bIns="91425" anchor="t" anchorCtr="0"><a:noAutofit/></a:bodyPr><a:lstStyle><a:lvl1pPr lvl="0" algn="ctr"><a:spcBef><a:spcPts val="0"/></a:spcBef><a:spcAft><a:spcPts val="0"/></a:spcAft><a:buSzPts val="4000"/><a:buNone/><a:defRPr/></a:lvl1pPr><a:lvl2pPr lvl="1"><a:spcBef><a:spcPts val="0"/></a:spcBef><a:spcAft><a:spcPts val="0"/></a:spcAft><a:buSzPts val="3800"/><a:buNone/><a:defRPr/></a:lvl2pPr><a:lvl3pPr lvl="2"><a:spcBef><a:spcPts val="0"/></a:spcBef><a:spcAft><a:spcPts val="0"/></a:spcAft><a:buSzPts val="3800"/><a:buNone/><a:defRPr/></a:lvl3pPr><a:lvl4pPr lvl="3"><a:spcBef><a:spcPts val="0"/></a:spcBef><a:spcAft><a:spcPts val="0"/></a:spcAft><a:buSzPts val="3800"/><a:buNone/><a:defRPr/></a:lvl4pPr><a:lvl5pPr lvl="4"><a:spcBef><a:spcPts val="0"/></a:spcBef><a:spcAft><a:spcPts val="0"/></a:spcAft><a:buSzPts val="3800"/><a:buNone/><a:defRPr/></a:lvl5pPr><a:lvl6pPr lvl="5"><a:spcBef><a:spcPts val="0"/></a:spcBef><a:spcAft><a:spcPts val="0"/></a:spcAft><a:buSzPts val="3800"/><a:buNone/><a:defRPr/></a:lvl6pPr><a:lvl7pPr lvl="6"><a:spcBef><a:spcPts val="0"/></a:spcBef><a:spcAft><a:spcPts val="0"/></a:spcAft><a:buSzPts val="3800"/><a:buNone/><a:defRPr/></a:lvl7pPr><a:lvl8pPr lvl="7"><a:spcBef><a:spcPts val="0"/></a:spcBef><a:spcAft><a:spcPts val="0"/></a:spcAft><a:buSzPts val="3800"/><a:buNone/><a:defRPr/></a:lvl8pPr><a:lvl9pPr lvl="8"><a:spcBef><a:spcPts val="0"/></a:spcBef><a:spcAft><a:spcPts val="0"/></a:spcAft><a:buSzPts val="3800"/><a:buNone/><a:defRPr/></a:lvl9pPr></a:lstStyle><a:p><a:endParaRPr/></a:p></p:txBody></p:sp></p:spTree></p:cSld><p:clrMapOvr><a:masterClrMapping/></p:clrMapOvr></p:sldLayout>