<?xml version="1.0" encoding="UTF-8" standalone="yes"?>
<p:sldLayout xmlns:a="http://schemas.openxmlformats.org/drawingml/2006/main" xmlns:r="http://schemas.openxmlformats.org/officeDocument/2006/relationships" xmlns:p="http://schemas.openxmlformats.org/presentationml/2006/main" matchingName="Table of contents"><p:cSld name="CUSTOM_9"><p:spTree><p:nvGrpSpPr><p:cNvPr id="1" name="Shape 147"/><p:cNvGrpSpPr/><p:nvPr/></p:nvGrpSpPr><p:grpSpPr><a:xfrm><a:off x="0" y="0"/><a:ext cx="0" cy="0"/><a:chOff x="0" y="0"/><a:chExt cx="0" cy="0"/></a:xfrm></p:grpSpPr><p:sp><p:nvSpPr><p:cNvPr id="148" name="Google Shape;148;p22"/><p:cNvSpPr txBox="1"><a:spLocks noGrp="1"/></p:cNvSpPr><p:nvPr><p:ph type="subTitle" idx="1"/></p:nvPr></p:nvSpPr><p:spPr><a:xfrm><a:off x="1942208" y="4103663"/><a:ext cx="2363700" cy="491700"/></a:xfrm><a:prstGeom prst="rect"><a:avLst/></a:prstGeom></p:spPr><p:txBody><a:bodyPr spcFirstLastPara="1" wrap="square" lIns="91425" tIns="91425" rIns="91425" bIns="91425" anchor="t" anchorCtr="0"><a:noAutofit/></a:bodyPr><a:lstStyle><a:lvl1pPr lvl="0" algn="ctr" rtl="0"><a:lnSpc><a:spcPct val="100000"/></a:lnSpc><a:spcBef><a:spcPts val="0"/></a:spcBef><a:spcAft><a:spcPts val="0"/></a:spcAft><a:buSzPts val="2800"/><a:buNone/><a:defRPr sz="1400" b="0"><a:solidFill><a:schemeClr val="dk1"/></a:solidFill></a:defRPr></a:lvl1pPr><a:lvl2pPr lvl="1" algn="ctr" rtl="0"><a:lnSpc><a:spcPct val="100000"/></a:lnSpc><a:spcBef><a:spcPts val="0"/></a:spcBef><a:spcAft><a:spcPts val="0"/></a:spcAft><a:buSzPts val="2800"/><a:buNone/><a:defRPr sz="2800"/></a:lvl2pPr><a:lvl3pPr lvl="2" algn="ctr" rtl="0"><a:lnSpc><a:spcPct val="100000"/></a:lnSpc><a:spcBef><a:spcPts val="0"/></a:spcBef><a:spcAft><a:spcPts val="0"/></a:spcAft><a:buSzPts val="2800"/><a:buNone/><a:defRPr sz="2800"/></a:lvl3pPr><a:lvl4pPr lvl="3" algn="ctr" rtl="0"><a:lnSpc><a:spcPct val="100000"/></a:lnSpc><a:spcBef><a:spcPts val="0"/></a:spcBef><a:spcAft><a:spcPts val="0"/></a:spcAft><a:buSzPts val="2800"/><a:buNone/><a:defRPr sz="2800"/></a:lvl4pPr><a:lvl5pPr lvl="4" algn="ctr" rtl="0"><a:lnSpc><a:spcPct val="100000"/></a:lnSpc><a:spcBef><a:spcPts val="0"/></a:spcBef><a:spcAft><a:spcPts val="0"/></a:spcAft><a:buSzPts val="2800"/><a:buNone/><a:defRPr sz="2800"/></a:lvl5pPr><a:lvl6pPr lvl="5" algn="ctr" rtl="0"><a:lnSpc><a:spcPct val="100000"/></a:lnSpc><a:spcBef><a:spcPts val="0"/></a:spcBef><a:spcAft><a:spcPts val="0"/></a:spcAft><a:buSzPts val="2800"/><a:buNone/><a:defRPr sz="2800"/></a:lvl6pPr><a:lvl7pPr lvl="6" algn="ctr" rtl="0"><a:lnSpc><a:spcPct val="100000"/></a:lnSpc><a:spcBef><a:spcPts val="0"/></a:spcBef><a:spcAft><a:spcPts val="0"/></a:spcAft><a:buSzPts val="2800"/><a:buNone/><a:defRPr sz="2800"/></a:lvl7pPr><a:lvl8pPr lvl="7" algn="ctr" rtl="0"><a:lnSpc><a:spcPct val="100000"/></a:lnSpc><a:spcBef><a:spcPts val="0"/></a:spcBef><a:spcAft><a:spcPts val="0"/></a:spcAft><a:buSzPts val="2800"/><a:buNone/><a:defRPr sz="2800"/></a:lvl8pPr><a:lvl9pPr lvl="8" algn="ctr" rtl="0"><a:lnSpc><a:spcPct val="100000"/></a:lnSpc><a:spcBef><a:spcPts val="0"/></a:spcBef><a:spcAft><a:spcPts val="0"/></a:spcAft><a:buSzPts val="2800"/><a:buNone/><a:defRPr sz="2800"/></a:lvl9pPr></a:lstStyle><a:p><a:endParaRPr/></a:p></p:txBody></p:sp><p:sp><p:nvSpPr><p:cNvPr id="149" name="Google Shape;149;p22"/><p:cNvSpPr txBox="1"><a:spLocks noGrp="1"/></p:cNvSpPr><p:nvPr><p:ph type="subTitle" idx="2"/></p:nvPr></p:nvSpPr><p:spPr><a:xfrm><a:off x="4831583" y="4103663"/><a:ext cx="2363700" cy="491700"/></a:xfrm><a:prstGeom prst="rect"><a:avLst/></a:prstGeom></p:spPr><p:txBody><a:bodyPr spcFirstLastPara="1" wrap="square" lIns="91425" tIns="91425" rIns="91425" bIns="91425" anchor="t" anchorCtr="0"><a:noAutofit/></a:bodyPr><a:lstStyle><a:lvl1pPr lvl="0" algn="ctr" rtl="0"><a:lnSpc><a:spcPct val="100000"/></a:lnSpc><a:spcBef><a:spcPts val="0"/></a:spcBef><a:spcAft><a:spcPts val="0"/></a:spcAft><a:buSzPts val="2800"/><a:buNone/><a:defRPr sz="1400" b="0"><a:solidFill><a:schemeClr val="dk1"/></a:solidFill></a:defRPr></a:lvl1pPr><a:lvl2pPr lvl="1" algn="ctr" rtl="0"><a:lnSpc><a:spcPct val="100000"/></a:lnSpc><a:spcBef><a:spcPts val="0"/></a:spcBef><a:spcAft><a:spcPts val="0"/></a:spcAft><a:buSzPts val="2800"/><a:buNone/><a:defRPr sz="2800"/></a:lvl2pPr><a:lvl3pPr lvl="2" algn="ctr" rtl="0"><a:lnSpc><a:spcPct val="100000"/></a:lnSpc><a:spcBef><a:spcPts val="0"/></a:spcBef><a:spcAft><a:spcPts val="0"/></a:spcAft><a:buSzPts val="2800"/><a:buNone/><a:defRPr sz="2800"/></a:lvl3pPr><a:lvl4pPr lvl="3" algn="ctr" rtl="0"><a:lnSpc><a:spcPct val="100000"/></a:lnSpc><a:spcBef><a:spcPts val="0"/></a:spcBef><a:spcAft><a:spcPts val="0"/></a:spcAft><a:buSzPts val="2800"/><a:buNone/><a:defRPr sz="2800"/></a:lvl4pPr><a:lvl5pPr lvl="4" algn="ctr" rtl="0"><a:lnSpc><a:spcPct val="100000"/></a:lnSpc><a:spcBef><a:spcPts val="0"/></a:spcBef><a:spcAft><a:spcPts val="0"/></a:spcAft><a:buSzPts val="2800"/><a:buNone/><a:defRPr sz="2800"/></a:lvl5pPr><a:lvl6pPr lvl="5" algn="ctr" rtl="0"><a:lnSpc><a:spcPct val="100000"/></a:lnSpc><a:spcBef><a:spcPts val="0"/></a:spcBef><a:spcAft><a:spcPts val="0"/></a:spcAft><a:buSzPts val="2800"/><a:buNone/><a:defRPr sz="2800"/></a:lvl6pPr><a:lvl7pPr lvl="6" algn="ctr" rtl="0"><a:lnSpc><a:spcPct val="100000"/></a:lnSpc><a:spcBef><a:spcPts val="0"/></a:spcBef><a:spcAft><a:spcPts val="0"/></a:spcAft><a:buSzPts val="2800"/><a:buNone/><a:defRPr sz="2800"/></a:lvl7pPr><a:lvl8pPr lvl="7" algn="ctr" rtl="0"><a:lnSpc><a:spcPct val="100000"/></a:lnSpc><a:spcBef><a:spcPts val="0"/></a:spcBef><a:spcAft><a:spcPts val="0"/></a:spcAft><a:buSzPts val="2800"/><a:buNone/><a:defRPr sz="2800"/></a:lvl8pPr><a:lvl9pPr lvl="8" algn="ctr" rtl="0"><a:lnSpc><a:spcPct val="100000"/></a:lnSpc><a:spcBef><a:spcPts val="0"/></a:spcBef><a:spcAft><a:spcPts val="0"/></a:spcAft><a:buSzPts val="2800"/><a:buNone/><a:defRPr sz="2800"/></a:lvl9pPr></a:lstStyle><a:p><a:endParaRPr/></a:p></p:txBody></p:sp><p:sp><p:nvSpPr><p:cNvPr id="150" name="Google Shape;150;p22"/><p:cNvSpPr txBox="1"><a:spLocks noGrp="1"/></p:cNvSpPr><p:nvPr><p:ph type="title" hasCustomPrompt="1"/></p:nvPr></p:nvSpPr><p:spPr><a:xfrm><a:off x="2348913" y="1496639"/><a:ext cx="1549800" cy="676800"/></a:xfrm><a:prstGeom prst="rect"><a:avLst/></a:prstGeom></p:spPr><p:txBody><a:bodyPr spcFirstLastPara="1" wrap="square" lIns="91425" tIns="91425" rIns="91425" bIns="91425" anchor="b" anchorCtr="0"><a:noAutofit/></a:bodyPr><a:lstStyle><a:lvl1pPr lvl="0" algn="ctr" rtl="0"><a:spcBef><a:spcPts val="0"/></a:spcBef><a:spcAft><a:spcPts val="0"/></a:spcAft><a:buSzPts val="4400"/><a:buNone/><a:defRPr sz="4400"><a:solidFill><a:schemeClr val="dk1"/></a:solidFill></a:defRPr></a:lvl1pPr><a:lvl2pPr lvl="1" algn="ctr" rtl="0"><a:spcBef><a:spcPts val="0"/></a:spcBef><a:spcAft><a:spcPts val="0"/></a:spcAft><a:buSzPts val="12000"/><a:buNone/><a:defRPr sz="12000"/></a:lvl2pPr><a:lvl3pPr lvl="2" algn="ctr" rtl="0"><a:spcBef><a:spcPts val="0"/></a:spcBef><a:spcAft><a:spcPts val="0"/></a:spcAft><a:buSzPts val="12000"/><a:buNone/><a:defRPr sz="12000"/></a:lvl3pPr><a:lvl4pPr lvl="3" algn="ctr" rtl="0"><a:spcBef><a:spcPts val="0"/></a:spcBef><a:spcAft><a:spcPts val="0"/></a:spcAft><a:buSzPts val="12000"/><a:buNone/><a:defRPr sz="12000"/></a:lvl4pPr><a:lvl5pPr lvl="4" algn="ctr" rtl="0"><a:spcBef><a:spcPts val="0"/></a:spcBef><a:spcAft><a:spcPts val="0"/></a:spcAft><a:buSzPts val="12000"/><a:buNone/><a:defRPr sz="12000"/></a:lvl5pPr><a:lvl6pPr lvl="5" algn="ctr" rtl="0"><a:spcBef><a:spcPts val="0"/></a:spcBef><a:spcAft><a:spcPts val="0"/></a:spcAft><a:buSzPts val="12000"/><a:buNone/><a:defRPr sz="12000"/></a:lvl6pPr><a:lvl7pPr lvl="6" algn="ctr" rtl="0"><a:spcBef><a:spcPts val="0"/></a:spcBef><a:spcAft><a:spcPts val="0"/></a:spcAft><a:buSzPts val="12000"/><a:buNone/><a:defRPr sz="12000"/></a:lvl7pPr><a:lvl8pPr lvl="7" algn="ctr" rtl="0"><a:spcBef><a:spcPts val="0"/></a:spcBef><a:spcAft><a:spcPts val="0"/></a:spcAft><a:buSzPts val="12000"/><a:buNone/><a:defRPr sz="12000"/></a:lvl8pPr><a:lvl9pPr lvl="8" algn="ctr" rtl="0"><a:spcBef><a:spcPts val="0"/></a:spcBef><a:spcAft><a:spcPts val="0"/></a:spcAft><a:buSzPts val="12000"/><a:buNone/><a:defRPr sz="12000"/></a:lvl9pPr></a:lstStyle><a:p><a:r><a:t>xx%</a:t></a:r></a:p></p:txBody></p:sp><p:sp><p:nvSpPr><p:cNvPr id="151" name="Google Shape;151;p22"/><p:cNvSpPr txBox="1"><a:spLocks noGrp="1"/></p:cNvSpPr><p:nvPr><p:ph type="title" idx="3" hasCustomPrompt="1"/></p:nvPr></p:nvSpPr><p:spPr><a:xfrm><a:off x="5242306" y="1529228"/><a:ext cx="1549800" cy="641700"/></a:xfrm><a:prstGeom prst="rect"><a:avLst/></a:prstGeom></p:spPr><p:txBody><a:bodyPr spcFirstLastPara="1" wrap="square" lIns="91425" tIns="91425" rIns="91425" bIns="91425" anchor="b" anchorCtr="0"><a:noAutofit/></a:bodyPr><a:lstStyle><a:lvl1pPr lvl="0" algn="ctr" rtl="0"><a:spcBef><a:spcPts val="0"/></a:spcBef><a:spcAft><a:spcPts val="0"/></a:spcAft><a:buSzPts val="4400"/><a:buNone/><a:defRPr sz="4400"><a:solidFill><a:schemeClr val="dk1"/></a:solidFill></a:defRPr></a:lvl1pPr><a:lvl2pPr lvl="1" algn="ctr" rtl="0"><a:spcBef><a:spcPts val="0"/></a:spcBef><a:spcAft><a:spcPts val="0"/></a:spcAft><a:buSzPts val="12000"/><a:buNone/><a:defRPr sz="12000"/></a:lvl2pPr><a:lvl3pPr lvl="2" algn="ctr" rtl="0"><a:spcBef><a:spcPts val="0"/></a:spcBef><a:spcAft><a:spcPts val="0"/></a:spcAft><a:buSzPts val="12000"/><a:buNone/><a:defRPr sz="12000"/></a:lvl3pPr><a:lvl4pPr lvl="3" algn="ctr" rtl="0"><a:spcBef><a:spcPts val="0"/></a:spcBef><a:spcAft><a:spcPts val="0"/></a:spcAft><a:buSzPts val="12000"/><a:buNone/><a:defRPr sz="12000"/></a:lvl4pPr><a:lvl5pPr lvl="4" algn="ctr" rtl="0"><a:spcBef><a:spcPts val="0"/></a:spcBef><a:spcAft><a:spcPts val="0"/></a:spcAft><a:buSzPts val="12000"/><a:buNone/><a:defRPr sz="12000"/></a:lvl5pPr><a:lvl6pPr lvl="5" algn="ctr" rtl="0"><a:spcBef><a:spcPts val="0"/></a:spcBef><a:spcAft><a:spcPts val="0"/></a:spcAft><a:buSzPts val="12000"/><a:buNone/><a:defRPr sz="12000"/></a:lvl6pPr><a:lvl7pPr lvl="6" algn="ctr" rtl="0"><a:spcBef><a:spcPts val="0"/></a:spcBef><a:spcAft><a:spcPts val="0"/></a:spcAft><a:buSzPts val="12000"/><a:buNone/><a:defRPr sz="12000"/></a:lvl7pPr><a:lvl8pPr lvl="7" algn="ctr" rtl="0"><a:spcBef><a:spcPts val="0"/></a:spcBef><a:spcAft><a:spcPts val="0"/></a:spcAft><a:buSzPts val="12000"/><a:buNone/><a:defRPr sz="12000"/></a:lvl8pPr><a:lvl9pPr lvl="8" algn="ctr" rtl="0"><a:spcBef><a:spcPts val="0"/></a:spcBef><a:spcAft><a:spcPts val="0"/></a:spcAft><a:buSzPts val="12000"/><a:buNone/><a:defRPr sz="12000"/></a:lvl9pPr></a:lstStyle><a:p><a:r><a:t>xx%</a:t></a:r></a:p></p:txBody></p:sp><p:sp><p:nvSpPr><p:cNvPr id="152" name="Google Shape;152;p22"/><p:cNvSpPr txBox="1"><a:spLocks noGrp="1"/></p:cNvSpPr><p:nvPr><p:ph type="title" idx="4" hasCustomPrompt="1"/></p:nvPr></p:nvSpPr><p:spPr><a:xfrm><a:off x="2349156" y="3227857"/><a:ext cx="1549800" cy="641700"/></a:xfrm><a:prstGeom prst="rect"><a:avLst/></a:prstGeom></p:spPr><p:txBody><a:bodyPr spcFirstLastPara="1" wrap="square" lIns="91425" tIns="91425" rIns="91425" bIns="91425" anchor="b" anchorCtr="0"><a:noAutofit/></a:bodyPr><a:lstStyle><a:lvl1pPr lvl="0" algn="ctr" rtl="0"><a:spcBef><a:spcPts val="0"/></a:spcBef><a:spcAft><a:spcPts val="0"/></a:spcAft><a:buSzPts val="4400"/><a:buNone/><a:defRPr sz="4400"><a:solidFill><a:schemeClr val="dk1"/></a:solidFill></a:defRPr></a:lvl1pPr><a:lvl2pPr lvl="1" algn="ctr" rtl="0"><a:spcBef><a:spcPts val="0"/></a:spcBef><a:spcAft><a:spcPts val="0"/></a:spcAft><a:buSzPts val="12000"/><a:buNone/><a:defRPr sz="12000"/></a:lvl2pPr><a:lvl3pPr lvl="2" algn="ctr" rtl="0"><a:spcBef><a:spcPts val="0"/></a:spcBef><a:spcAft><a:spcPts val="0"/></a:spcAft><a:buSzPts val="12000"/><a:buNone/><a:defRPr sz="12000"/></a:lvl3pPr><a:lvl4pPr lvl="3" algn="ctr" rtl="0"><a:spcBef><a:spcPts val="0"/></a:spcBef><a:spcAft><a:spcPts val="0"/></a:spcAft><a:buSzPts val="12000"/><a:buNone/><a:defRPr sz="12000"/></a:lvl4pPr><a:lvl5pPr lvl="4" algn="ctr" rtl="0"><a:spcBef><a:spcPts val="0"/></a:spcBef><a:spcAft><a:spcPts val="0"/></a:spcAft><a:buSzPts val="12000"/><a:buNone/><a:defRPr sz="12000"/></a:lvl5pPr><a:lvl6pPr lvl="5" algn="ctr" rtl="0"><a:spcBef><a:spcPts val="0"/></a:spcBef><a:spcAft><a:spcPts val="0"/></a:spcAft><a:buSzPts val="12000"/><a:buNone/><a:defRPr sz="12000"/></a:lvl6pPr><a:lvl7pPr lvl="6" algn="ctr" rtl="0"><a:spcBef><a:spcPts val="0"/></a:spcBef><a:spcAft><a:spcPts val="0"/></a:spcAft><a:buSzPts val="12000"/><a:buNone/><a:defRPr sz="12000"/></a:lvl7pPr><a:lvl8pPr lvl="7" algn="ctr" rtl="0"><a:spcBef><a:spcPts val="0"/></a:spcBef><a:spcAft><a:spcPts val="0"/></a:spcAft><a:buSzPts val="12000"/><a:buNone/><a:defRPr sz="12000"/></a:lvl8pPr><a:lvl9pPr lvl="8" algn="ctr" rtl="0"><a:spcBef><a:spcPts val="0"/></a:spcBef><a:spcAft><a:spcPts val="0"/></a:spcAft><a:buSzPts val="12000"/><a:buNone/><a:defRPr sz="12000"/></a:lvl9pPr></a:lstStyle><a:p><a:r><a:t>xx%</a:t></a:r></a:p></p:txBody></p:sp><p:sp><p:nvSpPr><p:cNvPr id="153" name="Google Shape;153;p22"/><p:cNvSpPr txBox="1"><a:spLocks noGrp="1"/></p:cNvSpPr><p:nvPr><p:ph type="title" idx="5" hasCustomPrompt="1"/></p:nvPr></p:nvSpPr><p:spPr><a:xfrm><a:off x="5242549" y="3227857"/><a:ext cx="1549800" cy="641700"/></a:xfrm><a:prstGeom prst="rect"><a:avLst/></a:prstGeom></p:spPr><p:txBody><a:bodyPr spcFirstLastPara="1" wrap="square" lIns="91425" tIns="91425" rIns="91425" bIns="91425" anchor="b" anchorCtr="0"><a:noAutofit/></a:bodyPr><a:lstStyle><a:lvl1pPr lvl="0" algn="ctr" rtl="0"><a:spcBef><a:spcPts val="0"/></a:spcBef><a:spcAft><a:spcPts val="0"/></a:spcAft><a:buSzPts val="4400"/><a:buNone/><a:defRPr sz="4400"><a:solidFill><a:schemeClr val="dk1"/></a:solidFill></a:defRPr></a:lvl1pPr><a:lvl2pPr lvl="1" algn="ctr" rtl="0"><a:spcBef><a:spcPts val="0"/></a:spcBef><a:spcAft><a:spcPts val="0"/></a:spcAft><a:buSzPts val="12000"/><a:buNone/><a:defRPr sz="12000"/></a:lvl2pPr><a:lvl3pPr lvl="2" algn="ctr" rtl="0"><a:spcBef><a:spcPts val="0"/></a:spcBef><a:spcAft><a:spcPts val="0"/></a:spcAft><a:buSzPts val="12000"/><a:buNone/><a:defRPr sz="12000"/></a:lvl3pPr><a:lvl4pPr lvl="3" algn="ctr" rtl="0"><a:spcBef><a:spcPts val="0"/></a:spcBef><a:spcAft><a:spcPts val="0"/></a:spcAft><a:buSzPts val="12000"/><a:buNone/><a:defRPr sz="12000"/></a:lvl4pPr><a:lvl5pPr lvl="4" algn="ctr" rtl="0"><a:spcBef><a:spcPts val="0"/></a:spcBef><a:spcAft><a:spcPts val="0"/></a:spcAft><a:buSzPts val="12000"/><a:buNone/><a:defRPr sz="12000"/></a:lvl5pPr><a:lvl6pPr lvl="5" algn="ctr" rtl="0"><a:spcBef><a:spcPts val="0"/></a:spcBef><a:spcAft><a:spcPts val="0"/></a:spcAft><a:buSzPts val="12000"/><a:buNone/><a:defRPr sz="12000"/></a:lvl6pPr><a:lvl7pPr lvl="6" algn="ctr" rtl="0"><a:spcBef><a:spcPts val="0"/></a:spcBef><a:spcAft><a:spcPts val="0"/></a:spcAft><a:buSzPts val="12000"/><a:buNone/><a:defRPr sz="12000"/></a:lvl7pPr><a:lvl8pPr lvl="7" algn="ctr" rtl="0"><a:spcBef><a:spcPts val="0"/></a:spcBef><a:spcAft><a:spcPts val="0"/></a:spcAft><a:buSzPts val="12000"/><a:buNone/><a:defRPr sz="12000"/></a:lvl8pPr><a:lvl9pPr lvl="8" algn="ctr" rtl="0"><a:spcBef><a:spcPts val="0"/></a:spcBef><a:spcAft><a:spcPts val="0"/></a:spcAft><a:buSzPts val="12000"/><a:buNone/><a:defRPr sz="12000"/></a:lvl9pPr></a:lstStyle><a:p><a:r><a:t>xx%</a:t></a:r></a:p></p:txBody></p:sp><p:sp><p:nvSpPr><p:cNvPr id="154" name="Google Shape;154;p22"/><p:cNvSpPr txBox="1"><a:spLocks noGrp="1"/></p:cNvSpPr><p:nvPr><p:ph type="subTitle" idx="6"/></p:nvPr></p:nvSpPr><p:spPr><a:xfrm><a:off x="1822938" y="1975720"/><a:ext cx="2602200" cy="360000"/></a:xfrm><a:prstGeom prst="rect"><a:avLst/></a:prstGeom></p:spPr><p:txBody><a:bodyPr spcFirstLastPara="1" wrap="square" lIns="91425" tIns="91425" rIns="91425" bIns="91425" anchor="t" anchorCtr="0"><a:noAutofit/></a:bodyPr><a:lstStyle><a:lvl1pPr lvl="0" algn="ctr" rtl="0"><a:lnSpc><a:spcPct val="100000"/></a:lnSpc><a:spcBef><a:spcPts val="0"/></a:spcBef><a:spcAft><a:spcPts val="0"/></a:spcAft><a:buNone/><a:defRPr sz="2500"><a:solidFill><a:schemeClr val="accent1"/></a:solidFill><a:latin typeface="Just Another Hand"/><a:ea typeface="Just Another Hand"/><a:cs typeface="Just Another Hand"/><a:sym typeface="Just Another Hand"/></a:defRPr></a:lvl1pPr><a:lvl2pPr lvl="1" algn="ctr" rtl="0"><a:lnSpc><a:spcPct val="100000"/></a:lnSpc><a:spcBef><a:spcPts val="0"/></a:spcBef><a:spcAft><a:spcPts val="0"/></a:spcAft><a:buNone/><a:defRPr sz="2500"><a:solidFill><a:schemeClr val="accent1"/></a:solidFill><a:latin typeface="Just Another Hand"/><a:ea typeface="Just Another Hand"/><a:cs typeface="Just Another Hand"/><a:sym typeface="Just Another Hand"/></a:defRPr></a:lvl2pPr><a:lvl3pPr lvl="2" algn="ctr" rtl="0"><a:lnSpc><a:spcPct val="100000"/></a:lnSpc><a:spcBef><a:spcPts val="0"/></a:spcBef><a:spcAft><a:spcPts val="0"/></a:spcAft><a:buNone/><a:defRPr sz="2500"><a:solidFill><a:schemeClr val="accent1"/></a:solidFill><a:latin typeface="Just Another Hand"/><a:ea typeface="Just Another Hand"/><a:cs typeface="Just Another Hand"/><a:sym typeface="Just Another Hand"/></a:defRPr></a:lvl3pPr><a:lvl4pPr lvl="3" algn="ctr" rtl="0"><a:lnSpc><a:spcPct val="100000"/></a:lnSpc><a:spcBef><a:spcPts val="0"/></a:spcBef><a:spcAft><a:spcPts val="0"/></a:spcAft><a:buNone/><a:defRPr sz="2500"><a:solidFill><a:schemeClr val="accent1"/></a:solidFill><a:latin typeface="Just Another Hand"/><a:ea typeface="Just Another Hand"/><a:cs typeface="Just Another Hand"/><a:sym typeface="Just Another Hand"/></a:defRPr></a:lvl4pPr><a:lvl5pPr lvl="4" algn="ctr" rtl="0"><a:lnSpc><a:spcPct val="100000"/></a:lnSpc><a:spcBef><a:spcPts val="0"/></a:spcBef><a:spcAft><a:spcPts val="0"/></a:spcAft><a:buNone/><a:defRPr sz="2500"><a:solidFill><a:schemeClr val="accent1"/></a:solidFill><a:latin typeface="Just Another Hand"/><a:ea typeface="Just Another Hand"/><a:cs typeface="Just Another Hand"/><a:sym typeface="Just Another Hand"/></a:defRPr></a:lvl5pPr><a:lvl6pPr lvl="5" algn="ctr" rtl="0"><a:lnSpc><a:spcPct val="100000"/></a:lnSpc><a:spcBef><a:spcPts val="0"/></a:spcBef><a:spcAft><a:spcPts val="0"/></a:spcAft><a:buNone/><a:defRPr sz="2500"><a:solidFill><a:schemeClr val="accent1"/></a:solidFill><a:latin typeface="Just Another Hand"/><a:ea typeface="Just Another Hand"/><a:cs typeface="Just Another Hand"/><a:sym typeface="Just Another Hand"/></a:defRPr></a:lvl6pPr><a:lvl7pPr lvl="6" algn="ctr" rtl="0"><a:lnSpc><a:spcPct val="100000"/></a:lnSpc><a:spcBef><a:spcPts val="0"/></a:spcBef><a:spcAft><a:spcPts val="0"/></a:spcAft><a:buNone/><a:defRPr sz="2500"><a:solidFill><a:schemeClr val="accent1"/></a:solidFill><a:latin typeface="Just Another Hand"/><a:ea typeface="Just Another Hand"/><a:cs typeface="Just Another Hand"/><a:sym typeface="Just Another Hand"/></a:defRPr></a:lvl7pPr><a:lvl8pPr lvl="7" algn="ctr" rtl="0"><a:lnSpc><a:spcPct val="100000"/></a:lnSpc><a:spcBef><a:spcPts val="0"/></a:spcBef><a:spcAft><a:spcPts val="0"/></a:spcAft><a:buNone/><a:defRPr sz="2500"><a:solidFill><a:schemeClr val="accent1"/></a:solidFill><a:latin typeface="Just Another Hand"/><a:ea typeface="Just Another Hand"/><a:cs typeface="Just Another Hand"/><a:sym typeface="Just Another Hand"/></a:defRPr></a:lvl8pPr><a:lvl9pPr lvl="8" algn="ctr" rtl="0"><a:lnSpc><a:spcPct val="100000"/></a:lnSpc><a:spcBef><a:spcPts val="0"/></a:spcBef><a:spcAft><a:spcPts val="0"/></a:spcAft><a:buNone/><a:defRPr sz="2500"><a:solidFill><a:schemeClr val="accent1"/></a:solidFill><a:latin typeface="Just Another Hand"/><a:ea typeface="Just Another Hand"/><a:cs typeface="Just Another Hand"/><a:sym typeface="Just Another Hand"/></a:defRPr></a:lvl9pPr></a:lstStyle><a:p><a:endParaRPr/></a:p></p:txBody></p:sp><p:sp><p:nvSpPr><p:cNvPr id="155" name="Google Shape;155;p22"/><p:cNvSpPr txBox="1"><a:spLocks noGrp="1"/></p:cNvSpPr><p:nvPr><p:ph type="subTitle" idx="7"/></p:nvPr></p:nvSpPr><p:spPr><a:xfrm><a:off x="4743438" y="1975720"/><a:ext cx="2540100" cy="360000"/></a:xfrm><a:prstGeom prst="rect"><a:avLst/></a:prstGeom></p:spPr><p:txBody><a:bodyPr spcFirstLastPara="1" wrap="square" lIns="91425" tIns="91425" rIns="91425" bIns="91425" anchor="t" anchorCtr="0"><a:noAutofit/></a:bodyPr><a:lstStyle><a:lvl1pPr lvl="0" algn="ctr" rtl="0"><a:lnSpc><a:spcPct val="100000"/></a:lnSpc><a:spcBef><a:spcPts val="0"/></a:spcBef><a:spcAft><a:spcPts val="0"/></a:spcAft><a:buNone/><a:defRPr sz="2500"><a:solidFill><a:schemeClr val="accent1"/></a:solidFill><a:latin typeface="Just Another Hand"/><a:ea typeface="Just Another Hand"/><a:cs typeface="Just Another Hand"/><a:sym typeface="Just Another Hand"/></a:defRPr></a:lvl1pPr><a:lvl2pPr lvl="1" algn="ctr" rtl="0"><a:lnSpc><a:spcPct val="100000"/></a:lnSpc><a:spcBef><a:spcPts val="0"/></a:spcBef><a:spcAft><a:spcPts val="0"/></a:spcAft><a:buNone/><a:defRPr sz="2500"><a:solidFill><a:schemeClr val="accent1"/></a:solidFill><a:latin typeface="Just Another Hand"/><a:ea typeface="Just Another Hand"/><a:cs typeface="Just Another Hand"/><a:sym typeface="Just Another Hand"/></a:defRPr></a:lvl2pPr><a:lvl3pPr lvl="2" algn="ctr" rtl="0"><a:lnSpc><a:spcPct val="100000"/></a:lnSpc><a:spcBef><a:spcPts val="0"/></a:spcBef><a:spcAft><a:spcPts val="0"/></a:spcAft><a:buNone/><a:defRPr sz="2500"><a:solidFill><a:schemeClr val="accent1"/></a:solidFill><a:latin typeface="Just Another Hand"/><a:ea typeface="Just Another Hand"/><a:cs typeface="Just Another Hand"/><a:sym typeface="Just Another Hand"/></a:defRPr></a:lvl3pPr><a:lvl4pPr lvl="3" algn="ctr" rtl="0"><a:lnSpc><a:spcPct val="100000"/></a:lnSpc><a:spcBef><a:spcPts val="0"/></a:spcBef><a:spcAft><a:spcPts val="0"/></a:spcAft><a:buNone/><a:defRPr sz="2500"><a:solidFill><a:schemeClr val="accent1"/></a:solidFill><a:latin typeface="Just Another Hand"/><a:ea typeface="Just Another Hand"/><a:cs typeface="Just Another Hand"/><a:sym typeface="Just Another Hand"/></a:defRPr></a:lvl4pPr><a:lvl5pPr lvl="4" algn="ctr" rtl="0"><a:lnSpc><a:spcPct val="100000"/></a:lnSpc><a:spcBef><a:spcPts val="0"/></a:spcBef><a:spcAft><a:spcPts val="0"/></a:spcAft><a:buNone/><a:defRPr sz="2500"><a:solidFill><a:schemeClr val="accent1"/></a:solidFill><a:latin typeface="Just Another Hand"/><a:ea typeface="Just Another Hand"/><a:cs typeface="Just Another Hand"/><a:sym typeface="Just Another Hand"/></a:defRPr></a:lvl5pPr><a:lvl6pPr lvl="5" algn="ctr" rtl="0"><a:lnSpc><a:spcPct val="100000"/></a:lnSpc><a:spcBef><a:spcPts val="0"/></a:spcBef><a:spcAft><a:spcPts val="0"/></a:spcAft><a:buNone/><a:defRPr sz="2500"><a:solidFill><a:schemeClr val="accent1"/></a:solidFill><a:latin typeface="Just Another Hand"/><a:ea typeface="Just Another Hand"/><a:cs typeface="Just Another Hand"/><a:sym typeface="Just Another Hand"/></a:defRPr></a:lvl6pPr><a:lvl7pPr lvl="6" algn="ctr" rtl="0"><a:lnSpc><a:spcPct val="100000"/></a:lnSpc><a:spcBef><a:spcPts val="0"/></a:spcBef><a:spcAft><a:spcPts val="0"/></a:spcAft><a:buNone/><a:defRPr sz="2500"><a:solidFill><a:schemeClr val="accent1"/></a:solidFill><a:latin typeface="Just Another Hand"/><a:ea typeface="Just Another Hand"/><a:cs typeface="Just Another Hand"/><a:sym typeface="Just Another Hand"/></a:defRPr></a:lvl7pPr><a:lvl8pPr lvl="7" algn="ctr" rtl="0"><a:lnSpc><a:spcPct val="100000"/></a:lnSpc><a:spcBef><a:spcPts val="0"/></a:spcBef><a:spcAft><a:spcPts val="0"/></a:spcAft><a:buNone/><a:defRPr sz="2500"><a:solidFill><a:schemeClr val="accent1"/></a:solidFill><a:latin typeface="Just Another Hand"/><a:ea typeface="Just Another Hand"/><a:cs typeface="Just Another Hand"/><a:sym typeface="Just Another Hand"/></a:defRPr></a:lvl8pPr><a:lvl9pPr lvl="8" algn="ctr" rtl="0"><a:lnSpc><a:spcPct val="100000"/></a:lnSpc><a:spcBef><a:spcPts val="0"/></a:spcBef><a:spcAft><a:spcPts val="0"/></a:spcAft><a:buNone/><a:defRPr sz="2500"><a:solidFill><a:schemeClr val="accent1"/></a:solidFill><a:latin typeface="Just Another Hand"/><a:ea typeface="Just Another Hand"/><a:cs typeface="Just Another Hand"/><a:sym typeface="Just Another Hand"/></a:defRPr></a:lvl9pPr></a:lstStyle><a:p><a:endParaRPr/></a:p></p:txBody></p:sp><p:sp><p:nvSpPr><p:cNvPr id="156" name="Google Shape;156;p22"/><p:cNvSpPr txBox="1"><a:spLocks noGrp="1"/></p:cNvSpPr><p:nvPr><p:ph type="subTitle" idx="8"/></p:nvPr></p:nvSpPr><p:spPr><a:xfrm><a:off x="4719863" y="3678413"/><a:ext cx="2602200" cy="360000"/></a:xfrm><a:prstGeom prst="rect"><a:avLst/></a:prstGeom></p:spPr><p:txBody><a:bodyPr spcFirstLastPara="1" wrap="square" lIns="91425" tIns="91425" rIns="91425" bIns="91425" anchor="t" anchorCtr="0"><a:noAutofit/></a:bodyPr><a:lstStyle><a:lvl1pPr lvl="0" algn="ctr" rtl="0"><a:lnSpc><a:spcPct val="100000"/></a:lnSpc><a:spcBef><a:spcPts val="0"/></a:spcBef><a:spcAft><a:spcPts val="0"/></a:spcAft><a:buNone/><a:defRPr sz="2500"><a:solidFill><a:schemeClr val="accent1"/></a:solidFill><a:latin typeface="Just Another Hand"/><a:ea typeface="Just Another Hand"/><a:cs typeface="Just Another Hand"/><a:sym typeface="Just Another Hand"/></a:defRPr></a:lvl1pPr><a:lvl2pPr lvl="1" algn="ctr" rtl="0"><a:lnSpc><a:spcPct val="100000"/></a:lnSpc><a:spcBef><a:spcPts val="0"/></a:spcBef><a:spcAft><a:spcPts val="0"/></a:spcAft><a:buNone/><a:defRPr sz="2500"><a:solidFill><a:schemeClr val="accent1"/></a:solidFill><a:latin typeface="Just Another Hand"/><a:ea typeface="Just Another Hand"/><a:cs typeface="Just Another Hand"/><a:sym typeface="Just Another Hand"/></a:defRPr></a:lvl2pPr><a:lvl3pPr lvl="2" algn="ctr" rtl="0"><a:lnSpc><a:spcPct val="100000"/></a:lnSpc><a:spcBef><a:spcPts val="0"/></a:spcBef><a:spcAft><a:spcPts val="0"/></a:spcAft><a:buNone/><a:defRPr sz="2500"><a:solidFill><a:schemeClr val="accent1"/></a:solidFill><a:latin typeface="Just Another Hand"/><a:ea typeface="Just Another Hand"/><a:cs typeface="Just Another Hand"/><a:sym typeface="Just Another Hand"/></a:defRPr></a:lvl3pPr><a:lvl4pPr lvl="3" algn="ctr" rtl="0"><a:lnSpc><a:spcPct val="100000"/></a:lnSpc><a:spcBef><a:spcPts val="0"/></a:spcBef><a:spcAft><a:spcPts val="0"/></a:spcAft><a:buNone/><a:defRPr sz="2500"><a:solidFill><a:schemeClr val="accent1"/></a:solidFill><a:latin typeface="Just Another Hand"/><a:ea typeface="Just Another Hand"/><a:cs typeface="Just Another Hand"/><a:sym typeface="Just Another Hand"/></a:defRPr></a:lvl4pPr><a:lvl5pPr lvl="4" algn="ctr" rtl="0"><a:lnSpc><a:spcPct val="100000"/></a:lnSpc><a:spcBef><a:spcPts val="0"/></a:spcBef><a:spcAft><a:spcPts val="0"/></a:spcAft><a:buNone/><a:defRPr sz="2500"><a:solidFill><a:schemeClr val="accent1"/></a:solidFill><a:latin typeface="Just Another Hand"/><a:ea typeface="Just Another Hand"/><a:cs typeface="Just Another Hand"/><a:sym typeface="Just Another Hand"/></a:defRPr></a:lvl5pPr><a:lvl6pPr lvl="5" algn="ctr" rtl="0"><a:lnSpc><a:spcPct val="100000"/></a:lnSpc><a:spcBef><a:spcPts val="0"/></a:spcBef><a:spcAft><a:spcPts val="0"/></a:spcAft><a:buNone/><a:defRPr sz="2500"><a:solidFill><a:schemeClr val="accent1"/></a:solidFill><a:latin typeface="Just Another Hand"/><a:ea typeface="Just Another Hand"/><a:cs typeface="Just Another Hand"/><a:sym typeface="Just Another Hand"/></a:defRPr></a:lvl6pPr><a:lvl7pPr lvl="6" algn="ctr" rtl="0"><a:lnSpc><a:spcPct val="100000"/></a:lnSpc><a:spcBef><a:spcPts val="0"/></a:spcBef><a:spcAft><a:spcPts val="0"/></a:spcAft><a:buNone/><a:defRPr sz="2500"><a:solidFill><a:schemeClr val="accent1"/></a:solidFill><a:latin typeface="Just Another Hand"/><a:ea typeface="Just Another Hand"/><a:cs typeface="Just Another Hand"/><a:sym typeface="Just Another Hand"/></a:defRPr></a:lvl7pPr><a:lvl8pPr lvl="7" algn="ctr" rtl="0"><a:lnSpc><a:spcPct val="100000"/></a:lnSpc><a:spcBef><a:spcPts val="0"/></a:spcBef><a:spcAft><a:spcPts val="0"/></a:spcAft><a:buNone/><a:defRPr sz="2500"><a:solidFill><a:schemeClr val="accent1"/></a:solidFill><a:latin typeface="Just Another Hand"/><a:ea typeface="Just Another Hand"/><a:cs typeface="Just Another Hand"/><a:sym typeface="Just Another Hand"/></a:defRPr></a:lvl8pPr><a:lvl9pPr lvl="8" algn="ctr" rtl="0"><a:lnSpc><a:spcPct val="100000"/></a:lnSpc><a:spcBef><a:spcPts val="0"/></a:spcBef><a:spcAft><a:spcPts val="0"/></a:spcAft><a:buNone/><a:defRPr sz="2500"><a:solidFill><a:schemeClr val="accent1"/></a:solidFill><a:latin typeface="Just Another Hand"/><a:ea typeface="Just Another Hand"/><a:cs typeface="Just Another Hand"/><a:sym typeface="Just Another Hand"/></a:defRPr></a:lvl9pPr></a:lstStyle><a:p><a:endParaRPr/></a:p></p:txBody></p:sp><p:sp><p:nvSpPr><p:cNvPr id="157" name="Google Shape;157;p22"/><p:cNvSpPr txBox="1"><a:spLocks noGrp="1"/></p:cNvSpPr><p:nvPr><p:ph type="subTitle" idx="9"/></p:nvPr></p:nvSpPr><p:spPr><a:xfrm><a:off x="1941183" y="2398042"/><a:ext cx="2363700" cy="491700"/></a:xfrm><a:prstGeom prst="rect"><a:avLst/></a:prstGeom></p:spPr><p:txBody><a:bodyPr spcFirstLastPara="1" wrap="square" lIns="91425" tIns="91425" rIns="91425" bIns="91425" anchor="t" anchorCtr="0"><a:noAutofit/></a:bodyPr><a:lstStyle><a:lvl1pPr lvl="0" algn="ctr" rtl="0"><a:lnSpc><a:spcPct val="100000"/></a:lnSpc><a:spcBef><a:spcPts val="0"/></a:spcBef><a:spcAft><a:spcPts val="0"/></a:spcAft><a:buSzPts val="2800"/><a:buNone/><a:defRPr sz="1400" b="0"><a:solidFill><a:schemeClr val="dk1"/></a:solidFill></a:defRPr></a:lvl1pPr><a:lvl2pPr lvl="1" algn="ctr" rtl="0"><a:lnSpc><a:spcPct val="100000"/></a:lnSpc><a:spcBef><a:spcPts val="0"/></a:spcBef><a:spcAft><a:spcPts val="0"/></a:spcAft><a:buSzPts val="2800"/><a:buNone/><a:defRPr sz="2800"/></a:lvl2pPr><a:lvl3pPr lvl="2" algn="ctr" rtl="0"><a:lnSpc><a:spcPct val="100000"/></a:lnSpc><a:spcBef><a:spcPts val="0"/></a:spcBef><a:spcAft><a:spcPts val="0"/></a:spcAft><a:buSzPts val="2800"/><a:buNone/><a:defRPr sz="2800"/></a:lvl3pPr><a:lvl4pPr lvl="3" algn="ctr" rtl="0"><a:lnSpc><a:spcPct val="100000"/></a:lnSpc><a:spcBef><a:spcPts val="0"/></a:spcBef><a:spcAft><a:spcPts val="0"/></a:spcAft><a:buSzPts val="2800"/><a:buNone/><a:defRPr sz="2800"/></a:lvl4pPr><a:lvl5pPr lvl="4" algn="ctr" rtl="0"><a:lnSpc><a:spcPct val="100000"/></a:lnSpc><a:spcBef><a:spcPts val="0"/></a:spcBef><a:spcAft><a:spcPts val="0"/></a:spcAft><a:buSzPts val="2800"/><a:buNone/><a:defRPr sz="2800"/></a:lvl5pPr><a:lvl6pPr lvl="5" algn="ctr" rtl="0"><a:lnSpc><a:spcPct val="100000"/></a:lnSpc><a:spcBef><a:spcPts val="0"/></a:spcBef><a:spcAft><a:spcPts val="0"/></a:spcAft><a:buSzPts val="2800"/><a:buNone/><a:defRPr sz="2800"/></a:lvl6pPr><a:lvl7pPr lvl="6" algn="ctr" rtl="0"><a:lnSpc><a:spcPct val="100000"/></a:lnSpc><a:spcBef><a:spcPts val="0"/></a:spcBef><a:spcAft><a:spcPts val="0"/></a:spcAft><a:buSzPts val="2800"/><a:buNone/><a:defRPr sz="2800"/></a:lvl7pPr><a:lvl8pPr lvl="7" algn="ctr" rtl="0"><a:lnSpc><a:spcPct val="100000"/></a:lnSpc><a:spcBef><a:spcPts val="0"/></a:spcBef><a:spcAft><a:spcPts val="0"/></a:spcAft><a:buSzPts val="2800"/><a:buNone/><a:defRPr sz="2800"/></a:lvl8pPr><a:lvl9pPr lvl="8" algn="ctr" rtl="0"><a:lnSpc><a:spcPct val="100000"/></a:lnSpc><a:spcBef><a:spcPts val="0"/></a:spcBef><a:spcAft><a:spcPts val="0"/></a:spcAft><a:buSzPts val="2800"/><a:buNone/><a:defRPr sz="2800"/></a:lvl9pPr></a:lstStyle><a:p><a:endParaRPr/></a:p></p:txBody></p:sp><p:sp><p:nvSpPr><p:cNvPr id="158" name="Google Shape;158;p22"/><p:cNvSpPr txBox="1"><a:spLocks noGrp="1"/></p:cNvSpPr><p:nvPr><p:ph type="subTitle" idx="13"/></p:nvPr></p:nvSpPr><p:spPr><a:xfrm><a:off x="4835583" y="2398042"/><a:ext cx="2363700" cy="491700"/></a:xfrm><a:prstGeom prst="rect"><a:avLst/></a:prstGeom></p:spPr><p:txBody><a:bodyPr spcFirstLastPara="1" wrap="square" lIns="91425" tIns="91425" rIns="91425" bIns="91425" anchor="t" anchorCtr="0"><a:noAutofit/></a:bodyPr><a:lstStyle><a:lvl1pPr lvl="0" algn="ctr" rtl="0"><a:lnSpc><a:spcPct val="100000"/></a:lnSpc><a:spcBef><a:spcPts val="0"/></a:spcBef><a:spcAft><a:spcPts val="0"/></a:spcAft><a:buSzPts val="2800"/><a:buNone/><a:defRPr sz="1400" b="0"><a:solidFill><a:schemeClr val="dk1"/></a:solidFill></a:defRPr></a:lvl1pPr><a:lvl2pPr lvl="1" algn="ctr" rtl="0"><a:lnSpc><a:spcPct val="100000"/></a:lnSpc><a:spcBef><a:spcPts val="0"/></a:spcBef><a:spcAft><a:spcPts val="0"/></a:spcAft><a:buSzPts val="2800"/><a:buNone/><a:defRPr sz="2800"/></a:lvl2pPr><a:lvl3pPr lvl="2" algn="ctr" rtl="0"><a:lnSpc><a:spcPct val="100000"/></a:lnSpc><a:spcBef><a:spcPts val="0"/></a:spcBef><a:spcAft><a:spcPts val="0"/></a:spcAft><a:buSzPts val="2800"/><a:buNone/><a:defRPr sz="2800"/></a:lvl3pPr><a:lvl4pPr lvl="3" algn="ctr" rtl="0"><a:lnSpc><a:spcPct val="100000"/></a:lnSpc><a:spcBef><a:spcPts val="0"/></a:spcBef><a:spcAft><a:spcPts val="0"/></a:spcAft><a:buSzPts val="2800"/><a:buNone/><a:defRPr sz="2800"/></a:lvl4pPr><a:lvl5pPr lvl="4" algn="ctr" rtl="0"><a:lnSpc><a:spcPct val="100000"/></a:lnSpc><a:spcBef><a:spcPts val="0"/></a:spcBef><a:spcAft><a:spcPts val="0"/></a:spcAft><a:buSzPts val="2800"/><a:buNone/><a:defRPr sz="2800"/></a:lvl5pPr><a:lvl6pPr lvl="5" algn="ctr" rtl="0"><a:lnSpc><a:spcPct val="100000"/></a:lnSpc><a:spcBef><a:spcPts val="0"/></a:spcBef><a:spcAft><a:spcPts val="0"/></a:spcAft><a:buSzPts val="2800"/><a:buNone/><a:defRPr sz="2800"/></a:lvl6pPr><a:lvl7pPr lvl="6" algn="ctr" rtl="0"><a:lnSpc><a:spcPct val="100000"/></a:lnSpc><a:spcBef><a:spcPts val="0"/></a:spcBef><a:spcAft><a:spcPts val="0"/></a:spcAft><a:buSzPts val="2800"/><a:buNone/><a:defRPr sz="2800"/></a:lvl7pPr><a:lvl8pPr lvl="7" algn="ctr" rtl="0"><a:lnSpc><a:spcPct val="100000"/></a:lnSpc><a:spcBef><a:spcPts val="0"/></a:spcBef><a:spcAft><a:spcPts val="0"/></a:spcAft><a:buSzPts val="2800"/><a:buNone/><a:defRPr sz="2800"/></a:lvl8pPr><a:lvl9pPr lvl="8" algn="ctr" rtl="0"><a:lnSpc><a:spcPct val="100000"/></a:lnSpc><a:spcBef><a:spcPts val="0"/></a:spcBef><a:spcAft><a:spcPts val="0"/></a:spcAft><a:buSzPts val="2800"/><a:buNone/><a:defRPr sz="2800"/></a:lvl9pPr></a:lstStyle><a:p><a:endParaRPr/></a:p></p:txBody></p:sp><p:sp><p:nvSpPr><p:cNvPr id="159" name="Google Shape;159;p22"/><p:cNvSpPr txBox="1"><a:spLocks noGrp="1"/></p:cNvSpPr><p:nvPr><p:ph type="subTitle" idx="14"/></p:nvPr></p:nvSpPr><p:spPr><a:xfrm><a:off x="1821938" y="3678413"/><a:ext cx="2602200" cy="360000"/></a:xfrm><a:prstGeom prst="rect"><a:avLst/></a:prstGeom></p:spPr><p:txBody><a:bodyPr spcFirstLastPara="1" wrap="square" lIns="91425" tIns="91425" rIns="91425" bIns="91425" anchor="t" anchorCtr="0"><a:noAutofit/></a:bodyPr><a:lstStyle><a:lvl1pPr lvl="0" algn="ctr" rtl="0"><a:lnSpc><a:spcPct val="100000"/></a:lnSpc><a:spcBef><a:spcPts val="0"/></a:spcBef><a:spcAft><a:spcPts val="0"/></a:spcAft><a:buNone/><a:defRPr sz="2500"><a:solidFill><a:schemeClr val="accent1"/></a:solidFill><a:latin typeface="Just Another Hand"/><a:ea typeface="Just Another Hand"/><a:cs typeface="Just Another Hand"/><a:sym typeface="Just Another Hand"/></a:defRPr></a:lvl1pPr><a:lvl2pPr lvl="1" algn="ctr" rtl="0"><a:lnSpc><a:spcPct val="100000"/></a:lnSpc><a:spcBef><a:spcPts val="0"/></a:spcBef><a:spcAft><a:spcPts val="0"/></a:spcAft><a:buNone/><a:defRPr sz="2500"><a:solidFill><a:schemeClr val="accent1"/></a:solidFill><a:latin typeface="Just Another Hand"/><a:ea typeface="Just Another Hand"/><a:cs typeface="Just Another Hand"/><a:sym typeface="Just Another Hand"/></a:defRPr></a:lvl2pPr><a:lvl3pPr lvl="2" algn="ctr" rtl="0"><a:lnSpc><a:spcPct val="100000"/></a:lnSpc><a:spcBef><a:spcPts val="0"/></a:spcBef><a:spcAft><a:spcPts val="0"/></a:spcAft><a:buNone/><a:defRPr sz="2500"><a:solidFill><a:schemeClr val="accent1"/></a:solidFill><a:latin typeface="Just Another Hand"/><a:ea typeface="Just Another Hand"/><a:cs typeface="Just Another Hand"/><a:sym typeface="Just Another Hand"/></a:defRPr></a:lvl3pPr><a:lvl4pPr lvl="3" algn="ctr" rtl="0"><a:lnSpc><a:spcPct val="100000"/></a:lnSpc><a:spcBef><a:spcPts val="0"/></a:spcBef><a:spcAft><a:spcPts val="0"/></a:spcAft><a:buNone/><a:defRPr sz="2500"><a:solidFill><a:schemeClr val="accent1"/></a:solidFill><a:latin typeface="Just Another Hand"/><a:ea typeface="Just Another Hand"/><a:cs typeface="Just Another Hand"/><a:sym typeface="Just Another Hand"/></a:defRPr></a:lvl4pPr><a:lvl5pPr lvl="4" algn="ctr" rtl="0"><a:lnSpc><a:spcPct val="100000"/></a:lnSpc><a:spcBef><a:spcPts val="0"/></a:spcBef><a:spcAft><a:spcPts val="0"/></a:spcAft><a:buNone/><a:defRPr sz="2500"><a:solidFill><a:schemeClr val="accent1"/></a:solidFill><a:latin typeface="Just Another Hand"/><a:ea typeface="Just Another Hand"/><a:cs typeface="Just Another Hand"/><a:sym typeface="Just Another Hand"/></a:defRPr></a:lvl5pPr><a:lvl6pPr lvl="5" algn="ctr" rtl="0"><a:lnSpc><a:spcPct val="100000"/></a:lnSpc><a:spcBef><a:spcPts val="0"/></a:spcBef><a:spcAft><a:spcPts val="0"/></a:spcAft><a:buNone/><a:defRPr sz="2500"><a:solidFill><a:schemeClr val="accent1"/></a:solidFill><a:latin typeface="Just Another Hand"/><a:ea typeface="Just Another Hand"/><a:cs typeface="Just Another Hand"/><a:sym typeface="Just Another Hand"/></a:defRPr></a:lvl6pPr><a:lvl7pPr lvl="6" algn="ctr" rtl="0"><a:lnSpc><a:spcPct val="100000"/></a:lnSpc><a:spcBef><a:spcPts val="0"/></a:spcBef><a:spcAft><a:spcPts val="0"/></a:spcAft><a:buNone/><a:defRPr sz="2500"><a:solidFill><a:schemeClr val="accent1"/></a:solidFill><a:latin typeface="Just Another Hand"/><a:ea typeface="Just Another Hand"/><a:cs typeface="Just Another Hand"/><a:sym typeface="Just Another Hand"/></a:defRPr></a:lvl7pPr><a:lvl8pPr lvl="7" algn="ctr" rtl="0"><a:lnSpc><a:spcPct val="100000"/></a:lnSpc><a:spcBef><a:spcPts val="0"/></a:spcBef><a:spcAft><a:spcPts val="0"/></a:spcAft><a:buNone/><a:defRPr sz="2500"><a:solidFill><a:schemeClr val="accent1"/></a:solidFill><a:latin typeface="Just Another Hand"/><a:ea typeface="Just Another Hand"/><a:cs typeface="Just Another Hand"/><a:sym typeface="Just Another Hand"/></a:defRPr></a:lvl8pPr><a:lvl9pPr lvl="8" algn="ctr" rtl="0"><a:lnSpc><a:spcPct val="100000"/></a:lnSpc><a:spcBef><a:spcPts val="0"/></a:spcBef><a:spcAft><a:spcPts val="0"/></a:spcAft><a:buNone/><a:defRPr sz="2500"><a:solidFill><a:schemeClr val="accent1"/></a:solidFill><a:latin typeface="Just Another Hand"/><a:ea typeface="Just Another Hand"/><a:cs typeface="Just Another Hand"/><a:sym typeface="Just Another Hand"/></a:defRPr></a:lvl9pPr></a:lstStyle><a:p><a:endParaRPr/></a:p></p:txBody></p:sp><p:sp><p:nvSpPr><p:cNvPr id="160" name="Google Shape;160;p22"/><p:cNvSpPr txBox="1"><a:spLocks noGrp="1"/></p:cNvSpPr><p:nvPr><p:ph type="title" idx="15"/></p:nvPr></p:nvSpPr><p:spPr><a:xfrm><a:off x="583849" y="485000"/><a:ext cx="7968600" cy="572700"/></a:xfrm><a:prstGeom prst="rect"><a:avLst/></a:prstGeom></p:spPr><p:txBody><a:bodyPr spcFirstLastPara="1" wrap="square" lIns="91425" tIns="91425" rIns="91425" bIns="91425" anchor="t" anchorCtr="0"><a:noAutofit/></a:bodyPr><a:lstStyle><a:lvl1pPr lvl="0" rtl="0"><a:spcBef><a:spcPts val="0"/></a:spcBef><a:spcAft><a:spcPts val="0"/></a:spcAft><a:buSzPts val="4000"/><a:buNone/><a:defRPr/></a:lvl1pPr><a:lvl2pPr lvl="1" rtl="0"><a:spcBef><a:spcPts val="0"/></a:spcBef><a:spcAft><a:spcPts val="0"/></a:spcAft><a:buSzPts val="2400"/><a:buNone/><a:defRPr sz="2400"/></a:lvl2pPr><a:lvl3pPr lvl="2" rtl="0"><a:spcBef><a:spcPts val="0"/></a:spcBef><a:spcAft><a:spcPts val="0"/></a:spcAft><a:buSzPts val="2400"/><a:buNone/><a:defRPr sz="2400"/></a:lvl3pPr><a:lvl4pPr lvl="3" rtl="0"><a:spcBef><a:spcPts val="0"/></a:spcBef><a:spcAft><a:spcPts val="0"/></a:spcAft><a:buSzPts val="2400"/><a:buNone/><a:defRPr sz="2400"/></a:lvl4pPr><a:lvl5pPr lvl="4" rtl="0"><a:spcBef><a:spcPts val="0"/></a:spcBef><a:spcAft><a:spcPts val="0"/></a:spcAft><a:buSzPts val="2400"/><a:buNone/><a:defRPr sz="2400"/></a:lvl5pPr><a:lvl6pPr lvl="5" rtl="0"><a:spcBef><a:spcPts val="0"/></a:spcBef><a:spcAft><a:spcPts val="0"/></a:spcAft><a:buSzPts val="2400"/><a:buNone/><a:defRPr sz="2400"/></a:lvl6pPr><a:lvl7pPr lvl="6" rtl="0"><a:spcBef><a:spcPts val="0"/></a:spcBef><a:spcAft><a:spcPts val="0"/></a:spcAft><a:buSzPts val="2400"/><a:buNone/><a:defRPr sz="2400"/></a:lvl7pPr><a:lvl8pPr lvl="7" rtl="0"><a:spcBef><a:spcPts val="0"/></a:spcBef><a:spcAft><a:spcPts val="0"/></a:spcAft><a:buSzPts val="2400"/><a:buNone/><a:defRPr sz="2400"/></a:lvl8pPr><a:lvl9pPr lvl="8" rtl="0"><a:spcBef><a:spcPts val="0"/></a:spcBef><a:spcAft><a:spcPts val="0"/></a:spcAft><a:buSzPts val="2400"/><a:buNone/><a:defRPr sz="2400"/></a:lvl9pPr></a:lstStyle><a:p><a:endParaRPr/></a:p></p:txBody></p:sp><p:sp><p:nvSpPr><p:cNvPr id="161" name="Google Shape;161;p22"/><p:cNvSpPr/><p:nvPr/></p:nvSpPr><p:spPr><a:xfrm rot="395521"><a:off x="5106136" y="-114285"/><a:ext cx="4323649" cy="2396077"/></a:xfrm><a:custGeom><a:avLst/><a:gdLst/><a:ahLst/><a:cxnLst/><a:rect l="l" t="t" r="r" b="b"/><a:pathLst><a:path w="172944" h="95842" extrusionOk="0"><a:moveTo><a:pt x="1494" y="0"/></a:moveTo><a:cubicBezTo><a:pt x="-221" y="10291"/><a:pt x="-1267" y="21910"/><a:pt x="3399" y="31242"/></a:cubicBezTo><a:cubicBezTo><a:pt x="7085" y="38614"/><a:pt x="15914" y="43231"/><a:pt x="23973" y="44958"/></a:cubicBezTo><a:cubicBezTo><a:pt x="35431" y="47413"/><a:pt x="47909" y="45996"/><a:pt x="59025" y="42291"/></a:cubicBezTo><a:cubicBezTo><a:pt x="70906" y="38331"/><a:pt x="84992" y="32852"/><a:pt x="96363" y="38100"/></a:cubicBezTo><a:cubicBezTo><a:pt x="101993" y="40699"/><a:pt x="108830" y="43222"/><a:pt x="111603" y="48768"/></a:cubicBezTo><a:cubicBezTo><a:pt x="117194" y="59949"/><a:pt x="117022" y="74145"/><a:pt x="124938" y="83820"/></a:cubicBezTo><a:cubicBezTo><a:pt x="135133" y="96281"/><a:pt x="161559" y="100539"/><a:pt x="172944" y="89154"/></a:cubicBezTo></a:path></a:pathLst></a:custGeom><a:noFill/><a:ln w="38100" cap="flat" cmpd="sng"><a:solidFill><a:schemeClr val="accent4"/></a:solidFill><a:prstDash val="dash"/><a:round/><a:headEnd type="none" w="med" len="med"/><a:tailEnd type="none" w="med" len="med"/></a:ln></p:spPr></p:sp></p:spTree></p:cSld><p:clrMapOvr><a:masterClrMapping/></p:clrMapOvr></p:sldLayout>