<?xml version="1.0" encoding="UTF-8" standalone="yes"?>
<p:sldLayout xmlns:a="http://schemas.openxmlformats.org/drawingml/2006/main" xmlns:r="http://schemas.openxmlformats.org/officeDocument/2006/relationships" xmlns:p="http://schemas.openxmlformats.org/presentationml/2006/main" matchingName="Two Columns 1"><p:cSld name="CUSTOM_7"><p:spTree><p:nvGrpSpPr><p:cNvPr id="1" name="Shape 132"/><p:cNvGrpSpPr/><p:nvPr/></p:nvGrpSpPr><p:grpSpPr><a:xfrm><a:off x="0" y="0"/><a:ext cx="0" cy="0"/><a:chOff x="0" y="0"/><a:chExt cx="0" cy="0"/></a:xfrm></p:grpSpPr><p:sp><p:nvSpPr><p:cNvPr id="133" name="Google Shape;133;p20"/><p:cNvSpPr txBox="1"><a:spLocks noGrp="1"/></p:cNvSpPr><p:nvPr><p:ph type="title"/></p:nvPr></p:nvSpPr><p:spPr><a:xfrm><a:off x="606525" y="490123"/><a:ext cx="7919100" cy="572700"/></a:xfrm><a:prstGeom prst="rect"><a:avLst/></a:prstGeom></p:spPr><p:txBody><a:bodyPr spcFirstLastPara="1" wrap="square" lIns="91425" tIns="91425" rIns="91425" bIns="91425" anchor="t" anchorCtr="0"><a:noAutofit/></a:bodyPr><a:lstStyle><a:lvl1pPr lvl="0" algn="ctr" rtl="0"><a:spcBef><a:spcPts val="0"/></a:spcBef><a:spcAft><a:spcPts val="0"/></a:spcAft><a:buSzPts val="4000"/><a:buNone/><a:defRPr/></a:lvl1pPr><a:lvl2pPr lvl="1" rtl="0"><a:spcBef><a:spcPts val="0"/></a:spcBef><a:spcAft><a:spcPts val="0"/></a:spcAft><a:buSzPts val="3800"/><a:buNone/><a:defRPr/></a:lvl2pPr><a:lvl3pPr lvl="2" rtl="0"><a:spcBef><a:spcPts val="0"/></a:spcBef><a:spcAft><a:spcPts val="0"/></a:spcAft><a:buSzPts val="3800"/><a:buNone/><a:defRPr/></a:lvl3pPr><a:lvl4pPr lvl="3" rtl="0"><a:spcBef><a:spcPts val="0"/></a:spcBef><a:spcAft><a:spcPts val="0"/></a:spcAft><a:buSzPts val="3800"/><a:buNone/><a:defRPr/></a:lvl4pPr><a:lvl5pPr lvl="4" rtl="0"><a:spcBef><a:spcPts val="0"/></a:spcBef><a:spcAft><a:spcPts val="0"/></a:spcAft><a:buSzPts val="3800"/><a:buNone/><a:defRPr/></a:lvl5pPr><a:lvl6pPr lvl="5" rtl="0"><a:spcBef><a:spcPts val="0"/></a:spcBef><a:spcAft><a:spcPts val="0"/></a:spcAft><a:buSzPts val="3800"/><a:buNone/><a:defRPr/></a:lvl6pPr><a:lvl7pPr lvl="6" rtl="0"><a:spcBef><a:spcPts val="0"/></a:spcBef><a:spcAft><a:spcPts val="0"/></a:spcAft><a:buSzPts val="3800"/><a:buNone/><a:defRPr/></a:lvl7pPr><a:lvl8pPr lvl="7" rtl="0"><a:spcBef><a:spcPts val="0"/></a:spcBef><a:spcAft><a:spcPts val="0"/></a:spcAft><a:buSzPts val="3800"/><a:buNone/><a:defRPr/></a:lvl8pPr><a:lvl9pPr lvl="8" rtl="0"><a:spcBef><a:spcPts val="0"/></a:spcBef><a:spcAft><a:spcPts val="0"/></a:spcAft><a:buSzPts val="3800"/><a:buNone/><a:defRPr/></a:lvl9pPr></a:lstStyle><a:p><a:endParaRPr/></a:p></p:txBody></p:sp><p:sp><p:nvSpPr><p:cNvPr id="134" name="Google Shape;134;p20"/><p:cNvSpPr txBox="1"><a:spLocks noGrp="1"/></p:cNvSpPr><p:nvPr><p:ph type="title" idx="2"/></p:nvPr></p:nvSpPr><p:spPr><a:xfrm><a:off x="2169300" y="1709600"/><a:ext cx="2121900" cy="572700"/></a:xfrm><a:prstGeom prst="rect"><a:avLst/></a:prstGeom><a:solidFill><a:schemeClr val="accent4"/></a:solidFill></p:spPr><p:txBody><a:bodyPr spcFirstLastPara="1" wrap="square" lIns="91425" tIns="91425" rIns="91425" bIns="91425" anchor="ctr" anchorCtr="0"><a:noAutofit/></a:bodyPr><a:lstStyle><a:lvl1pPr lvl="0" algn="ctr" rtl="0"><a:spcBef><a:spcPts val="0"/></a:spcBef><a:spcAft><a:spcPts val="0"/></a:spcAft><a:buSzPts val="1800"/><a:buNone/><a:defRPr sz="3000"><a:solidFill><a:schemeClr val="lt1"/></a:solidFill></a:defRPr></a:lvl1pPr><a:lvl2pPr lvl="1" algn="ctr" rtl="0"><a:spcBef><a:spcPts val="0"/></a:spcBef><a:spcAft><a:spcPts val="0"/></a:spcAft><a:buSzPts val="3800"/><a:buNone/><a:defRPr/></a:lvl2pPr><a:lvl3pPr lvl="2" algn="ctr" rtl="0"><a:spcBef><a:spcPts val="0"/></a:spcBef><a:spcAft><a:spcPts val="0"/></a:spcAft><a:buSzPts val="3800"/><a:buNone/><a:defRPr/></a:lvl3pPr><a:lvl4pPr lvl="3" algn="ctr" rtl="0"><a:spcBef><a:spcPts val="0"/></a:spcBef><a:spcAft><a:spcPts val="0"/></a:spcAft><a:buSzPts val="3800"/><a:buNone/><a:defRPr/></a:lvl4pPr><a:lvl5pPr lvl="4" algn="ctr" rtl="0"><a:spcBef><a:spcPts val="0"/></a:spcBef><a:spcAft><a:spcPts val="0"/></a:spcAft><a:buSzPts val="3800"/><a:buNone/><a:defRPr/></a:lvl5pPr><a:lvl6pPr lvl="5" algn="ctr" rtl="0"><a:spcBef><a:spcPts val="0"/></a:spcBef><a:spcAft><a:spcPts val="0"/></a:spcAft><a:buSzPts val="3800"/><a:buNone/><a:defRPr/></a:lvl6pPr><a:lvl7pPr lvl="6" algn="ctr" rtl="0"><a:spcBef><a:spcPts val="0"/></a:spcBef><a:spcAft><a:spcPts val="0"/></a:spcAft><a:buSzPts val="3800"/><a:buNone/><a:defRPr/></a:lvl7pPr><a:lvl8pPr lvl="7" algn="ctr" rtl="0"><a:spcBef><a:spcPts val="0"/></a:spcBef><a:spcAft><a:spcPts val="0"/></a:spcAft><a:buSzPts val="3800"/><a:buNone/><a:defRPr/></a:lvl8pPr><a:lvl9pPr lvl="8" algn="ctr" rtl="0"><a:spcBef><a:spcPts val="0"/></a:spcBef><a:spcAft><a:spcPts val="0"/></a:spcAft><a:buSzPts val="3800"/><a:buNone/><a:defRPr/></a:lvl9pPr></a:lstStyle><a:p><a:endParaRPr/></a:p></p:txBody></p:sp><p:sp><p:nvSpPr><p:cNvPr id="135" name="Google Shape;135;p20"/><p:cNvSpPr txBox="1"><a:spLocks noGrp="1"/></p:cNvSpPr><p:nvPr><p:ph type="subTitle" idx="1"/></p:nvPr></p:nvSpPr><p:spPr><a:xfrm><a:off x="2169300" y="2571751"/><a:ext cx="2121900" cy="1200900"/></a:xfrm><a:prstGeom prst="rect"><a:avLst/></a:prstGeom><a:solidFill><a:schemeClr val="accent4"/></a:solidFill></p:spPr><p:txBody><a:bodyPr spcFirstLastPara="1" wrap="square" lIns="91425" tIns="91425" rIns="91425" bIns="91425" anchor="b" anchorCtr="0"><a:noAutofit/></a:bodyPr><a:lstStyle><a:lvl1pPr lvl="0" algn="ctr" rtl="0"><a:lnSpc><a:spcPct val="100000"/></a:lnSpc><a:spcBef><a:spcPts val="0"/></a:spcBef><a:spcAft><a:spcPts val="0"/></a:spcAft><a:buSzPts val="1400"/><a:buNone/><a:defRPr sz="1400"><a:solidFill><a:schemeClr val="lt1"/></a:solidFill></a:defRPr></a:lvl1pPr><a:lvl2pPr lvl="1" algn="ctr" rtl="0"><a:lnSpc><a:spcPct val="100000"/></a:lnSpc><a:spcBef><a:spcPts val="1600"/></a:spcBef><a:spcAft><a:spcPts val="0"/></a:spcAft><a:buSzPts val="1400"/><a:buNone/><a:defRPr/></a:lvl2pPr><a:lvl3pPr lvl="2" algn="ctr" rtl="0"><a:lnSpc><a:spcPct val="100000"/></a:lnSpc><a:spcBef><a:spcPts val="0"/></a:spcBef><a:spcAft><a:spcPts val="0"/></a:spcAft><a:buSzPts val="1400"/><a:buNone/><a:defRPr/></a:lvl3pPr><a:lvl4pPr lvl="3" algn="ctr" rtl="0"><a:lnSpc><a:spcPct val="100000"/></a:lnSpc><a:spcBef><a:spcPts val="0"/></a:spcBef><a:spcAft><a:spcPts val="0"/></a:spcAft><a:buSzPts val="1400"/><a:buNone/><a:defRPr/></a:lvl4pPr><a:lvl5pPr lvl="4" algn="ctr" rtl="0"><a:lnSpc><a:spcPct val="100000"/></a:lnSpc><a:spcBef><a:spcPts val="0"/></a:spcBef><a:spcAft><a:spcPts val="0"/></a:spcAft><a:buSzPts val="1400"/><a:buNone/><a:defRPr/></a:lvl5pPr><a:lvl6pPr lvl="5" algn="ctr" rtl="0"><a:lnSpc><a:spcPct val="100000"/></a:lnSpc><a:spcBef><a:spcPts val="0"/></a:spcBef><a:spcAft><a:spcPts val="0"/></a:spcAft><a:buSzPts val="1400"/><a:buNone/><a:defRPr/></a:lvl6pPr><a:lvl7pPr lvl="6" algn="ctr" rtl="0"><a:lnSpc><a:spcPct val="100000"/></a:lnSpc><a:spcBef><a:spcPts val="0"/></a:spcBef><a:spcAft><a:spcPts val="0"/></a:spcAft><a:buSzPts val="1400"/><a:buNone/><a:defRPr/></a:lvl7pPr><a:lvl8pPr lvl="7" algn="ctr" rtl="0"><a:lnSpc><a:spcPct val="100000"/></a:lnSpc><a:spcBef><a:spcPts val="0"/></a:spcBef><a:spcAft><a:spcPts val="0"/></a:spcAft><a:buSzPts val="1400"/><a:buNone/><a:defRPr/></a:lvl8pPr><a:lvl9pPr lvl="8" algn="ctr" rtl="0"><a:lnSpc><a:spcPct val="100000"/></a:lnSpc><a:spcBef><a:spcPts val="0"/></a:spcBef><a:spcAft><a:spcPts val="0"/></a:spcAft><a:buSzPts val="1400"/><a:buNone/><a:defRPr/></a:lvl9pPr></a:lstStyle><a:p><a:endParaRPr/></a:p></p:txBody></p:sp><p:sp><p:nvSpPr><p:cNvPr id="136" name="Google Shape;136;p20"/><p:cNvSpPr txBox="1"><a:spLocks noGrp="1"/></p:cNvSpPr><p:nvPr><p:ph type="title" idx="3"/></p:nvPr></p:nvSpPr><p:spPr><a:xfrm><a:off x="4852800" y="2287746"/><a:ext cx="2121900" cy="572700"/></a:xfrm><a:prstGeom prst="rect"><a:avLst/></a:prstGeom><a:solidFill><a:schemeClr val="accent4"/></a:solidFill></p:spPr><p:txBody><a:bodyPr spcFirstLastPara="1" wrap="square" lIns="91425" tIns="91425" rIns="91425" bIns="91425" anchor="ctr" anchorCtr="0"><a:noAutofit/></a:bodyPr><a:lstStyle><a:lvl1pPr lvl="0" algn="ctr" rtl="0"><a:spcBef><a:spcPts val="0"/></a:spcBef><a:spcAft><a:spcPts val="0"/></a:spcAft><a:buSzPts val="1800"/><a:buNone/><a:defRPr sz="3000"><a:solidFill><a:schemeClr val="lt1"/></a:solidFill></a:defRPr></a:lvl1pPr><a:lvl2pPr lvl="1" algn="ctr" rtl="0"><a:spcBef><a:spcPts val="0"/></a:spcBef><a:spcAft><a:spcPts val="0"/></a:spcAft><a:buSzPts val="3800"/><a:buNone/><a:defRPr/></a:lvl2pPr><a:lvl3pPr lvl="2" algn="ctr" rtl="0"><a:spcBef><a:spcPts val="0"/></a:spcBef><a:spcAft><a:spcPts val="0"/></a:spcAft><a:buSzPts val="3800"/><a:buNone/><a:defRPr/></a:lvl3pPr><a:lvl4pPr lvl="3" algn="ctr" rtl="0"><a:spcBef><a:spcPts val="0"/></a:spcBef><a:spcAft><a:spcPts val="0"/></a:spcAft><a:buSzPts val="3800"/><a:buNone/><a:defRPr/></a:lvl4pPr><a:lvl5pPr lvl="4" algn="ctr" rtl="0"><a:spcBef><a:spcPts val="0"/></a:spcBef><a:spcAft><a:spcPts val="0"/></a:spcAft><a:buSzPts val="3800"/><a:buNone/><a:defRPr/></a:lvl5pPr><a:lvl6pPr lvl="5" algn="ctr" rtl="0"><a:spcBef><a:spcPts val="0"/></a:spcBef><a:spcAft><a:spcPts val="0"/></a:spcAft><a:buSzPts val="3800"/><a:buNone/><a:defRPr/></a:lvl6pPr><a:lvl7pPr lvl="6" algn="ctr" rtl="0"><a:spcBef><a:spcPts val="0"/></a:spcBef><a:spcAft><a:spcPts val="0"/></a:spcAft><a:buSzPts val="3800"/><a:buNone/><a:defRPr/></a:lvl7pPr><a:lvl8pPr lvl="7" algn="ctr" rtl="0"><a:spcBef><a:spcPts val="0"/></a:spcBef><a:spcAft><a:spcPts val="0"/></a:spcAft><a:buSzPts val="3800"/><a:buNone/><a:defRPr/></a:lvl8pPr><a:lvl9pPr lvl="8" algn="ctr" rtl="0"><a:spcBef><a:spcPts val="0"/></a:spcBef><a:spcAft><a:spcPts val="0"/></a:spcAft><a:buSzPts val="3800"/><a:buNone/><a:defRPr/></a:lvl9pPr></a:lstStyle><a:p><a:endParaRPr/></a:p></p:txBody></p:sp><p:sp><p:nvSpPr><p:cNvPr id="137" name="Google Shape;137;p20"/><p:cNvSpPr txBox="1"><a:spLocks noGrp="1"/></p:cNvSpPr><p:nvPr><p:ph type="subTitle" idx="4"/></p:nvPr></p:nvSpPr><p:spPr><a:xfrm><a:off x="4852800" y="3145917"/><a:ext cx="2121900" cy="1200900"/></a:xfrm><a:prstGeom prst="rect"><a:avLst/></a:prstGeom><a:solidFill><a:schemeClr val="accent4"/></a:solidFill></p:spPr><p:txBody><a:bodyPr spcFirstLastPara="1" wrap="square" lIns="91425" tIns="91425" rIns="91425" bIns="91425" anchor="b" anchorCtr="0"><a:noAutofit/></a:bodyPr><a:lstStyle><a:lvl1pPr lvl="0" algn="ctr" rtl="0"><a:lnSpc><a:spcPct val="100000"/></a:lnSpc><a:spcBef><a:spcPts val="0"/></a:spcBef><a:spcAft><a:spcPts val="0"/></a:spcAft><a:buSzPts val="1400"/><a:buNone/><a:defRPr sz="1400"><a:solidFill><a:schemeClr val="lt1"/></a:solidFill></a:defRPr></a:lvl1pPr><a:lvl2pPr lvl="1" algn="ctr" rtl="0"><a:lnSpc><a:spcPct val="100000"/></a:lnSpc><a:spcBef><a:spcPts val="1600"/></a:spcBef><a:spcAft><a:spcPts val="0"/></a:spcAft><a:buSzPts val="1400"/><a:buNone/><a:defRPr/></a:lvl2pPr><a:lvl3pPr lvl="2" algn="ctr" rtl="0"><a:lnSpc><a:spcPct val="100000"/></a:lnSpc><a:spcBef><a:spcPts val="0"/></a:spcBef><a:spcAft><a:spcPts val="0"/></a:spcAft><a:buSzPts val="1400"/><a:buNone/><a:defRPr/></a:lvl3pPr><a:lvl4pPr lvl="3" algn="ctr" rtl="0"><a:lnSpc><a:spcPct val="100000"/></a:lnSpc><a:spcBef><a:spcPts val="0"/></a:spcBef><a:spcAft><a:spcPts val="0"/></a:spcAft><a:buSzPts val="1400"/><a:buNone/><a:defRPr/></a:lvl4pPr><a:lvl5pPr lvl="4" algn="ctr" rtl="0"><a:lnSpc><a:spcPct val="100000"/></a:lnSpc><a:spcBef><a:spcPts val="0"/></a:spcBef><a:spcAft><a:spcPts val="0"/></a:spcAft><a:buSzPts val="1400"/><a:buNone/><a:defRPr/></a:lvl5pPr><a:lvl6pPr lvl="5" algn="ctr" rtl="0"><a:lnSpc><a:spcPct val="100000"/></a:lnSpc><a:spcBef><a:spcPts val="0"/></a:spcBef><a:spcAft><a:spcPts val="0"/></a:spcAft><a:buSzPts val="1400"/><a:buNone/><a:defRPr/></a:lvl6pPr><a:lvl7pPr lvl="6" algn="ctr" rtl="0"><a:lnSpc><a:spcPct val="100000"/></a:lnSpc><a:spcBef><a:spcPts val="0"/></a:spcBef><a:spcAft><a:spcPts val="0"/></a:spcAft><a:buSzPts val="1400"/><a:buNone/><a:defRPr/></a:lvl7pPr><a:lvl8pPr lvl="7" algn="ctr" rtl="0"><a:lnSpc><a:spcPct val="100000"/></a:lnSpc><a:spcBef><a:spcPts val="0"/></a:spcBef><a:spcAft><a:spcPts val="0"/></a:spcAft><a:buSzPts val="1400"/><a:buNone/><a:defRPr/></a:lvl8pPr><a:lvl9pPr lvl="8" algn="ctr" rtl="0"><a:lnSpc><a:spcPct val="100000"/></a:lnSpc><a:spcBef><a:spcPts val="0"/></a:spcBef><a:spcAft><a:spcPts val="0"/></a:spcAft><a:buSzPts val="1400"/><a:buNone/><a:defRPr/></a:lvl9pPr></a:lstStyle><a:p><a:endParaRPr/></a:p></p:txBody></p:sp><p:sp><p:nvSpPr><p:cNvPr id="138" name="Google Shape;138;p20"/><p:cNvSpPr/><p:nvPr/></p:nvSpPr><p:spPr><a:xfrm><a:off x="-190500" y="3736712"/><a:ext cx="2476500" cy="1511575"/></a:xfrm><a:custGeom><a:avLst/><a:gdLst/><a:ahLst/><a:cxnLst/><a:rect l="l" t="t" r="r" b="b"/><a:pathLst><a:path w="99060" h="60463" extrusionOk="0"><a:moveTo><a:pt x="0" y="5980"/></a:moveTo><a:cubicBezTo><a:pt x="12213" y="-3180"/><a:pt x="41145" y="-2222"/><a:pt x="45339" y="12457"/></a:cubicBezTo><a:cubicBezTo><a:pt x="46820" y="17641"/><a:pt x="45535" y="24944"/><a:pt x="41148" y="28078"/></a:cubicBezTo><a:cubicBezTo><a:pt x="39089" y="29549"/><a:pt x="35164" y="27989"/><a:pt x="33909" y="25792"/></a:cubicBezTo><a:cubicBezTo><a:pt x="32870" y="23973"/><a:pt x="33446" y="20358"/><a:pt x="35433" y="19696"/></a:cubicBezTo><a:cubicBezTo><a:pt x="43656" y="16955"/><a:pt x="54831" y="18520"/><a:pt x="60960" y="24649"/></a:cubicBezTo><a:cubicBezTo><a:pt x="69254" y="32943"/><a:pt x="72097" y="45692"/><a:pt x="80391" y="53986"/></a:cubicBezTo><a:cubicBezTo><a:pt x="85049" y="58644"/><a:pt x="93169" y="57517"/><a:pt x="99060" y="60463"/></a:cubicBezTo></a:path></a:pathLst></a:custGeom><a:noFill/><a:ln w="38100" cap="flat" cmpd="sng"><a:solidFill><a:schemeClr val="accent4"/></a:solidFill><a:prstDash val="dash"/><a:round/><a:headEnd type="none" w="med" len="med"/><a:tailEnd type="none" w="med" len="med"/></a:ln></p:spPr></p:sp><p:sp><p:nvSpPr><p:cNvPr id="139" name="Google Shape;139;p20"/><p:cNvSpPr/><p:nvPr/></p:nvSpPr><p:spPr><a:xfrm><a:off x="7923645" y="990600"/><a:ext cx="1382275" cy="2619375"/></a:xfrm><a:custGeom><a:avLst/><a:gdLst/><a:ahLst/><a:cxnLst/><a:rect l="l" t="t" r="r" b="b"/><a:pathLst><a:path w="55291" h="104775" extrusionOk="0"><a:moveTo><a:pt x="53767" y="0"/></a:moveTo><a:cubicBezTo><a:pt x="52109" y="11606"/><a:pt x="37989" y="19258"/><a:pt x="26716" y="22479"/></a:cubicBezTo><a:cubicBezTo><a:pt x="17320" y="25163"/><a:pt x="4147" y="27012"/><a:pt x="808" y="36195"/></a:cubicBezTo><a:cubicBezTo><a:pt x="-3391" y="47742"/><a:pt x="10039" y="59896"/><a:pt x="19096" y="68199"/></a:cubicBezTo><a:cubicBezTo><a:pt x="28194" y="76539"/><a:pt x="34372" y="87666"/><a:pt x="43099" y="96393"/></a:cubicBezTo><a:cubicBezTo><a:pt x="46586" y="99880"/><a:pt x="51804" y="101288"/><a:pt x="55291" y="104775"/></a:cubicBezTo></a:path></a:pathLst></a:custGeom><a:noFill/><a:ln w="38100" cap="flat" cmpd="sng"><a:solidFill><a:schemeClr val="accent4"/></a:solidFill><a:prstDash val="dash"/><a:round/><a:headEnd type="none" w="med" len="med"/><a:tailEnd type="none" w="med" len="med"/></a:ln></p:spPr></p:sp></p:spTree></p:cSld><p:clrMapOvr><a:masterClrMapping/></p:clrMapOvr></p:sldLayout>