<?xml version="1.0" encoding="UTF-8" standalone="yes"?>
<p:sldLayout xmlns:a="http://schemas.openxmlformats.org/drawingml/2006/main" xmlns:r="http://schemas.openxmlformats.org/officeDocument/2006/relationships" xmlns:p="http://schemas.openxmlformats.org/presentationml/2006/main" matchingName="Section header 1"><p:cSld name="CUSTOM_18"><p:bg><p:bgPr><a:solidFill><a:schemeClr val="accent2"/></a:solidFill><a:effectLst/></p:bgPr></p:bg><p:spTree><p:nvGrpSpPr><p:cNvPr id="1" name="Shape 210"/><p:cNvGrpSpPr/><p:nvPr/></p:nvGrpSpPr><p:grpSpPr><a:xfrm><a:off x="0" y="0"/><a:ext cx="0" cy="0"/><a:chOff x="0" y="0"/><a:chExt cx="0" cy="0"/></a:xfrm></p:grpSpPr><p:sp><p:nvSpPr><p:cNvPr id="211" name="Google Shape;211;p28"/><p:cNvSpPr/><p:nvPr/></p:nvSpPr><p:spPr><a:xfrm rot="-9999348" flipH="1"><a:off x="5537541" y="2871842"/><a:ext cx="3759571" cy="2764222"/></a:xfrm><a:custGeom><a:avLst/><a:gdLst/><a:ahLst/><a:cxnLst/><a:rect l="l" t="t" r="r" b="b"/><a:pathLst><a:path w="150383" h="110569" extrusionOk="0"><a:moveTo><a:pt x="150383" y="108346"/></a:moveTo><a:cubicBezTo><a:pt x="143137" y="111969"/><a:pt x="134186" y="110152"/><a:pt x="126109" y="109530"/></a:cubicBezTo><a:cubicBezTo><a:pt x="109546" y="108254"/><a:pt x="92265" y="101149"/><a:pt x="80520" y="89401"/></a:cubicBezTo><a:cubicBezTo><a:pt x="67217" y="76094"/><a:pt x="70733" y="51198"/><a:pt x="57430" y="37891"/></a:cubicBezTo><a:cubicBezTo><a:pt x="41216" y="21671"/><a:pt x="10257" y="20513"/><a:pt x="0" y="0"/></a:cubicBezTo></a:path></a:pathLst></a:custGeom><a:noFill/><a:ln w="38100" cap="flat" cmpd="sng"><a:solidFill><a:schemeClr val="accent3"/></a:solidFill><a:prstDash val="dash"/><a:round/><a:headEnd type="none" w="med" len="med"/><a:tailEnd type="none" w="med" len="med"/></a:ln></p:spPr></p:sp><p:sp><p:nvSpPr><p:cNvPr id="212" name="Google Shape;212;p28"/><p:cNvSpPr/><p:nvPr/></p:nvSpPr><p:spPr><a:xfrm rot="10800000" flipH="1"><a:off x="3078669" y="2000920"/><a:ext cx="6275825" cy="3254500"/></a:xfrm><a:custGeom><a:avLst/><a:gdLst/><a:ahLst/><a:cxnLst/><a:rect l="l" t="t" r="r" b="b"/><a:pathLst><a:path w="251033" h="130180" extrusionOk="0"><a:moveTo><a:pt x="0" y="0"/></a:moveTo><a:cubicBezTo><a:pt x="1428" y="5712"/><a:pt x="7983" y="8718"/><a:pt x="11249" y="13617"/></a:cubicBezTo><a:cubicBezTo><a:pt x="21651" y="29219"/><a:pt x="41301" y="38953"/><a:pt x="59798" y="42036"/></a:cubicBezTo><a:cubicBezTo><a:pt x="82012" y="45738"/><a:pt x="108552" y="32509"/><a:pt x="127293" y="44996"/></a:cubicBezTo><a:cubicBezTo><a:pt x="151529" y="61144"/><a:pt x="151361" y="100934"/><a:pt x="174657" y="118411"/></a:cubicBezTo><a:cubicBezTo><a:pt x="188992" y="129165"/><a:pt x="209674" y="132015"/><a:pt x="227350" y="129069"/></a:cubicBezTo><a:cubicBezTo><a:pt x="236145" y="127603"/><a:pt x="247046" y="124610"/><a:pt x="251033" y="116635"/></a:cubicBezTo></a:path></a:pathLst></a:custGeom><a:noFill/><a:ln w="38100" cap="flat" cmpd="sng"><a:solidFill><a:schemeClr val="accent3"/></a:solidFill><a:prstDash val="dash"/><a:round/><a:headEnd type="none" w="med" len="med"/><a:tailEnd type="none" w="med" len="med"/></a:ln></p:spPr></p:sp><p:sp><p:nvSpPr><p:cNvPr id="213" name="Google Shape;213;p28"/><p:cNvSpPr/><p:nvPr/></p:nvSpPr><p:spPr><a:xfrm rot="10406136" flipH="1"><a:off x="-411300" y="-773214"/><a:ext cx="5292628" cy="3074809"/></a:xfrm><a:custGeom><a:avLst/><a:gdLst/><a:ahLst/><a:cxnLst/><a:rect l="l" t="t" r="r" b="b"/><a:pathLst><a:path w="199523" h="122998" extrusionOk="0"><a:moveTo><a:pt x="0" y="0"/></a:moveTo><a:cubicBezTo><a:pt x="5699" y="14253"/><a:pt x="23641" y="20073"/><a:pt x="32563" y="32564"/></a:cubicBezTo><a:cubicBezTo><a:pt x="40249" y="43325"/><a:pt x="44291" y="59762"/><a:pt x="56837" y="63943"/></a:cubicBezTo><a:cubicBezTo><a:pt x="68686" y="67892"/><a:pt x="81709" y="68738"/><a:pt x="94137" y="67495"/></a:cubicBezTo><a:cubicBezTo><a:pt x="103367" y="66572"/><a:pt x="113910" y="62894"/><a:pt x="121964" y="67495"/></a:cubicBezTo><a:cubicBezTo><a:pt x="136606" y="75860"/><a:pt x="140854" y="95450"/><a:pt x="150974" y="108939"/></a:cubicBezTo><a:cubicBezTo><a:pt x="158695" y="119231"/><a:pt x="174224" y="122556"/><a:pt x="187090" y="122556"/></a:cubicBezTo><a:cubicBezTo><a:pt x="191239" y="122556"/><a:pt x="195812" y="123820"/><a:pt x="199523" y="121964"/></a:cubicBezTo></a:path></a:pathLst></a:custGeom><a:noFill/><a:ln w="38100" cap="flat" cmpd="sng"><a:solidFill><a:schemeClr val="accent3"/></a:solidFill><a:prstDash val="dash"/><a:round/><a:headEnd type="none" w="med" len="med"/><a:tailEnd type="none" w="med" len="med"/></a:ln></p:spPr></p:sp><p:sp><p:nvSpPr><p:cNvPr id="214" name="Google Shape;214;p28"/><p:cNvSpPr/><p:nvPr/></p:nvSpPr><p:spPr><a:xfrm rot="10800000" flipH="1"><a:off x="-197981" y="-560101"/><a:ext cx="8673650" cy="4247996"/></a:xfrm><a:custGeom><a:avLst/><a:gdLst/><a:ahLst/><a:cxnLst/><a:rect l="l" t="t" r="r" b="b"/><a:pathLst><a:path w="346946" h="158967" extrusionOk="0"><a:moveTo><a:pt x="0" y="0"/></a:moveTo><a:cubicBezTo><a:pt x="14215" y="4059"/><a:pt x="31075" y="7804"/><a:pt x="39668" y="19834"/></a:cubicBezTo><a:cubicBezTo><a:pt x="45523" y="28031"/><a:pt x="51445" y="36282"/><a:pt x="55950" y="45292"/></a:cubicBezTo><a:cubicBezTo><a:pt x="59693" y="52777"/><a:pt x="63651" y="61829"/><a:pt x="71343" y="65126"/></a:cubicBezTo><a:cubicBezTo><a:pt x="85502" y="71194"/><a:pt x="103427" y="66377"/><a:pt x="116636" y="74303"/></a:cubicBezTo><a:cubicBezTo><a:pt x="123851" y="78632"/><a:pt x="127953" y="86840"/><a:pt x="132621" y="93841"/></a:cubicBezTo><a:cubicBezTo><a:pt x="139554" y="104240"/><a:pt x="153152" y="109845"/><a:pt x="165480" y="111899"/></a:cubicBezTo><a:cubicBezTo><a:pt x="191557" y="116243"/><a:pt x="219103" y="111144"/><a:pt x="244520" y="118412"/></a:cubicBezTo><a:cubicBezTo><a:pt x="264590" y="124151"/><a:pt x="284053" y="132452"/><a:pt x="302246" y="142686"/></a:cubicBezTo><a:cubicBezTo><a:pt x="316067" y="150460"/><a:pt x="331088" y="158967"/><a:pt x="346946" y="158967"/></a:cubicBezTo></a:path></a:pathLst></a:custGeom><a:noFill/><a:ln w="38100" cap="flat" cmpd="sng"><a:solidFill><a:schemeClr val="accent3"/></a:solidFill><a:prstDash val="dash"/><a:round/><a:headEnd type="none" w="med" len="med"/><a:tailEnd type="none" w="med" len="med"/></a:ln></p:spPr></p:sp><p:sp><p:nvSpPr><p:cNvPr id="215" name="Google Shape;215;p28"/><p:cNvSpPr/><p:nvPr/></p:nvSpPr><p:spPr><a:xfrm rot="302386" flipH="1"><a:off x="1776988" y="1000799"/><a:ext cx="5645024" cy="3141747"/></a:xfrm><a:prstGeom prst="rect"><a:avLst/></a:prstGeom><a:solidFill><a:schemeClr val="accent3"/></a:solidFill><a:ln w="76200" cap="flat" cmpd="sng"><a:solidFill><a:schemeClr val="lt1"/></a:solidFill><a:prstDash val="solid"/><a:round/><a:headEnd type="none" w="sm" len="sm"/><a:tailEnd type="none" w="sm" len="sm"/></a:ln></p:spPr><p:txBody><a:bodyPr spcFirstLastPara="1" wrap="square" lIns="91425" tIns="91425" rIns="91425" bIns="91425" anchor="ctr" anchorCtr="0"><a:noAutofit/></a:bodyPr><a:lstStyle/><a:p><a:pPr marL="0" lvl="0" indent="0" algn="l" rtl="0"><a:spcBef><a:spcPts val="0"/></a:spcBef><a:spcAft><a:spcPts val="0"/></a:spcAft><a:buNone/></a:pPr><a:endParaRPr/></a:p></p:txBody></p:sp><p:sp><p:nvSpPr><p:cNvPr id="216" name="Google Shape;216;p28"/><p:cNvSpPr txBox="1"><a:spLocks noGrp="1"/></p:cNvSpPr><p:nvPr><p:ph type="title"/></p:nvPr></p:nvSpPr><p:spPr><a:xfrm><a:off x="2626375" y="2073300"/><a:ext cx="3891300" cy="996900"/></a:xfrm><a:prstGeom prst="rect"><a:avLst/></a:prstGeom></p:spPr><p:txBody><a:bodyPr spcFirstLastPara="1" wrap="square" lIns="91425" tIns="91425" rIns="91425" bIns="91425" anchor="b" anchorCtr="0"><a:noAutofit/></a:bodyPr><a:lstStyle><a:lvl1pPr lvl="0" algn="ctr" rtl="0"><a:spcBef><a:spcPts val="0"/></a:spcBef><a:spcAft><a:spcPts val="0"/></a:spcAft><a:buClr><a:schemeClr val="dk1"/></a:buClr><a:buSzPts val="4200"/><a:buNone/><a:defRPr sz="5000"><a:solidFill><a:schemeClr val="dk1"/></a:solidFill></a:defRPr></a:lvl1pPr><a:lvl2pPr lvl="1" algn="ctr" rtl="0"><a:spcBef><a:spcPts val="0"/></a:spcBef><a:spcAft><a:spcPts val="0"/></a:spcAft><a:buSzPts val="4200"/><a:buNone/><a:defRPr sz="4200"/></a:lvl2pPr><a:lvl3pPr lvl="2" algn="ctr" rtl="0"><a:spcBef><a:spcPts val="0"/></a:spcBef><a:spcAft><a:spcPts val="0"/></a:spcAft><a:buSzPts val="4200"/><a:buNone/><a:defRPr sz="4200"/></a:lvl3pPr><a:lvl4pPr lvl="3" algn="ctr" rtl="0"><a:spcBef><a:spcPts val="0"/></a:spcBef><a:spcAft><a:spcPts val="0"/></a:spcAft><a:buSzPts val="4200"/><a:buNone/><a:defRPr sz="4200"/></a:lvl4pPr><a:lvl5pPr lvl="4" algn="ctr" rtl="0"><a:spcBef><a:spcPts val="0"/></a:spcBef><a:spcAft><a:spcPts val="0"/></a:spcAft><a:buSzPts val="4200"/><a:buNone/><a:defRPr sz="4200"/></a:lvl5pPr><a:lvl6pPr lvl="5" algn="ctr" rtl="0"><a:spcBef><a:spcPts val="0"/></a:spcBef><a:spcAft><a:spcPts val="0"/></a:spcAft><a:buSzPts val="4200"/><a:buNone/><a:defRPr sz="4200"/></a:lvl6pPr><a:lvl7pPr lvl="6" algn="ctr" rtl="0"><a:spcBef><a:spcPts val="0"/></a:spcBef><a:spcAft><a:spcPts val="0"/></a:spcAft><a:buSzPts val="4200"/><a:buNone/><a:defRPr sz="4200"/></a:lvl7pPr><a:lvl8pPr lvl="7" algn="ctr" rtl="0"><a:spcBef><a:spcPts val="0"/></a:spcBef><a:spcAft><a:spcPts val="0"/></a:spcAft><a:buSzPts val="4200"/><a:buNone/><a:defRPr sz="4200"/></a:lvl8pPr><a:lvl9pPr lvl="8" algn="ctr" rtl="0"><a:spcBef><a:spcPts val="0"/></a:spcBef><a:spcAft><a:spcPts val="0"/></a:spcAft><a:buSzPts val="4200"/><a:buNone/><a:defRPr sz="4200"/></a:lvl9pPr></a:lstStyle><a:p><a:endParaRPr/></a:p></p:txBody></p:sp><p:sp><p:nvSpPr><p:cNvPr id="217" name="Google Shape;217;p28"/><p:cNvSpPr txBox="1"><a:spLocks noGrp="1"/></p:cNvSpPr><p:nvPr><p:ph type="subTitle" idx="1"/></p:nvPr></p:nvSpPr><p:spPr><a:xfrm><a:off x="3431325" y="2963700"/><a:ext cx="2281200" cy="597600"/></a:xfrm><a:prstGeom prst="rect"><a:avLst/></a:prstGeom></p:spPr><p:txBody><a:bodyPr spcFirstLastPara="1" wrap="square" lIns="91425" tIns="91425" rIns="91425" bIns="91425" anchor="t" anchorCtr="0"><a:noAutofit/></a:bodyPr><a:lstStyle><a:lvl1pPr lvl="0" algn="ctr" rtl="0"><a:lnSpc><a:spcPct val="100000"/></a:lnSpc><a:spcBef><a:spcPts val="0"/></a:spcBef><a:spcAft><a:spcPts val="0"/></a:spcAft><a:buSzPts val="2100"/><a:buNone/><a:defRPr sz="1400"/></a:lvl1pPr><a:lvl2pPr lvl="1" algn="ctr" rtl="0"><a:lnSpc><a:spcPct val="100000"/></a:lnSpc><a:spcBef><a:spcPts val="0"/></a:spcBef><a:spcAft><a:spcPts val="0"/></a:spcAft><a:buSzPts val="2100"/><a:buNone/><a:defRPr sz="2100"/></a:lvl2pPr><a:lvl3pPr lvl="2" algn="ctr" rtl="0"><a:lnSpc><a:spcPct val="100000"/></a:lnSpc><a:spcBef><a:spcPts val="0"/></a:spcBef><a:spcAft><a:spcPts val="0"/></a:spcAft><a:buSzPts val="2100"/><a:buNone/><a:defRPr sz="2100"/></a:lvl3pPr><a:lvl4pPr lvl="3" algn="ctr" rtl="0"><a:lnSpc><a:spcPct val="100000"/></a:lnSpc><a:spcBef><a:spcPts val="0"/></a:spcBef><a:spcAft><a:spcPts val="0"/></a:spcAft><a:buSzPts val="2100"/><a:buNone/><a:defRPr sz="2100"/></a:lvl4pPr><a:lvl5pPr lvl="4" algn="ctr" rtl="0"><a:lnSpc><a:spcPct val="100000"/></a:lnSpc><a:spcBef><a:spcPts val="0"/></a:spcBef><a:spcAft><a:spcPts val="0"/></a:spcAft><a:buSzPts val="2100"/><a:buNone/><a:defRPr sz="2100"/></a:lvl5pPr><a:lvl6pPr lvl="5" algn="ctr" rtl="0"><a:lnSpc><a:spcPct val="100000"/></a:lnSpc><a:spcBef><a:spcPts val="0"/></a:spcBef><a:spcAft><a:spcPts val="0"/></a:spcAft><a:buSzPts val="2100"/><a:buNone/><a:defRPr sz="2100"/></a:lvl6pPr><a:lvl7pPr lvl="6" algn="ctr" rtl="0"><a:lnSpc><a:spcPct val="100000"/></a:lnSpc><a:spcBef><a:spcPts val="0"/></a:spcBef><a:spcAft><a:spcPts val="0"/></a:spcAft><a:buSzPts val="2100"/><a:buNone/><a:defRPr sz="2100"/></a:lvl7pPr><a:lvl8pPr lvl="7" algn="ctr" rtl="0"><a:lnSpc><a:spcPct val="100000"/></a:lnSpc><a:spcBef><a:spcPts val="0"/></a:spcBef><a:spcAft><a:spcPts val="0"/></a:spcAft><a:buSzPts val="2100"/><a:buNone/><a:defRPr sz="2100"/></a:lvl8pPr><a:lvl9pPr lvl="8" algn="ctr" rtl="0"><a:lnSpc><a:spcPct val="100000"/></a:lnSpc><a:spcBef><a:spcPts val="0"/></a:spcBef><a:spcAft><a:spcPts val="0"/></a:spcAft><a:buSzPts val="2100"/><a:buNone/><a:defRPr sz="2100"/></a:lvl9pPr></a:lstStyle><a:p><a:endParaRPr/></a:p></p:txBody></p:sp><p:sp><p:nvSpPr><p:cNvPr id="218" name="Google Shape;218;p28"/><p:cNvSpPr/><p:nvPr/></p:nvSpPr><p:spPr><a:xfrm rot="10291435" flipH="1"><a:off x="-649165" y="-733655"/><a:ext cx="3537631" cy="1410732"/></a:xfrm><a:custGeom><a:avLst/><a:gdLst/><a:ahLst/><a:cxnLst/><a:rect l="l" t="t" r="r" b="b"/><a:pathLst><a:path w="141502" h="56428" extrusionOk="0"><a:moveTo><a:pt x="0" y="3734"/></a:moveTo><a:cubicBezTo><a:pt x="8548" y="1292"/><a:pt x="19246" y="-2381"/><a:pt x="26643" y="2550"/></a:cubicBezTo><a:cubicBezTo><a:pt x="39189" y="10914"/><a:pt x="49273" y="23042"/><a:pt x="62759" y="29785"/></a:cubicBezTo><a:cubicBezTo><a:pt x="77789" y="37300"/><a:pt x="96448" y="30369"/><a:pt x="113083" y="32745"/></a:cubicBezTo><a:cubicBezTo><a:pt x="125290" y="34488"/><a:pt x="135991" y="45397"/><a:pt x="141502" y="56428"/></a:cubicBezTo></a:path></a:pathLst></a:custGeom><a:noFill/><a:ln w="38100" cap="flat" cmpd="sng"><a:solidFill><a:schemeClr val="accent3"/></a:solidFill><a:prstDash val="dash"/><a:round/><a:headEnd type="none" w="med" len="med"/><a:tailEnd type="none" w="med" len="med"/></a:ln></p:spPr></p:sp><p:sp><p:nvSpPr><p:cNvPr id="219" name="Google Shape;219;p28"/><p:cNvSpPr/><p:nvPr/></p:nvSpPr><p:spPr><a:xfrm rot="10497423" flipH="1"><a:off x="6977846" y="4195402"/><a:ext cx="2545776" cy="1061494"/></a:xfrm><a:custGeom><a:avLst/><a:gdLst/><a:ahLst/><a:cxnLst/><a:rect l="l" t="t" r="r" b="b"/><a:pathLst><a:path w="101834" h="42461" extrusionOk="0"><a:moveTo><a:pt x="0" y="0"/></a:moveTo><a:cubicBezTo><a:pt x="5313" y="10628"/><a:pt x="19566" y="13634"/><a:pt x="30195" y="18946"/></a:cubicBezTo><a:cubicBezTo><a:pt x="37196" y="22445"/><a:pt x="42890" y="28170"/><a:pt x="49732" y="31972"/></a:cubicBezTo><a:cubicBezTo><a:pt x="64961" y="40434"/><a:pt x="89504" y="48425"/><a:pt x="101834" y="36116"/></a:cubicBezTo></a:path></a:pathLst></a:custGeom><a:noFill/><a:ln w="38100" cap="flat" cmpd="sng"><a:solidFill><a:schemeClr val="accent3"/></a:solidFill><a:prstDash val="dash"/><a:round/><a:headEnd type="none" w="med" len="med"/><a:tailEnd type="none" w="med" len="med"/></a:ln></p:spPr></p:sp></p:spTree></p:cSld><p:clrMapOvr><a:masterClrMapping/></p:clrMapOvr></p:sldLayout>