<?xml version="1.0" encoding="UTF-8" standalone="yes"?>
<p:sldLayout xmlns:a="http://schemas.openxmlformats.org/drawingml/2006/main" xmlns:r="http://schemas.openxmlformats.org/officeDocument/2006/relationships" xmlns:p="http://schemas.openxmlformats.org/presentationml/2006/main" matchingName="Title and One Column 1"><p:cSld name="CUSTOM_11"><p:spTree><p:nvGrpSpPr><p:cNvPr id="1" name="Shape 172"/><p:cNvGrpSpPr/><p:nvPr/></p:nvGrpSpPr><p:grpSpPr><a:xfrm><a:off x="0" y="0"/><a:ext cx="0" cy="0"/><a:chOff x="0" y="0"/><a:chExt cx="0" cy="0"/></a:xfrm></p:grpSpPr><p:sp><p:nvSpPr><p:cNvPr id="173" name="Google Shape;173;p24"/><p:cNvSpPr/><p:nvPr/></p:nvSpPr><p:spPr><a:xfrm rot="515571"><a:off x="99533" y="102554"/><a:ext cx="4502900" cy="963188"/></a:xfrm><a:custGeom><a:avLst/><a:gdLst/><a:ahLst/><a:cxnLst/><a:rect l="l" t="t" r="r" b="b"/><a:pathLst><a:path w="167256" h="68653" extrusionOk="0"><a:moveTo><a:pt x="0" y="8559"/></a:moveTo><a:cubicBezTo><a:pt x="9262" y="840"/><a:pt x="25941" y="-3386"/><a:pt x="35819" y="3527"/></a:cubicBezTo><a:cubicBezTo><a:pt x="49192" y="12887"/><a:pt x="53916" y="31634"/><a:pt x="67198" y="41122"/></a:cubicBezTo><a:cubicBezTo><a:pt x="76683" y="47898"/><a:pt x="89606" y="49799"/><a:pt x="101242" y="49115"/></a:cubicBezTo><a:cubicBezTo><a:pt x="109145" y="48650"/><a:pt x="116781" y="43925"/><a:pt x="124628" y="44971"/></a:cubicBezTo><a:cubicBezTo><a:pt x="135126" y="46371"/><a:pt x="144370" y="53108"/><a:pt x="153047" y="59180"/></a:cubicBezTo><a:cubicBezTo><a:pt x="157711" y="62444"/><a:pt x="161564" y="68653"/><a:pt x="167256" y="68653"/></a:cubicBezTo></a:path></a:pathLst></a:custGeom><a:noFill/><a:ln w="38100" cap="flat" cmpd="sng"><a:solidFill><a:schemeClr val="accent4"/></a:solidFill><a:prstDash val="dash"/><a:round/><a:headEnd type="none" w="med" len="med"/><a:tailEnd type="oval" w="med" len="med"/></a:ln></p:spPr></p:sp><p:sp><p:nvSpPr><p:cNvPr id="174" name="Google Shape;174;p24"/><p:cNvSpPr txBox="1"><a:spLocks noGrp="1"/></p:cNvSpPr><p:nvPr><p:ph type="title"/></p:nvPr></p:nvSpPr><p:spPr><a:xfrm><a:off x="1505625" y="2515675"/><a:ext cx="2375700" cy="666000"/></a:xfrm><a:prstGeom prst="rect"><a:avLst/></a:prstGeom></p:spPr><p:txBody><a:bodyPr spcFirstLastPara="1" wrap="square" lIns="91425" tIns="91425" rIns="91425" bIns="91425" anchor="b" anchorCtr="0"><a:noAutofit/></a:bodyPr><a:lstStyle><a:lvl1pPr lvl="0" algn="r" rtl="0"><a:lnSpc><a:spcPct val="90000"/></a:lnSpc><a:spcBef><a:spcPts val="0"/></a:spcBef><a:spcAft><a:spcPts val="0"/></a:spcAft><a:buSzPts val="4000"/><a:buNone/><a:defRPr><a:solidFill><a:schemeClr val="accent6"/></a:solidFill></a:defRPr></a:lvl1pPr><a:lvl2pPr lvl="1" rtl="0"><a:spcBef><a:spcPts val="0"/></a:spcBef><a:spcAft><a:spcPts val="0"/></a:spcAft><a:buSzPts val="2400"/><a:buNone/><a:defRPr sz="2400"/></a:lvl2pPr><a:lvl3pPr lvl="2" rtl="0"><a:spcBef><a:spcPts val="0"/></a:spcBef><a:spcAft><a:spcPts val="0"/></a:spcAft><a:buSzPts val="2400"/><a:buNone/><a:defRPr sz="2400"/></a:lvl3pPr><a:lvl4pPr lvl="3" rtl="0"><a:spcBef><a:spcPts val="0"/></a:spcBef><a:spcAft><a:spcPts val="0"/></a:spcAft><a:buSzPts val="2400"/><a:buNone/><a:defRPr sz="2400"/></a:lvl4pPr><a:lvl5pPr lvl="4" rtl="0"><a:spcBef><a:spcPts val="0"/></a:spcBef><a:spcAft><a:spcPts val="0"/></a:spcAft><a:buSzPts val="2400"/><a:buNone/><a:defRPr sz="2400"/></a:lvl5pPr><a:lvl6pPr lvl="5" rtl="0"><a:spcBef><a:spcPts val="0"/></a:spcBef><a:spcAft><a:spcPts val="0"/></a:spcAft><a:buSzPts val="2400"/><a:buNone/><a:defRPr sz="2400"/></a:lvl6pPr><a:lvl7pPr lvl="6" rtl="0"><a:spcBef><a:spcPts val="0"/></a:spcBef><a:spcAft><a:spcPts val="0"/></a:spcAft><a:buSzPts val="2400"/><a:buNone/><a:defRPr sz="2400"/></a:lvl7pPr><a:lvl8pPr lvl="7" rtl="0"><a:spcBef><a:spcPts val="0"/></a:spcBef><a:spcAft><a:spcPts val="0"/></a:spcAft><a:buSzPts val="2400"/><a:buNone/><a:defRPr sz="2400"/></a:lvl8pPr><a:lvl9pPr lvl="8" rtl="0"><a:spcBef><a:spcPts val="0"/></a:spcBef><a:spcAft><a:spcPts val="0"/></a:spcAft><a:buSzPts val="2400"/><a:buNone/><a:defRPr sz="2400"/></a:lvl9pPr></a:lstStyle><a:p><a:endParaRPr/></a:p></p:txBody></p:sp><p:sp><p:nvSpPr><p:cNvPr id="175" name="Google Shape;175;p24"/><p:cNvSpPr txBox="1"><a:spLocks noGrp="1"/></p:cNvSpPr><p:nvPr><p:ph type="body" idx="1"/></p:nvPr></p:nvSpPr><p:spPr><a:xfrm><a:off x="1505575" y="3088925"/><a:ext cx="2375700" cy="912300"/></a:xfrm><a:prstGeom prst="rect"><a:avLst/></a:prstGeom><a:noFill/></p:spPr><p:txBody><a:bodyPr spcFirstLastPara="1" wrap="square" lIns="91425" tIns="91425" rIns="91425" bIns="91425" anchor="t" anchorCtr="0"><a:noAutofit/></a:bodyPr><a:lstStyle><a:lvl1pPr marL="457200" lvl="0" indent="-304800" algn="r" rtl="0"><a:spcBef><a:spcPts val="0"/></a:spcBef><a:spcAft><a:spcPts val="0"/></a:spcAft><a:buSzPts val="1200"/><a:buChar char="●"/><a:defRPr><a:solidFill><a:schemeClr val="dk1"/></a:solidFill></a:defRPr></a:lvl1pPr><a:lvl2pPr marL="914400" lvl="1" indent="-304800" rtl="0"><a:spcBef><a:spcPts val="1600"/></a:spcBef><a:spcAft><a:spcPts val="0"/></a:spcAft><a:buSzPts val="1200"/><a:buChar char="○"/><a:defRPr sz="1200"/></a:lvl2pPr><a:lvl3pPr marL="1371600" lvl="2" indent="-304800" rtl="0"><a:spcBef><a:spcPts val="1600"/></a:spcBef><a:spcAft><a:spcPts val="0"/></a:spcAft><a:buSzPts val="1200"/><a:buChar char="■"/><a:defRPr sz="1200"/></a:lvl3pPr><a:lvl4pPr marL="1828800" lvl="3" indent="-304800" rtl="0"><a:spcBef><a:spcPts val="1600"/></a:spcBef><a:spcAft><a:spcPts val="0"/></a:spcAft><a:buSzPts val="1200"/><a:buChar char="●"/><a:defRPr sz="1200"/></a:lvl4pPr><a:lvl5pPr marL="2286000" lvl="4" indent="-304800" rtl="0"><a:spcBef><a:spcPts val="1600"/></a:spcBef><a:spcAft><a:spcPts val="0"/></a:spcAft><a:buSzPts val="1200"/><a:buChar char="○"/><a:defRPr sz="1200"/></a:lvl5pPr><a:lvl6pPr marL="2743200" lvl="5" indent="-304800" rtl="0"><a:spcBef><a:spcPts val="1600"/></a:spcBef><a:spcAft><a:spcPts val="0"/></a:spcAft><a:buSzPts val="1200"/><a:buChar char="■"/><a:defRPr sz="1200"/></a:lvl6pPr><a:lvl7pPr marL="3200400" lvl="6" indent="-304800" rtl="0"><a:spcBef><a:spcPts val="1600"/></a:spcBef><a:spcAft><a:spcPts val="0"/></a:spcAft><a:buSzPts val="1200"/><a:buChar char="●"/><a:defRPr sz="1200"/></a:lvl7pPr><a:lvl8pPr marL="3657600" lvl="7" indent="-304800" rtl="0"><a:spcBef><a:spcPts val="1600"/></a:spcBef><a:spcAft><a:spcPts val="0"/></a:spcAft><a:buSzPts val="1200"/><a:buChar char="○"/><a:defRPr sz="1200"/></a:lvl8pPr><a:lvl9pPr marL="4114800" lvl="8" indent="-304800" rtl="0"><a:spcBef><a:spcPts val="1600"/></a:spcBef><a:spcAft><a:spcPts val="1600"/></a:spcAft><a:buSzPts val="1200"/><a:buChar char="■"/><a:defRPr sz="1200"/></a:lvl9pPr></a:lstStyle><a:p><a:endParaRPr/></a:p></p:txBody></p:sp></p:spTree></p:cSld><p:clrMapOvr><a:masterClrMapping/></p:clrMapOvr></p:sldLayout>