<?xml version="1.0" encoding="UTF-8" standalone="yes"?>
<p:sldLayout xmlns:a="http://schemas.openxmlformats.org/drawingml/2006/main" xmlns:r="http://schemas.openxmlformats.org/officeDocument/2006/relationships" xmlns:p="http://schemas.openxmlformats.org/presentationml/2006/main" matchingName="Main point"><p:cSld name="MAIN_POINT"><p:bg><p:bgPr><a:solidFill><a:schemeClr val="accent2"/></a:solidFill><a:effectLst/></p:bgPr></p:bg><p:spTree><p:nvGrpSpPr><p:cNvPr id="1" name="Shape 36"/><p:cNvGrpSpPr/><p:nvPr/></p:nvGrpSpPr><p:grpSpPr><a:xfrm><a:off x="0" y="0"/><a:ext cx="0" cy="0"/><a:chOff x="0" y="0"/><a:chExt cx="0" cy="0"/></a:xfrm></p:grpSpPr><p:sp><p:nvSpPr><p:cNvPr id="37" name="Google Shape;37;p8"/><p:cNvSpPr txBox="1"><a:spLocks noGrp="1"/></p:cNvSpPr><p:nvPr><p:ph type="title"/></p:nvPr></p:nvSpPr><p:spPr><a:xfrm><a:off x="-135075" y="445050"/><a:ext cx="9414000" cy="1431300"/></a:xfrm><a:prstGeom prst="rect"><a:avLst/></a:prstGeom><a:solidFill><a:schemeClr val="accent3"/></a:solidFill></p:spPr><p:txBody><a:bodyPr spcFirstLastPara="1" wrap="square" lIns="91425" tIns="91425" rIns="91425" bIns="91425" anchor="ctr" anchorCtr="0"><a:noAutofit/></a:bodyPr><a:lstStyle><a:lvl1pPr lvl="0" algn="ctr"><a:lnSpc><a:spcPct val="90000"/></a:lnSpc><a:spcBef><a:spcPts val="0"/></a:spcBef><a:spcAft><a:spcPts val="0"/></a:spcAft><a:buClr><a:srgbClr val="000000"/></a:buClr><a:buSzPts val="2500"/><a:buNone/><a:defRPr sz="5000" b="0"><a:solidFill><a:schemeClr val="dk1"/></a:solidFill></a:defRPr></a:lvl1pPr><a:lvl2pPr lvl="1"><a:spcBef><a:spcPts val="0"/></a:spcBef><a:spcAft><a:spcPts val="0"/></a:spcAft><a:buSzPts val="4800"/><a:buNone/><a:defRPr sz="4800"/></a:lvl2pPr><a:lvl3pPr lvl="2"><a:spcBef><a:spcPts val="0"/></a:spcBef><a:spcAft><a:spcPts val="0"/></a:spcAft><a:buSzPts val="4800"/><a:buNone/><a:defRPr sz="4800"/></a:lvl3pPr><a:lvl4pPr lvl="3"><a:spcBef><a:spcPts val="0"/></a:spcBef><a:spcAft><a:spcPts val="0"/></a:spcAft><a:buSzPts val="4800"/><a:buNone/><a:defRPr sz="4800"/></a:lvl4pPr><a:lvl5pPr lvl="4"><a:spcBef><a:spcPts val="0"/></a:spcBef><a:spcAft><a:spcPts val="0"/></a:spcAft><a:buSzPts val="4800"/><a:buNone/><a:defRPr sz="4800"/></a:lvl5pPr><a:lvl6pPr lvl="5"><a:spcBef><a:spcPts val="0"/></a:spcBef><a:spcAft><a:spcPts val="0"/></a:spcAft><a:buSzPts val="4800"/><a:buNone/><a:defRPr sz="4800"/></a:lvl6pPr><a:lvl7pPr lvl="6"><a:spcBef><a:spcPts val="0"/></a:spcBef><a:spcAft><a:spcPts val="0"/></a:spcAft><a:buSzPts val="4800"/><a:buNone/><a:defRPr sz="4800"/></a:lvl7pPr><a:lvl8pPr lvl="7"><a:spcBef><a:spcPts val="0"/></a:spcBef><a:spcAft><a:spcPts val="0"/></a:spcAft><a:buSzPts val="4800"/><a:buNone/><a:defRPr sz="4800"/></a:lvl8pPr><a:lvl9pPr lvl="8"><a:spcBef><a:spcPts val="0"/></a:spcBef><a:spcAft><a:spcPts val="0"/></a:spcAft><a:buSzPts val="4800"/><a:buNone/><a:defRPr sz="4800"/></a:lvl9pPr></a:lstStyle><a:p><a:endParaRPr/></a:p></p:txBody></p:sp></p:spTree></p:cSld><p:clrMapOvr><a:masterClrMapping/></p:clrMapOvr></p:sldLayout>