<?xml version="1.0" encoding="UTF-8" standalone="yes"?>
<p:sldLayout xmlns:a="http://schemas.openxmlformats.org/drawingml/2006/main" xmlns:r="http://schemas.openxmlformats.org/officeDocument/2006/relationships" xmlns:p="http://schemas.openxmlformats.org/presentationml/2006/main" matchingName="One column text"><p:cSld name="ONE_COLUMN_TEXT"><p:spTree><p:nvGrpSpPr><p:cNvPr id="1" name="Shape 32"/><p:cNvGrpSpPr/><p:nvPr/></p:nvGrpSpPr><p:grpSpPr><a:xfrm><a:off x="0" y="0"/><a:ext cx="0" cy="0"/><a:chOff x="0" y="0"/><a:chExt cx="0" cy="0"/></a:xfrm></p:grpSpPr><p:sp><p:nvSpPr><p:cNvPr id="33" name="Google Shape;33;p7"/><p:cNvSpPr/><p:nvPr/></p:nvSpPr><p:spPr><a:xfrm rot="120236"><a:off x="4522215" y="-63938"/><a:ext cx="4727107" cy="1278646"/></a:xfrm><a:custGeom><a:avLst/><a:gdLst/><a:ahLst/><a:cxnLst/><a:rect l="l" t="t" r="r" b="b"/><a:pathLst><a:path w="182649" h="63284" extrusionOk="0"><a:moveTo><a:pt x="182649" y="2302"/></a:moveTo><a:cubicBezTo><a:pt x="179506" y="-1888"/><a:pt x="172180" y="979"/><a:pt x="166960" y="1414"/></a:cubicBezTo><a:cubicBezTo><a:pt x="159029" y="2075"/><a:pt x="149794" y="2892"/><a:pt x="144166" y="8519"/></a:cubicBezTo><a:cubicBezTo><a:pt x="130652" y="22029"/><a:pt x="136093" y="51480"/><a:pt x="119003" y="60028"/></a:cubicBezTo><a:cubicBezTo><a:pt x="109695" y="64684"/><a:pt x="96245" y="63313"/><a:pt x="87920" y="57067"/></a:cubicBezTo><a:cubicBezTo><a:pt x="78959" y="50344"/><a:pt x="70296" y="41186"/><a:pt x="59205" y="39602"/></a:cubicBezTo><a:cubicBezTo><a:pt x="38163" y="36597"/><a:pt x="20164" y="56563"/><a:pt x="0" y="63284"/></a:cubicBezTo></a:path></a:pathLst></a:custGeom><a:noFill/><a:ln w="38100" cap="flat" cmpd="sng"><a:solidFill><a:schemeClr val="accent4"/></a:solidFill><a:prstDash val="dash"/><a:round/><a:headEnd type="none" w="med" len="med"/><a:tailEnd type="oval" w="med" len="med"/></a:ln></p:spPr></p:sp><p:sp><p:nvSpPr><p:cNvPr id="34" name="Google Shape;34;p7"/><p:cNvSpPr txBox="1"><a:spLocks noGrp="1"/></p:cNvSpPr><p:nvPr><p:ph type="title"/></p:nvPr></p:nvSpPr><p:spPr><a:xfrm><a:off x="5313600" y="2515675"/><a:ext cx="2375700" cy="666000"/></a:xfrm><a:prstGeom prst="rect"><a:avLst/></a:prstGeom></p:spPr><p:txBody><a:bodyPr spcFirstLastPara="1" wrap="square" lIns="91425" tIns="91425" rIns="91425" bIns="91425" anchor="b" anchorCtr="0"><a:noAutofit/></a:bodyPr><a:lstStyle><a:lvl1pPr lvl="0" rtl="0"><a:lnSpc><a:spcPct val="90000"/></a:lnSpc><a:spcBef><a:spcPts val="0"/></a:spcBef><a:spcAft><a:spcPts val="0"/></a:spcAft><a:buSzPts val="4000"/><a:buNone/><a:defRPr/></a:lvl1pPr><a:lvl2pPr lvl="1" rtl="0"><a:spcBef><a:spcPts val="0"/></a:spcBef><a:spcAft><a:spcPts val="0"/></a:spcAft><a:buSzPts val="2400"/><a:buNone/><a:defRPr sz="2400"/></a:lvl2pPr><a:lvl3pPr lvl="2" rtl="0"><a:spcBef><a:spcPts val="0"/></a:spcBef><a:spcAft><a:spcPts val="0"/></a:spcAft><a:buSzPts val="2400"/><a:buNone/><a:defRPr sz="2400"/></a:lvl3pPr><a:lvl4pPr lvl="3" rtl="0"><a:spcBef><a:spcPts val="0"/></a:spcBef><a:spcAft><a:spcPts val="0"/></a:spcAft><a:buSzPts val="2400"/><a:buNone/><a:defRPr sz="2400"/></a:lvl4pPr><a:lvl5pPr lvl="4" rtl="0"><a:spcBef><a:spcPts val="0"/></a:spcBef><a:spcAft><a:spcPts val="0"/></a:spcAft><a:buSzPts val="2400"/><a:buNone/><a:defRPr sz="2400"/></a:lvl5pPr><a:lvl6pPr lvl="5" rtl="0"><a:spcBef><a:spcPts val="0"/></a:spcBef><a:spcAft><a:spcPts val="0"/></a:spcAft><a:buSzPts val="2400"/><a:buNone/><a:defRPr sz="2400"/></a:lvl6pPr><a:lvl7pPr lvl="6" rtl="0"><a:spcBef><a:spcPts val="0"/></a:spcBef><a:spcAft><a:spcPts val="0"/></a:spcAft><a:buSzPts val="2400"/><a:buNone/><a:defRPr sz="2400"/></a:lvl7pPr><a:lvl8pPr lvl="7" rtl="0"><a:spcBef><a:spcPts val="0"/></a:spcBef><a:spcAft><a:spcPts val="0"/></a:spcAft><a:buSzPts val="2400"/><a:buNone/><a:defRPr sz="2400"/></a:lvl8pPr><a:lvl9pPr lvl="8" rtl="0"><a:spcBef><a:spcPts val="0"/></a:spcBef><a:spcAft><a:spcPts val="0"/></a:spcAft><a:buSzPts val="2400"/><a:buNone/><a:defRPr sz="2400"/></a:lvl9pPr></a:lstStyle><a:p><a:endParaRPr/></a:p></p:txBody></p:sp><p:sp><p:nvSpPr><p:cNvPr id="35" name="Google Shape;35;p7"/><p:cNvSpPr txBox="1"><a:spLocks noGrp="1"/></p:cNvSpPr><p:nvPr><p:ph type="body" idx="1"/></p:nvPr></p:nvSpPr><p:spPr><a:xfrm><a:off x="5313600" y="3088925"/><a:ext cx="2375700" cy="912300"/></a:xfrm><a:prstGeom prst="rect"><a:avLst/></a:prstGeom><a:noFill/></p:spPr><p:txBody><a:bodyPr spcFirstLastPara="1" wrap="square" lIns="91425" tIns="91425" rIns="91425" bIns="91425" anchor="t" anchorCtr="0"><a:noAutofit/></a:bodyPr><a:lstStyle><a:lvl1pPr marL="457200" lvl="0" indent="-304800" rtl="0"><a:spcBef><a:spcPts val="0"/></a:spcBef><a:spcAft><a:spcPts val="0"/></a:spcAft><a:buSzPts val="1200"/><a:buChar char="●"/><a:defRPr><a:solidFill><a:schemeClr val="dk1"/></a:solidFill></a:defRPr></a:lvl1pPr><a:lvl2pPr marL="914400" lvl="1" indent="-304800" rtl="0"><a:spcBef><a:spcPts val="1600"/></a:spcBef><a:spcAft><a:spcPts val="0"/></a:spcAft><a:buSzPts val="1200"/><a:buChar char="○"/><a:defRPr sz="1200"/></a:lvl2pPr><a:lvl3pPr marL="1371600" lvl="2" indent="-304800" rtl="0"><a:spcBef><a:spcPts val="1600"/></a:spcBef><a:spcAft><a:spcPts val="0"/></a:spcAft><a:buSzPts val="1200"/><a:buChar char="■"/><a:defRPr sz="1200"/></a:lvl3pPr><a:lvl4pPr marL="1828800" lvl="3" indent="-304800" rtl="0"><a:spcBef><a:spcPts val="1600"/></a:spcBef><a:spcAft><a:spcPts val="0"/></a:spcAft><a:buSzPts val="1200"/><a:buChar char="●"/><a:defRPr sz="1200"/></a:lvl4pPr><a:lvl5pPr marL="2286000" lvl="4" indent="-304800" rtl="0"><a:spcBef><a:spcPts val="1600"/></a:spcBef><a:spcAft><a:spcPts val="0"/></a:spcAft><a:buSzPts val="1200"/><a:buChar char="○"/><a:defRPr sz="1200"/></a:lvl5pPr><a:lvl6pPr marL="2743200" lvl="5" indent="-304800" rtl="0"><a:spcBef><a:spcPts val="1600"/></a:spcBef><a:spcAft><a:spcPts val="0"/></a:spcAft><a:buSzPts val="1200"/><a:buChar char="■"/><a:defRPr sz="1200"/></a:lvl6pPr><a:lvl7pPr marL="3200400" lvl="6" indent="-304800" rtl="0"><a:spcBef><a:spcPts val="1600"/></a:spcBef><a:spcAft><a:spcPts val="0"/></a:spcAft><a:buSzPts val="1200"/><a:buChar char="●"/><a:defRPr sz="1200"/></a:lvl7pPr><a:lvl8pPr marL="3657600" lvl="7" indent="-304800" rtl="0"><a:spcBef><a:spcPts val="1600"/></a:spcBef><a:spcAft><a:spcPts val="0"/></a:spcAft><a:buSzPts val="1200"/><a:buChar char="○"/><a:defRPr sz="1200"/></a:lvl8pPr><a:lvl9pPr marL="4114800" lvl="8" indent="-304800" rtl="0"><a:spcBef><a:spcPts val="1600"/></a:spcBef><a:spcAft><a:spcPts val="1600"/></a:spcAft><a:buSzPts val="1200"/><a:buChar char="■"/><a:defRPr sz="1200"/></a:lvl9pPr></a:lstStyle><a:p><a:endParaRPr/></a:p></p:txBody></p:sp></p:spTree></p:cSld><p:clrMapOvr><a:masterClrMapping/></p:clrMapOvr></p:sldLayout>