<?xml version="1.0" encoding="UTF-8" standalone="yes"?>
<p:sldLayout xmlns:a="http://schemas.openxmlformats.org/drawingml/2006/main" xmlns:r="http://schemas.openxmlformats.org/officeDocument/2006/relationships" xmlns:p="http://schemas.openxmlformats.org/presentationml/2006/main" matchingName="Quote"><p:cSld name="CUSTOM_8"><p:bg><p:bgPr><a:solidFill><a:schemeClr val="accent3"/></a:solidFill><a:effectLst/></p:bgPr></p:bg><p:spTree><p:nvGrpSpPr><p:cNvPr id="1" name="Shape 140"/><p:cNvGrpSpPr/><p:nvPr/></p:nvGrpSpPr><p:grpSpPr><a:xfrm><a:off x="0" y="0"/><a:ext cx="0" cy="0"/><a:chOff x="0" y="0"/><a:chExt cx="0" cy="0"/></a:xfrm></p:grpSpPr><p:sp><p:nvSpPr><p:cNvPr id="141" name="Google Shape;141;p21"/><p:cNvSpPr txBox="1"><a:spLocks noGrp="1"/></p:cNvSpPr><p:nvPr><p:ph type="title"/></p:nvPr></p:nvSpPr><p:spPr><a:xfrm><a:off x="5295075" y="3064513"/><a:ext cx="1883100" cy="465300"/></a:xfrm><a:prstGeom prst="rect"><a:avLst/></a:prstGeom></p:spPr><p:txBody><a:bodyPr spcFirstLastPara="1" wrap="square" lIns="91425" tIns="91425" rIns="91425" bIns="91425" anchor="t" anchorCtr="0"><a:noAutofit/></a:bodyPr><a:lstStyle><a:lvl1pPr lvl="0" algn="r" rtl="0"><a:spcBef><a:spcPts val="0"/></a:spcBef><a:spcAft><a:spcPts val="0"/></a:spcAft><a:buNone/><a:defRPr sz="2500" b="0"/></a:lvl1pPr><a:lvl2pPr lvl="1" algn="r" rtl="0"><a:spcBef><a:spcPts val="0"/></a:spcBef><a:spcAft><a:spcPts val="0"/></a:spcAft><a:buNone/><a:defRPr sz="2500" b="0"/></a:lvl2pPr><a:lvl3pPr lvl="2" algn="r" rtl="0"><a:spcBef><a:spcPts val="0"/></a:spcBef><a:spcAft><a:spcPts val="0"/></a:spcAft><a:buNone/><a:defRPr sz="2500" b="0"/></a:lvl3pPr><a:lvl4pPr lvl="3" algn="r" rtl="0"><a:spcBef><a:spcPts val="0"/></a:spcBef><a:spcAft><a:spcPts val="0"/></a:spcAft><a:buNone/><a:defRPr sz="2500" b="0"/></a:lvl4pPr><a:lvl5pPr lvl="4" algn="r" rtl="0"><a:spcBef><a:spcPts val="0"/></a:spcBef><a:spcAft><a:spcPts val="0"/></a:spcAft><a:buNone/><a:defRPr sz="2500" b="0"/></a:lvl5pPr><a:lvl6pPr lvl="5" algn="r" rtl="0"><a:spcBef><a:spcPts val="0"/></a:spcBef><a:spcAft><a:spcPts val="0"/></a:spcAft><a:buNone/><a:defRPr sz="2500" b="0"/></a:lvl6pPr><a:lvl7pPr lvl="6" algn="r" rtl="0"><a:spcBef><a:spcPts val="0"/></a:spcBef><a:spcAft><a:spcPts val="0"/></a:spcAft><a:buNone/><a:defRPr sz="2500" b="0"/></a:lvl7pPr><a:lvl8pPr lvl="7" algn="r" rtl="0"><a:spcBef><a:spcPts val="0"/></a:spcBef><a:spcAft><a:spcPts val="0"/></a:spcAft><a:buNone/><a:defRPr sz="2500" b="0"/></a:lvl8pPr><a:lvl9pPr lvl="8" algn="r" rtl="0"><a:spcBef><a:spcPts val="0"/></a:spcBef><a:spcAft><a:spcPts val="0"/></a:spcAft><a:buNone/><a:defRPr sz="2500" b="0"/></a:lvl9pPr></a:lstStyle><a:p><a:endParaRPr/></a:p></p:txBody></p:sp><p:sp><p:nvSpPr><p:cNvPr id="142" name="Google Shape;142;p21"/><p:cNvSpPr txBox="1"><a:spLocks noGrp="1"/></p:cNvSpPr><p:nvPr><p:ph type="subTitle" idx="1"/></p:nvPr></p:nvSpPr><p:spPr><a:xfrm><a:off x="1687200" y="1673938"/><a:ext cx="5769600" cy="1357800"/></a:xfrm><a:prstGeom prst="rect"><a:avLst/></a:prstGeom></p:spPr><p:txBody><a:bodyPr spcFirstLastPara="1" wrap="square" lIns="91425" tIns="91425" rIns="91425" bIns="91425" anchor="t" anchorCtr="0"><a:noAutofit/></a:bodyPr><a:lstStyle><a:lvl1pPr lvl="0" algn="ctr" rtl="0"><a:lnSpc><a:spcPct val="100000"/></a:lnSpc><a:spcBef><a:spcPts val="0"/></a:spcBef><a:spcAft><a:spcPts val="0"/></a:spcAft><a:buSzPts val="1400"/><a:buNone/><a:defRPr sz="2500"/></a:lvl1pPr><a:lvl2pPr lvl="1" rtl="0"><a:lnSpc><a:spcPct val="100000"/></a:lnSpc><a:spcBef><a:spcPts val="0"/></a:spcBef><a:spcAft><a:spcPts val="0"/></a:spcAft><a:buSzPts val="1400"/><a:buNone/><a:defRPr/></a:lvl2pPr><a:lvl3pPr lvl="2" rtl="0"><a:lnSpc><a:spcPct val="100000"/></a:lnSpc><a:spcBef><a:spcPts val="0"/></a:spcBef><a:spcAft><a:spcPts val="0"/></a:spcAft><a:buSzPts val="1400"/><a:buNone/><a:defRPr/></a:lvl3pPr><a:lvl4pPr lvl="3" rtl="0"><a:lnSpc><a:spcPct val="100000"/></a:lnSpc><a:spcBef><a:spcPts val="0"/></a:spcBef><a:spcAft><a:spcPts val="0"/></a:spcAft><a:buSzPts val="1400"/><a:buNone/><a:defRPr/></a:lvl4pPr><a:lvl5pPr lvl="4" rtl="0"><a:lnSpc><a:spcPct val="100000"/></a:lnSpc><a:spcBef><a:spcPts val="0"/></a:spcBef><a:spcAft><a:spcPts val="0"/></a:spcAft><a:buSzPts val="1400"/><a:buNone/><a:defRPr/></a:lvl5pPr><a:lvl6pPr lvl="5" rtl="0"><a:lnSpc><a:spcPct val="100000"/></a:lnSpc><a:spcBef><a:spcPts val="0"/></a:spcBef><a:spcAft><a:spcPts val="0"/></a:spcAft><a:buSzPts val="1400"/><a:buNone/><a:defRPr/></a:lvl6pPr><a:lvl7pPr lvl="6" rtl="0"><a:lnSpc><a:spcPct val="100000"/></a:lnSpc><a:spcBef><a:spcPts val="0"/></a:spcBef><a:spcAft><a:spcPts val="0"/></a:spcAft><a:buSzPts val="1400"/><a:buNone/><a:defRPr/></a:lvl7pPr><a:lvl8pPr lvl="7" rtl="0"><a:lnSpc><a:spcPct val="100000"/></a:lnSpc><a:spcBef><a:spcPts val="0"/></a:spcBef><a:spcAft><a:spcPts val="0"/></a:spcAft><a:buSzPts val="1400"/><a:buNone/><a:defRPr/></a:lvl8pPr><a:lvl9pPr lvl="8" rtl="0"><a:lnSpc><a:spcPct val="100000"/></a:lnSpc><a:spcBef><a:spcPts val="0"/></a:spcBef><a:spcAft><a:spcPts val="0"/></a:spcAft><a:buSzPts val="1400"/><a:buNone/><a:defRPr/></a:lvl9pPr></a:lstStyle><a:p><a:endParaRPr/></a:p></p:txBody></p:sp><p:sp><p:nvSpPr><p:cNvPr id="143" name="Google Shape;143;p21"/><p:cNvSpPr/><p:nvPr/></p:nvSpPr><p:spPr><a:xfrm flipH="1"><a:off x="-688575" y="-1074575"/><a:ext cx="10589125" cy="8051618"/></a:xfrm><a:custGeom><a:avLst/><a:gdLst/><a:ahLst/><a:cxnLst/><a:rect l="l" t="t" r="r" b="b"/><a:pathLst><a:path w="397527" h="242245" extrusionOk="0"><a:moveTo><a:pt x="8763" y="70798"/></a:moveTo><a:cubicBezTo><a:pt x="7357" y="63770"/><a:pt x="12336" y="53143"/><a:pt x="19431" y="52129"/></a:cubicBezTo><a:cubicBezTo><a:pt x="30083" y="50607"/><a:pt x="52780" y="59286"/><a:pt x="47244" y="68512"/></a:cubicBezTo><a:cubicBezTo><a:pt x="45806" y="70908"/><a:pt x="41558" y="69247"/><a:pt x="38862" y="68512"/></a:cubicBezTo><a:cubicBezTo><a:pt x="26486" y="65137"/><a:pt x="28981" y="37728"/><a:pt x="39243" y="30031"/></a:cubicBezTo><a:cubicBezTo><a:pt x="43815" y="26602"/><a:pt x="51392" y="27256"/><a:pt x="56388" y="30031"/></a:cubicBezTo><a:cubicBezTo><a:pt x="61434" y="32834"/><a:pt x="64773" y="38110"/><a:pt x="69723" y="41080"/></a:cubicBezTo><a:cubicBezTo><a:pt x="80304" y="47429"/><a:pt x="94199" y="49215"/><a:pt x="106299" y="46795"/></a:cubicBezTo><a:cubicBezTo><a:pt x="113177" y="45419"/><a:pt x="119998" y="41357"/><a:pt x="124206" y="35746"/></a:cubicBezTo><a:cubicBezTo><a:pt x="129710" y="28407"/><a:pt x="128989" y="17558"/><a:pt x="134493" y="10219"/></a:cubicBezTo><a:cubicBezTo><a:pt x="141098" y="1412"/><a:pt x="155285" y="-1275"/><a:pt x="166116" y="694"/></a:cubicBezTo><a:cubicBezTo><a:pt x="174177" y="2160"/><a:pt x="183564" y="2902"/><a:pt x="189357" y="8695"/></a:cubicBezTo><a:cubicBezTo><a:pt x="198399" y="17737"/><a:pt x="200230" y="33541"/><a:pt x="211074" y="40318"/></a:cubicBezTo><a:cubicBezTo><a:pt x="220370" y="46128"/><a:pt x="232497" y="46033"/><a:pt x="243459" y="46033"/></a:cubicBezTo><a:cubicBezTo><a:pt x="251876" y="46033"/><a:pt x="261388" y="48077"/><a:pt x="268605" y="43747"/></a:cubicBezTo><a:cubicBezTo><a:pt x="275950" y="39340"/><a:pt x="282590" y="23733"/><a:pt x="275463" y="18982"/></a:cubicBezTo><a:cubicBezTo><a:pt x="271691" y="16468"/><a:pt x="266633" y="16816"/><a:pt x="262128" y="16315"/></a:cubicBezTo><a:cubicBezTo><a:pt x="256288" y="15666"/><a:pt x="249303" y="14694"/><a:pt x="244602" y="18220"/></a:cubicBezTo><a:cubicBezTo><a:pt x="242447" y="19836"/><a:pt x="243016" y="23564"/><a:pt x="243459" y="26221"/></a:cubicBezTo><a:cubicBezTo><a:pt x="244774" y="34113"/><a:pt x="261146" y="31133"/><a:pt x="267462" y="26221"/></a:cubicBezTo><a:cubicBezTo><a:pt x="275055" y="20315"/><a:pt x="281287" y="12799"/><a:pt x="288798" y="6790"/></a:cubicBezTo><a:cubicBezTo><a:pt x="294950" y="1869"/><a:pt x="304730" y="4319"/><a:pt x="312420" y="6028"/></a:cubicBezTo><a:cubicBezTo><a:pt x="330384" y="10020"/><a:pt x="346482" y="20236"/><a:pt x="364236" y="25078"/></a:cubicBezTo><a:cubicBezTo><a:pt x="374762" y="27949"/><a:pt x="398034" y="28982"/><a:pt x="396240" y="18220"/></a:cubicBezTo><a:cubicBezTo><a:pt x="395956" y="16516"/><a:pt x="392176" y="15215"/><a:pt x="391287" y="16696"/></a:cubicBezTo><a:cubicBezTo><a:pt x="389050" y="20424"/><a:pt x="389453" y="25313"/><a:pt x="389763" y="29650"/></a:cubicBezTo><a:cubicBezTo><a:pt x="390637" y="41891"/><a:pt x="403537" y="58560"/><a:pt x="393954" y="66226"/></a:cubicBezTo><a:cubicBezTo><a:pt x="385055" y="73346"/><a:pt x="372020" y="59883"/><a:pt x="360807" y="57844"/></a:cubicBezTo><a:cubicBezTo><a:pt x="351897" y="56224"/><a:pt x="341394" y="58808"/><a:pt x="334518" y="64702"/></a:cubicBezTo><a:cubicBezTo><a:pt x="330507" y="68140"/><a:pt x="331196" y="75081"/><a:pt x="331851" y="80323"/></a:cubicBezTo><a:cubicBezTo><a:pt x="332445" y="85078"/><a:pt x="336477" y="88773"/><a:pt x="339471" y="92515"/></a:cubicBezTo><a:cubicBezTo><a:pt x="351008" y="106936"/><a:pt x="369766" y="123255"/><a:pt x="365760" y="141283"/></a:cubicBezTo><a:cubicBezTo><a:pt x="365069" y="144392"/><a:pt x="360019" y="146100"/><a:pt x="356997" y="145093"/></a:cubicBezTo><a:cubicBezTo><a:pt x="354490" y="144257"/><a:pt x="350839" y="140730"/><a:pt x="352425" y="138616"/></a:cubicBezTo><a:cubicBezTo><a:pt x="356952" y="132580"/><a:pt x="369113" y="147529"/><a:pt x="368046" y="154999"/></a:cubicBezTo><a:cubicBezTo><a:pt x="366749" y="164076"/><a:pt x="354376" y="167770"/><a:pt x="345948" y="171382"/></a:cubicBezTo><a:cubicBezTo><a:pt x="339770" y="174030"/><a:pt x="337494" y="183381"/><a:pt x="338328" y="190051"/></a:cubicBezTo><a:cubicBezTo><a:pt x="339605" y="200266"/><a:pt x="348240" y="210135"/><a:pt x="357759" y="214054"/></a:cubicBezTo><a:cubicBezTo><a:pt x="363517" y="216425"/><a:pt x="370265" y="215551"/><a:pt x="376047" y="217864"/></a:cubicBezTo><a:cubicBezTo><a:pt x="380759" y="219749"/><a:pt x="385653" y="226003"/><a:pt x="384048" y="230818"/></a:cubicBezTo><a:cubicBezTo><a:pt x="381758" y="237687"/><a:pt x="371065" y="238164"/><a:pt x="363855" y="238819"/></a:cubicBezTo><a:cubicBezTo><a:pt x="349816" y="240095"/><a:pt x="333804" y="245813"/><a:pt x="321564" y="238819"/></a:cubicBezTo><a:cubicBezTo><a:pt x="306766" y="230363"/><a:pt x="302755" y="210104"/><a:pt x="290703" y="198052"/></a:cubicBezTo><a:cubicBezTo><a:pt x="282939" y="190288"/><a:pt x="272376" y="185610"/><a:pt x="262128" y="181669"/></a:cubicBezTo><a:cubicBezTo><a:pt x="250674" y="177264"/><a:pt x="236724" y="172400"/><a:pt x="225552" y="177478"/></a:cubicBezTo><a:cubicBezTo><a:pt x="217986" y="180917"/><a:pt x="208756" y="188682"/><a:pt x="209931" y="196909"/></a:cubicBezTo><a:cubicBezTo><a:pt x="210967" y="204163"/><a:pt x="224562" y="211615"/><a:pt x="229743" y="206434"/></a:cubicBezTo><a:cubicBezTo><a:pt x="237848" y="198329"/><a:pt x="231849" y="180905"/><a:pt x="224028" y="172525"/></a:cubicBezTo><a:cubicBezTo><a:pt x="215266" y="163137"/><a:pt x="202883" y="155655"/><a:pt x="190119" y="154237"/></a:cubicBezTo><a:cubicBezTo><a:pt x="179646" y="153073"/><a:pt x="168183" y="164478"/><a:pt x="166116" y="174811"/></a:cubicBezTo><a:cubicBezTo><a:pt x="164265" y="184068"/><a:pt x="170553" y="196789"/><a:pt x="163449" y="203005"/></a:cubicBezTo><a:cubicBezTo><a:pt x="154096" y="211189"/><a:pt x="140415" y="212357"/><a:pt x="128778" y="216721"/></a:cubicBezTo><a:cubicBezTo><a:pt x="110379" y="223621"/><a:pt x="88746" y="228650"/><a:pt x="70104" y="222436"/></a:cubicBezTo><a:cubicBezTo><a:pt x="67357" y="221520"/><a:pt x="64411" y="218452"/><a:pt x="64770" y="215578"/></a:cubicBezTo><a:cubicBezTo><a:pt x="65968" y="205997"/><a:pt x="77216" y="200592"/><a:pt x="81534" y="191956"/></a:cubicBezTo><a:cubicBezTo><a:pt x="86143" y="182738"/><a:pt x="85620" y="169482"/><a:pt x="79629" y="161095"/></a:cubicBezTo><a:cubicBezTo><a:pt x="72614" y="151273"/><a:pt x="54294" y="149773"/><a:pt x="43815" y="155761"/></a:cubicBezTo><a:cubicBezTo><a:pt x="38445" y="158830"/><a:pt x="31654" y="172074"/><a:pt x="37719" y="173287"/></a:cubicBezTo><a:cubicBezTo><a:pt x="39449" y="173633"/><a:pt x="40880" y="171679"/><a:pt x="42291" y="170620"/></a:cubicBezTo><a:cubicBezTo><a:pt x="48655" y="165847"/><a:pt x="49149" y="155716"/><a:pt x="49149" y="147760"/></a:cubicBezTo><a:cubicBezTo><a:pt x="49149" y="138259"/><a:pt x="48701" y="128299"/><a:pt x="44958" y="119566"/></a:cubicBezTo><a:cubicBezTo><a:pt x="40525" y="109222"/><a:pt x="32445" y="99937"/><a:pt x="22860" y="94039"/></a:cubicBezTo><a:cubicBezTo><a:pt x="14748" y="89047"/><a:pt x="2310" y="86135"/><a:pt x="0" y="76894"/></a:cubicBezTo></a:path></a:pathLst></a:custGeom><a:noFill/><a:ln w="38100" cap="flat" cmpd="sng"><a:solidFill><a:schemeClr val="accent4"/></a:solidFill><a:prstDash val="dash"/><a:round/><a:headEnd type="none" w="med" len="med"/><a:tailEnd type="none" w="med" len="med"/></a:ln></p:spPr></p:sp><p:sp><p:nvSpPr><p:cNvPr id="144" name="Google Shape;144;p21"/><p:cNvSpPr/><p:nvPr/></p:nvSpPr><p:spPr><a:xfrm rot="5164503"><a:off x="736767" y="639227"/><a:ext cx="879405" cy="727673"/></a:xfrm><a:custGeom><a:avLst/><a:gdLst/><a:ahLst/><a:cxnLst/><a:rect l="l" t="t" r="r" b="b"/><a:pathLst><a:path w="40130" h="33206" extrusionOk="0"><a:moveTo><a:pt x="29100" y="0"/></a:moveTo><a:cubicBezTo><a:pt x="28453" y="0"/><a:pt x="28223" y="996"/><a:pt x="28788" y="1382"/></a:cubicBezTo><a:cubicBezTo><a:pt x="29855" y="2149"/><a:pt x="31023" y="2783"/><a:pt x="32224" y="3350"/></a:cubicBezTo><a:cubicBezTo><a:pt x="28821" y="3717"/><a:pt x="25285" y="4784"/><a:pt x="22283" y="5952"/></a:cubicBezTo><a:cubicBezTo><a:pt x="18247" y="7520"/><a:pt x="14411" y="9721"/><a:pt x="11075" y="12490"/></a:cubicBezTo><a:cubicBezTo><a:pt x="5571" y="17093"/><a:pt x="1" y="25366"/><a:pt x="1068" y="32905"/></a:cubicBezTo><a:cubicBezTo><a:pt x="1100" y="33112"/><a:pt x="1262" y="33205"/><a:pt x="1437" y="33205"/></a:cubicBezTo><a:cubicBezTo><a:pt x="1627" y="33205"/><a:pt x="1833" y="33096"/><a:pt x="1902" y="32905"/></a:cubicBezTo><a:cubicBezTo><a:pt x="2970" y="29235"/><a:pt x="3670" y="25799"/><a:pt x="5705" y="22464"/></a:cubicBezTo><a:cubicBezTo><a:pt x="7706" y="19228"/><a:pt x="10375" y="16259"/><a:pt x="13444" y="13958"/></a:cubicBezTo><a:cubicBezTo><a:pt x="16646" y="11556"/><a:pt x="20315" y="9921"/><a:pt x="24185" y="8754"/></a:cubicBezTo><a:cubicBezTo><a:pt x="27387" y="7787"/><a:pt x="30656" y="7453"/><a:pt x="33892" y="6919"/></a:cubicBezTo><a:lnTo><a:pt x="33892" y="6919"/></a:lnTo><a:cubicBezTo><a:pt x="32324" y="8687"/><a:pt x="31056" y="10722"/><a:pt x="30489" y="12823"/></a:cubicBezTo><a:cubicBezTo><a:pt x="30270" y="13634"/><a:pt x="30929" y="14215"/><a:pt x="31597" y="14215"/></a:cubicBezTo><a:cubicBezTo><a:pt x="31945" y="14215"/><a:pt x="32295" y="14057"/><a:pt x="32524" y="13691"/></a:cubicBezTo><a:cubicBezTo><a:pt x="33558" y="12056"/><a:pt x="34325" y="10355"/><a:pt x="35559" y="8854"/></a:cubicBezTo><a:cubicBezTo><a:pt x="36694" y="7453"/><a:pt x="38028" y="6319"/><a:pt x="39429" y="5185"/></a:cubicBezTo><a:cubicBezTo><a:pt x="40129" y="4618"/><a:pt x="39729" y="3417"/><a:pt x="38929" y="3250"/></a:cubicBezTo><a:cubicBezTo><a:pt x="35593" y="2483"/><a:pt x="32524" y="1182"/><a:pt x="29355" y="48"/></a:cubicBezTo><a:cubicBezTo><a:pt x="29264" y="15"/><a:pt x="29179" y="0"/><a:pt x="29100" y="0"/></a:cubicBezTo><a:close/></a:path></a:pathLst></a:custGeom><a:solidFill><a:schemeClr val="accent4"/></a:solidFill><a:ln><a:noFill/></a:ln></p:spPr><p:txBody><a:bodyPr spcFirstLastPara="1" wrap="square" lIns="91425" tIns="91425" rIns="91425" bIns="91425" anchor="ctr" anchorCtr="0"><a:noAutofit/></a:bodyPr><a:lstStyle/><a:p><a:pPr marL="0" lvl="0" indent="0" algn="l" rtl="0"><a:spcBef><a:spcPts val="0"/></a:spcBef><a:spcAft><a:spcPts val="0"/></a:spcAft><a:buNone/></a:pPr><a:endParaRPr/></a:p></p:txBody></p:sp><p:sp><p:nvSpPr><p:cNvPr id="145" name="Google Shape;145;p21"/><p:cNvSpPr/><p:nvPr/></p:nvSpPr><p:spPr><a:xfrm rot="-4696254"><a:off x="6610319" y="158045"/><a:ext cx="435234" cy="1161303"/></a:xfrm><a:custGeom><a:avLst/><a:gdLst/><a:ahLst/><a:cxnLst/><a:rect l="l" t="t" r="r" b="b"/><a:pathLst><a:path w="19860" h="52991" extrusionOk="0"><a:moveTo><a:pt x="18133" y="1"/></a:moveTo><a:cubicBezTo><a:pt x="18027" y="1"/><a:pt x="17921" y="13"/><a:pt x="17817" y="38"/></a:cubicBezTo><a:cubicBezTo><a:pt x="15281" y="672"/><a:pt x="12780" y="1306"/><a:pt x="10244" y="1973"/></a:cubicBezTo><a:cubicBezTo><a:pt x="8729" y="2335"/><a:pt x="8710" y="4909"/><a:pt x="10413" y="4909"/></a:cubicBezTo><a:cubicBezTo><a:pt x="10434" y="4909"/><a:pt x="10456" y="4909"/><a:pt x="10478" y="4908"/></a:cubicBezTo><a:cubicBezTo><a:pt x="11545" y="4875"/><a:pt x="12546" y="4775"/><a:pt x="13547" y="4541"/></a:cubicBezTo><a:lnTo><a:pt x="13547" y="4541"/></a:lnTo><a:cubicBezTo><a:pt x="4841" y="17050"/><a:pt x="71" y="33328"/><a:pt x="4007" y="48373"/></a:cubicBezTo><a:cubicBezTo><a:pt x="3340" y="47906"/><a:pt x="2672" y="47472"/><a:pt x="1972" y="47105"/></a:cubicBezTo><a:cubicBezTo><a:pt x="1768" y="46994"/><a:pt x="1567" y="46944"/><a:pt x="1380" y="46944"/></a:cubicBezTo><a:cubicBezTo><a:pt x="558" y="46944"/><a:pt x="0" y="47897"/><a:pt x="571" y="48739"/></a:cubicBezTo><a:cubicBezTo><a:pt x="1672" y="50274"/><a:pt x="3340" y="51508"/><a:pt x="4774" y="52709"/></a:cubicBezTo><a:cubicBezTo><a:pt x="5022" y="52906"/><a:pt x="5294" y="52991"/><a:pt x="5563" y="52991"/></a:cubicBezTo><a:cubicBezTo><a:pt x="6344" y="52991"/><a:pt x="7101" y="52277"/><a:pt x="7176" y="51508"/></a:cubicBezTo><a:cubicBezTo><a:pt x="7376" y="49673"/><a:pt x="8110" y="48106"/><a:pt x="9411" y="46805"/></a:cubicBezTo><a:cubicBezTo><a:pt x="10505" y="45684"/><a:pt x="9502" y="44034"/><a:pt x="8296" y="44034"/></a:cubicBezTo><a:cubicBezTo><a:pt x="7958" y="44034"/><a:pt x="7604" y="44163"/><a:pt x="7276" y="44470"/></a:cubicBezTo><a:cubicBezTo><a:pt x="6542" y="45170"/><a:pt x="5908" y="46004"/><a:pt x="5408" y="46871"/></a:cubicBezTo><a:cubicBezTo><a:pt x="4440" y="39600"/><a:pt x="4440" y="32361"/><a:pt x="6142" y="25089"/></a:cubicBezTo><a:cubicBezTo><a:pt x="7909" y="17617"/><a:pt x="11245" y="10179"/><a:pt x="16249" y="4241"/></a:cubicBezTo><a:lnTo><a:pt x="16249" y="4241"/></a:lnTo><a:cubicBezTo><a:pt x="16215" y="4808"/><a:pt x="16215" y="5408"/><a:pt x="16249" y="6009"/></a:cubicBezTo><a:cubicBezTo><a:pt x="16328" y="7198"/><a:pt x="17183" y="7769"/><a:pt x="18023" y="7769"/></a:cubicBezTo><a:cubicBezTo><a:pt x="18951" y="7769"/><a:pt x="19860" y="7072"/><a:pt x="19685" y="5742"/></a:cubicBezTo><a:cubicBezTo><a:pt x="19518" y="4374"/><a:pt x="19551" y="3073"/><a:pt x="19718" y="1706"/></a:cubicBezTo><a:cubicBezTo><a:pt x="19837" y="813"/><a:pt x="19001" y="1"/><a:pt x="18133" y="1"/></a:cubicBezTo><a:close/></a:path></a:pathLst></a:custGeom><a:solidFill><a:schemeClr val="accent4"/></a:solidFill><a:ln><a:noFill/></a:ln></p:spPr><p:txBody><a:bodyPr spcFirstLastPara="1" wrap="square" lIns="91425" tIns="91425" rIns="91425" bIns="91425" anchor="ctr" anchorCtr="0"><a:noAutofit/></a:bodyPr><a:lstStyle/><a:p><a:pPr marL="0" lvl="0" indent="0" algn="l" rtl="0"><a:spcBef><a:spcPts val="0"/></a:spcBef><a:spcAft><a:spcPts val="0"/></a:spcAft><a:buNone/></a:pPr><a:endParaRPr/></a:p></p:txBody></p:sp><p:sp><p:nvSpPr><p:cNvPr id="146" name="Google Shape;146;p21"/><p:cNvSpPr/><p:nvPr/></p:nvSpPr><p:spPr><a:xfrm rot="-9899998" flipH="1"><a:off x="5650707" y="4342725"/><a:ext cx="506673" cy="513379"/></a:xfrm><a:custGeom><a:avLst/><a:gdLst/><a:ahLst/><a:cxnLst/><a:rect l="l" t="t" r="r" b="b"/><a:pathLst><a:path w="23118" h="23424" extrusionOk="0"><a:moveTo><a:pt x="14929" y="0"/></a:moveTo><a:cubicBezTo><a:pt x="14297" y="0"/><a:pt x="13819" y="756"/><a:pt x="14345" y="1282"/></a:cubicBezTo><a:cubicBezTo><a:pt x="14845" y="1782"/><a:pt x="15446" y="2216"/><a:pt x="16079" y="2583"/></a:cubicBezTo><a:cubicBezTo><a:pt x="7907" y="6052"/><a:pt x="868" y="14158"/><a:pt x="35" y="22998"/></a:cubicBezTo><a:cubicBezTo><a:pt x="0" y="23291"/><a:pt x="188" y="23423"/><a:pt x="401" y="23423"/></a:cubicBezTo><a:cubicBezTo><a:pt x="600" y="23423"/><a:pt x="821" y="23307"/><a:pt x="902" y="23098"/></a:cubicBezTo><a:cubicBezTo><a:pt x="4304" y="14992"/><a:pt x="9541" y="8787"/><a:pt x="17547" y="5385"/></a:cubicBezTo><a:lnTo><a:pt x="17547" y="5385"/></a:lnTo><a:cubicBezTo><a:pt x="17213" y="6052"/><a:pt x="16947" y="6753"/><a:pt x="16780" y="7486"/></a:cubicBezTo><a:cubicBezTo><a:pt x="16539" y="8530"/><a:pt x="17408" y="9211"/><a:pt x="18227" y="9211"/></a:cubicBezTo><a:cubicBezTo><a:pt x="18769" y="9211"/><a:pt x="19289" y="8912"/><a:pt x="19448" y="8220"/></a:cubicBezTo><a:cubicBezTo><a:pt x="19815" y="6519"/><a:pt x="20716" y="5085"/><a:pt x="22150" y="4084"/></a:cubicBezTo><a:cubicBezTo><a:pt x="23051" y="3517"/><a:pt x="23118" y="1782"/><a:pt x="21850" y="1582"/></a:cubicBezTo><a:cubicBezTo><a:pt x="19548" y="1215"/><a:pt x="17347" y="415"/><a:pt x="15079" y="14"/></a:cubicBezTo><a:cubicBezTo><a:pt x="15028" y="5"/><a:pt x="14978" y="0"/><a:pt x="14929" y="0"/></a:cubicBezTo><a:close/></a:path></a:pathLst></a:custGeom><a:solidFill><a:schemeClr val="accent4"/></a:solidFill><a:ln><a:noFill/></a:ln></p:spPr><p:txBody><a:bodyPr spcFirstLastPara="1" wrap="square" lIns="91425" tIns="91425" rIns="91425" bIns="91425" anchor="ctr" anchorCtr="0"><a:noAutofit/></a:bodyPr><a:lstStyle/><a:p><a:pPr marL="0" lvl="0" indent="0" algn="l" rtl="0"><a:spcBef><a:spcPts val="0"/></a:spcBef><a:spcAft><a:spcPts val="0"/></a:spcAft><a:buNone/></a:pPr><a:endParaRPr/></a:p></p:txBody></p:sp></p:spTree></p:cSld><p:clrMapOvr><a:masterClrMapping/></p:clrMapOvr></p:sldLayout>