<?xml version="1.0" encoding="UTF-8" standalone="yes"?>
<Properties xmlns="http://schemas.openxmlformats.org/officeDocument/2006/extended-properties" xmlns:vt="http://schemas.openxmlformats.org/officeDocument/2006/docPropsVTypes"><TotalTime>1079</TotalTime><Words>552</Words><Application>Microsoft Office PowerPoint</Application><PresentationFormat>On-screen Show (16:9)</PresentationFormat><Paragraphs>85</Paragraphs><Slides>15</Slides><Notes>13</Notes><HiddenSlides>0</HiddenSlides><MMClips>0</MMClips><ScaleCrop>false</ScaleCrop><HeadingPairs><vt:vector size="6" baseType="variant"><vt:variant><vt:lpstr>Fonts Used</vt:lpstr></vt:variant><vt:variant><vt:i4>10</vt:i4></vt:variant><vt:variant><vt:lpstr>Theme</vt:lpstr></vt:variant><vt:variant><vt:i4>1</vt:i4></vt:variant><vt:variant><vt:lpstr>Slide Titles</vt:lpstr></vt:variant><vt:variant><vt:i4>15</vt:i4></vt:variant></vt:vector></HeadingPairs><TitlesOfParts><vt:vector size="26" baseType="lpstr"><vt:lpstr>Muli</vt:lpstr><vt:lpstr>Montserrat</vt:lpstr><vt:lpstr>Wingdings</vt:lpstr><vt:lpstr>Nunito Sans</vt:lpstr><vt:lpstr>Arial</vt:lpstr><vt:lpstr>Just Another Hand</vt:lpstr><vt:lpstr>Open Sans ExtraBold</vt:lpstr><vt:lpstr>Lato</vt:lpstr><vt:lpstr>Gloria Hallelujah</vt:lpstr><vt:lpstr>Times New Roman</vt:lpstr><vt:lpstr>Planning my Trip By Slidesgo</vt:lpstr><vt:lpstr>TechNova</vt:lpstr><vt:lpstr>OUR TEAM</vt:lpstr><vt:lpstr>PROBLEM </vt:lpstr><vt:lpstr>SOLUTION</vt:lpstr><vt:lpstr>INTRODUCTION TO FLUTTER AND DART   </vt:lpstr><vt:lpstr>x</vt:lpstr><vt:lpstr>FLUTTER VS DART </vt:lpstr><vt:lpstr>USE OF API</vt:lpstr><vt:lpstr>ABOUT APP</vt:lpstr><vt:lpstr>EaseTrip</vt:lpstr><vt:lpstr>FACILITIES WE PROVIDE </vt:lpstr><vt:lpstr>PowerPoint Presentation</vt:lpstr><vt:lpstr>HARDWARE AND SOFTWARE REQUIREMENT</vt:lpstr><vt:lpstr>PowerPoint Presentation</vt:lpstr><vt:lpstr>THANK YOU</vt:lpstr></vt:vector></TitlesOfParts><LinksUpToDate>false</LinksUpToDate><SharedDoc>false</SharedDoc><HyperlinksChanged>false</HyperlinksChanged><AppVersion>16.0000</AppVersion></Properties>