<?xml version="1.0" encoding="UTF-8" standalone="yes"?>
<a:tblStyleLst xmlns:a="http://schemas.openxmlformats.org/drawingml/2006/main" def="{5081477D-8296-4588-AA8A-F20F7DE63E68}"><a:tblStyle styleId="{5081477D-8296-4588-AA8A-F20F7DE63E68}" styleName="Table_0"><a:wholeTbl><a:tcTxStyle><a:font><a:latin typeface="Arial"/><a:ea typeface="Arial"/><a:cs typeface="Arial"/></a:font><a:srgbClr val="000000"/></a:tcTxStyle><a:tcStyle><a:tcBdr><a:left><a:ln w="9525" cap="flat" cmpd="sng"><a:solidFill><a:srgbClr val="9E9E9E"/></a:solidFill><a:prstDash val="solid"/><a:round/><a:headEnd type="none" w="sm" len="sm"/><a:tailEnd type="none" w="sm" len="sm"/></a:ln></a:left><a:right><a:ln w="9525" cap="flat" cmpd="sng"><a:solidFill><a:srgbClr val="9E9E9E"/></a:solidFill><a:prstDash val="solid"/><a:round/><a:headEnd type="none" w="sm" len="sm"/><a:tailEnd type="none" w="sm" len="sm"/></a:ln></a:right><a:top><a:ln w="9525" cap="flat" cmpd="sng"><a:solidFill><a:srgbClr val="9E9E9E"/></a:solidFill><a:prstDash val="solid"/><a:round/><a:headEnd type="none" w="sm" len="sm"/><a:tailEnd type="none" w="sm" len="sm"/></a:ln></a:top><a:bottom><a:ln w="9525" cap="flat" cmpd="sng"><a:solidFill><a:srgbClr val="9E9E9E"/></a:solidFill><a:prstDash val="solid"/><a:round/><a:headEnd type="none" w="sm" len="sm"/><a:tailEnd type="none" w="sm" len="sm"/></a:ln></a:bottom><a:insideH><a:ln w="9525" cap="flat" cmpd="sng"><a:solidFill><a:srgbClr val="9E9E9E"/></a:solidFill><a:prstDash val="solid"/><a:round/><a:headEnd type="none" w="sm" len="sm"/><a:tailEnd type="none" w="sm" len="sm"/></a:ln></a:insideH><a:insideV><a:ln w="9525" cap="flat" cmpd="sng"><a:solidFill><a:srgbClr val="9E9E9E"/></a:solidFill><a:prstDash val="solid"/><a:round/><a:headEnd type="none" w="sm" len="sm"/><a:tailEnd type="none" w="sm" len="sm"/></a:ln></a:insideV></a:tcBdr></a:tcStyle></a:wholeTbl><a:band1H><a:tcTxStyle/><a:tcStyle><a:tcBdr/></a:tcStyle></a:band1H><a:band2H><a:tcTxStyle/><a:tcStyle><a:tcBdr/></a:tcStyle></a:band2H><a:band1V><a:tcTxStyle/><a:tcStyle><a:tcBdr/></a:tcStyle></a:band1V><a:band2V><a:tcTxStyle/><a:tcStyle><a:tcBdr/></a:tcStyle></a:band2V><a:lastCol><a:tcTxStyle/><a:tcStyle><a:tcBdr/></a:tcStyle></a:lastCol><a:firstCol><a:tcTxStyle/><a:tcStyle><a:tcBdr/></a:tcStyle></a:firstCol><a:lastRow><a:tcTxStyle/><a:tcStyle><a:tcBdr/></a:tcStyle></a:lastRow><a:seCell><a:tcTxStyle/><a:tcStyle><a:tcBdr/></a:tcStyle></a:seCell><a:swCell><a:tcTxStyle/><a:tcStyle><a:tcBdr/></a:tcStyle></a:swCell><a:firstRow><a:tcTxStyle/><a:tcStyle><a:tcBdr/></a:tcStyle></a:firstRow><a:neCell><a:tcTxStyle/><a:tcStyle><a:tcBdr/></a:tcStyle></a:neCell><a:nwCell><a:tcTxStyle/><a:tcStyle><a:tcBdr/></a:tcStyle></a:nwCell></a:tblStyle></a:tblStyleLst>